num_acc,mois,jour,lum,agg,int,atm,col,com,dep,hr,mn,catv,choc,manv,num_veh,place,catu,grav,sexe,trajet,an_nais,annee,catr,circ,nbv,prof,plan,lartpc,larrout,surf,situ
200500058316,9,30,1,1,1,1.0,7.0,172,340,0,0,7,4.0,4.0,A01,0,3,1,2,5.0,1962,2005,4,1.0,2,1.0,1.0,0,120,1.0,1.0
200800027217,5,25,5,2,1,1.0,2.0,112,750,0,0,7,5.0,23.0,B01,1,1,1,1,5.0,1980,2008,4,2.0,2,2.0,1.0,0,80,2.0,1.0
201100006573,3,8,1,1,1,1.0,7.0,161,820,0,0,7,1.0,1.0,A01,4,2,1,1,5.0,1993,2011,4,2.0,2,1.0,2.0,0,36,1.0,3.0
200700028181,5,13,1,2,1,1.0,4.0,63,330,0,0,7,4.0,1.0,B01,3,2,1,2,0.0,2002,2007,4,2.0,2,1.0,1.0,0,64,1.0,1.0
200900041369,4,7,1,1,1,1.0,2.0,55,130,0,0,33,1.0,1.0,B01,1,1,1,1,1.0,1976,2009,1,3.0,3,2.0,1.0,25,105,1.0,1.0
201700012457,10,16,1,2,1,1.0,3.0,629,270,0,0,13,2.0,2.0,B01,1,1,1,1,4.0,1985,2017,3,2.0,2,1.0,3.0,0,45,1.0,1.0
201700028264,12,6,5,2,1,1.0,6.0,109,440,0,0,7,1.0,16.0,A01,1,1,1,1,0.0,1960,2017,4,2.0,0,2.0,3.0,0,0,1.0,1.0
201500029749,11,21,1,2,6,1.0,6.0,540,590,0,0,7,0.0,6.0,A01,3,2,1,1,5.0,2000,2015,4,2.0,2,1.0,1.0,0,0,2.0,1.0
200600009012,2,2,1,2,1,1.0,2.0,102,640,0,0,5,4.0,23.0,B01,5,2,1,2,0.0,1983,2006,2,2.0,4,1.0,1.0,0,131,1.0,1.0
200900040117,9,18,1,2,1,1.0,2.0,113,630,0,0,7,1.0,2.0,A01,1,1,1,1,9.0,1955,2009,4,1.0,2,1.0,1.0,0,0,1.0,1.0
200900055293,12,10,2,2,1,8.0,6.0,527,250,0,0,7,2.0,1.0,A01,1,1,1,2,1.0,1971,2009,4,2.0,2,3.0,1.0,0,59,2.0,1.0
200800036426,7,13,1,1,1,1.0,1.0,293,720,0,0,33,9.0,17.0,A01,1,1,1,1,5.0,1963,2008,3,0.0,2,1.0,1.0,0,74,1.0,1.0
201800031714,4,12,1,2,1,1.0,6.0,447,670,0,0,7,2.0,1.0,A01,1,1,1,2,2.0,1991,2018,4,2.0,2,1.0,1.0,0,0,1.0,2.0
200900063901,4,24,1,2,1,1.0,3.0,59,930,0,0,7,2.0,19.0,A01,1,1,1,1,0.0,1981,2009,2,2.0,4,2.0,1.0,0,240,1.0,1.0
200600040310,7,18,1,2,2,1.0,3.0,4,750,0,0,7,2.0,1.0,A01,1,1,1,1,4.0,1967,2006,4,1.0,1,1.0,1.0,0,30,1.0,1.0
200700007575,2,9,1,2,1,1.0,4.0,155,60,0,0,7,4.0,1.0,C01,1,1,1,1,4.0,1965,2007,4,2.0,2,1.0,1.0,0,71,1.0,1.0
200500005364,1,17,5,2,1,8.0,2.0,21,800,0,0,7,4.0,23.0,B01,1,1,1,1,1.0,1952,2005,2,2.0,2,1.0,1.0,0,110,2.0,1.0
201300005923,5,14,1,1,1,1.0,2.0,1,30,0,0,7,1.0,2.0,A01,1,1,1,1,0.0,1970,2013,3,2.0,2,1.0,1.0,0,82,1.0,1.0
201600040990,2,23,5,2,1,1.0,6.0,51,930,0,0,37,5.0,1.0,A01,0,3,1,2,0.0,1976,2016,9,1.0,1,1.0,1.0,100,100,1.0,1.0
201900005408,11,22,1,2,1,1.0,3.0,76231,76,0,0,7,3.0,0.0,B01,1,1,1,2,0.0,1966,2019,4,2.0,2,1.0,1.0,0,0,1.0,1.0
201100031611,7,2,1,2,1,1.0,6.0,114,440,0,0,7,1.0,1.0,A01,1,1,1,2,5.0,1990,2011,4,2.0,2,2.0,1.0,0,71,1.0,1.0
200600008012,2,5,3,2,1,1.0,6.0,96,230,0,0,7,1.0,13.0,A01,1,1,1,1,5.0,1984,2006,4,1.0,0,1.0,1.0,0,0,1.0,1.0
200600041937,7,5,5,2,2,1.0,3.0,33,202,0,0,2,0.0,15.0,A01,1,1,1,1,5.0,1988,2006,4,1.0,1,1.0,1.0,0,50,1.0,1.0
201800039684,12,18,5,2,1,1.0,6.0,10,930,0,0,7,1.0,14.0,A01,2,2,1,1,0.0,2002,2018,4,2.0,2,1.0,1.0,0,0,1.0,1.0
200700025388,5,19,1,1,1,1.0,6.0,232,220,0,0,7,1.0,1.0,A01,1,1,1,2,5.0,1976,2007,3,2.0,2,1.0,3.0,0,0,1.0,1.0
200800064659,11,2,5,2,1,2.0,3.0,353,490,0,0,2,1.0,1.0,B01,1,1,1,1,0.0,1991,2008,4,2.0,0,1.0,1.0,0,60,2.0,1.0
201000029366,7,28,1,2,2,1.0,3.0,63,330,0,0,7,2.0,1.0,B01,1,1,1,1,5.0,1972,2010,4,1.0,1,1.0,1.0,0,0,1.0,1.0
201400038743,2,25,5,2,1,1.0,6.0,64,910,0,0,7,1.0,14.0,A01,4,2,1,1,5.0,1995,2014,3,3.0,2,4.0,4.0,0,0,2.0,4.0
201100054097,11,15,4,1,1,1.0,2.0,66,930,0,0,33,1.0,2.0,B01,1,1,1,1,5.0,1990,2011,1,3.0,5,1.0,1.0,15,175,1.0,1.0
200600048669,8,21,1,2,2,2.0,3.0,512,590,0,0,7,3.0,1.0,B01,1,1,1,1,5.0,1971,2006,4,3.0,4,1.0,1.0,22,60,2.0,1.0
201400049260,10,8,1,1,1,1.0,2.0,120,202,0,0,7,4.0,1.0,B01,2,2,1,1,9.0,1980,2014,2,3.0,4,1.0,1.0,0,140,1.0,1.0
200500004113,1,13,1,2,1,1.0,6.0,606,590,0,0,7,1.0,1.0,A01,0,3,1,2,2.0,1961,2005,4,2.0,2,1.0,1.0,0,100,1.0,1.0
201800005808,9,29,1,2,1,1.0,2.0,88,60,0,0,7,1.0,2.0,A01,1,1,1,1,5.0,1985,2018,4,3.0,4,1.0,2.0,0,0,1.0,3.0
201100015624,2,15,1,2,1,2.0,6.0,88,60,0,0,10,4.0,20.0,A01,0,3,1,2,1.0,1949,2011,4,1.0,2,1.0,1.0,0,0,2.0,1.0
201000069010,5,10,1,2,1,1.0,6.0,11,974,0,0,7,1.0,1.0,A01,1,1,1,1,5.0,1949,2010,4,2.0,2,1.0,1.0,0,60,1.0,0.0
201800031792,6,24,1,2,1,1.0,6.0,447,670,0,0,7,1.0,2.0,A01,1,1,1,1,5.0,1995,2018,4,2.0,2,1.0,1.0,0,0,1.0,2.0
201500024613,11,6,2,2,1,1.0,4.0,172,340,0,0,7,4.0,2.0,B01,1,1,1,1,5.0,1987,2015,4,1.0,1,1.0,1.0,0,30,1.0,1.0
200500055812,9,24,1,2,1,1.0,5.0,32,770,0,0,7,2.0,1.0,C03,1,1,1,1,5.0,1932,2005,3,2.0,2,1.0,1.0,0,0,1.0,1.0
201200060169,8,17,1,2,1,1.0,4.0,116,750,0,0,7,1.0,2.0,A01,1,1,1,1,5.0,1976,2012,4,1.0,4,1.0,1.0,15,140,1.0,0.0
201500031973,7,18,1,2,1,1.0,6.0,136,660,0,0,7,1.0,1.0,A01,1,1,1,1,5.0,1973,2015,4,2.0,5,1.0,1.0,20,150,1.0,1.0
201500042795,1,2,1,2,1,8.0,6.0,38,940,0,0,7,1.0,0.0,A01,1,1,1,2,5.0,1957,2015,4,1.0,1,2.0,1.0,0,50,2.0,1.0
201400002004,4,26,1,1,2,1.0,3.0,1,530,0,0,7,8.0,19.0,B02,2,2,1,1,0.0,1930,2014,3,2.0,2,1.0,1.0,0,66,1.0,1.0
201800051714,5,2,1,2,3,1.0,5.0,111,750,13,45,7,8.0,15.0,A01,1,1,1,2,5.0,1963,2018,4,2.0,1,1.0,1.0,0,60,1.0,1.0
201600039345,9,30,5,2,1,2.0,7.0,72,920,0,0,34,0.0,1.0,A01,1,1,1,1,5.0,1955,2016,3,3.0,4,1.0,1.0,0,140,2.0,1.0
201000054257,6,28,1,2,2,1.0,3.0,18,950,0,0,7,8.0,15.0,B01,1,1,1,2,5.0,1948,2010,4,2.0,2,4.0,1.0,0,52,1.0,1.0
201600024774,9,18,1,1,1,1.0,4.0,172,340,0,0,7,4.0,2.0,C01,5,2,1,1,9.0,2003,2016,4,2.0,2,1.0,1.0,0,60,1.0,1.0
201600050230,4,9,1,1,1,1.0,4.0,72,690,0,0,7,1.0,2.0,A01,1,1,1,2,0.0,1937,2016,1,3.0,4,1.0,1.0,10,35,1.0,1.0
200600033373,6,19,1,2,2,1.0,3.0,189,300,0,0,7,3.0,1.0,B01,1,1,1,1,9.0,1949,2006,4,2.0,2,1.0,1.0,0,80,1.0,1.0
201100042132,5,4,1,2,1,1.0,2.0,624,780,0,0,7,1.0,2.0,A01,4,2,1,2,5.0,2007,2011,4,2.0,2,1.0,1.0,0,48,1.0,1.0
200700081242,12,16,5,2,1,1.0,6.0,112,750,0,0,7,1.0,1.0,A01,2,2,1,2,0.0,1979,2007,4,1.0,2,3.0,3.0,10,70,1.0,1.0
201900001684,8,17,1,2,1,2.0,2.0,93064,93,0,0,7,4.0,1.0,B01,1,1,1,1,5.0,1964,2019,3,2.0,3,2.0,1.0,0,0,2.0,1.0
201600056322,9,30,2,2,3,2.0,3.0,119,750,0,0,31,3.0,16.0,B01,1,1,1,1,1.0,1977,2016,4,0.0,0,1.0,0.0,0,0,2.0,1.0
201000041945,12,17,1,2,1,4.0,6.0,290,690,0,0,7,7.0,14.0,A01,1,1,1,2,1.0,1957,2010,4,2.0,2,2.0,1.0,0,100,7.0,1.0
200900043164,6,11,1,2,1,1.0,6.0,73,940,0,0,7,1.0,15.0,A01,0,3,1,2,2.0,2001,2009,4,2.0,1,1.0,1.0,0,0,1.0,1.0
201000027592,1,8,3,2,1,4.0,2.0,189,300,0,0,7,6.0,1.0,B01,1,1,1,1,0.0,1990,2010,2,3.0,2,1.0,1.0,0,60,5.0,1.0
201100031922,10,30,1,2,3,1.0,3.0,184,440,0,0,1,2.0,1.0,A01,1,1,1,1,5.0,1975,2011,4,2.0,2,1.0,1.0,0,0,1.0,1.0
200700022258,4,12,1,2,2,1.0,3.0,350,590,0,0,33,1.0,1.0,B01,1,1,1,1,5.0,1945,2007,4,3.0,2,1.0,1.0,30,105,1.0,1.0
201000034246,3,23,1,2,1,1.0,7.0,246,490,0,0,1,1.0,1.0,A01,0,3,1,1,0.0,1970,2010,3,2.0,2,1.0,1.0,0,70,1.0,1.0
200700026501,5,14,1,1,1,1.0,3.0,34,60,0,0,7,1.0,1.0,A01,1,1,1,2,4.0,1962,2007,3,4.0,3,1.0,1.0,0,103,0.0,0.0
201300002665,5,22,1,1,1,1.0,1.0,134,240,0,0,7,1.0,1.0,A01,1,1,1,2,1.0,1960,2013,4,2.0,2,1.0,3.0,0,46,1.0,1.0
200900044320,11,3,4,2,1,1.0,6.0,189,300,0,0,7,8.0,1.0,A01,0,3,1,1,5.0,1972,2009,4,3.0,4,1.0,1.0,0,0,1.0,1.0
201500013785,2,1,5,2,1,1.0,6.0,55,130,0,0,33,1.0,0.0,A01,1,1,1,1,9.0,1990,2015,4,3.0,0,2.0,1.0,0,0,1.0,0.0
200700073621,11,16,5,2,1,1.0,4.0,130,380,0,0,7,1.0,1.0,C03,1,1,1,2,5.0,1983,2007,3,2.0,2,1.0,1.0,0,0,1.0,1.0
201300045510,7,12,1,1,1,1.0,4.0,373,770,0,0,7,1.0,2.0,C01,1,1,1,2,0.0,1986,2013,2,3.0,6,1.0,1.0,0,0,1.0,0.0
200900060559,12,9,2,1,1,1.0,1.0,254,300,0,0,7,1.0,1.0,B02,1,1,1,2,1.0,1956,2009,3,2.0,0,1.0,3.0,0,45,1.0,1.0
200500011293,2,25,1,1,1,1.0,6.0,359,540,0,0,7,2.0,17.0,A01,3,2,1,1,0.0,1996,2005,3,2.0,2,1.0,1.0,0,75,1.0,1.0
201800006127,11,30,4,1,1,1.0,2.0,16,840,0,0,15,4.0,2.0,A01,1,1,1,1,4.0,1971,2018,1,3.0,3,1.0,1.0,0,0,1.0,2.0
201400045494,1,24,5,2,1,1.0,5.0,81,940,0,0,7,2.0,23.0,C01,1,1,1,2,9.0,1980,2014,3,3.0,3,1.0,1.0,0,0,1.0,1.0
201400027186,5,24,5,2,3,1.0,3.0,187,420,0,0,7,1.0,1.0,A01,1,1,1,2,5.0,1977,2014,4,2.0,2,1.0,1.0,0,128,1.0,1.0
200800013802,3,27,1,2,2,8.0,3.0,209,880,0,0,7,1.0,19.0,A01,2,2,1,2,0.0,1986,2008,3,2.0,2,1.0,1.0,0,0,2.0,1.0
200700068396,11,20,1,2,1,1.0,6.0,31,190,0,0,7,2.0,0.0,A01,1,1,1,1,0.0,1983,2007,4,2.0,0,1.0,1.0,0,0,1.0,1.0
200500049714,8,25,1,2,1,1.0,6.0,133,300,0,0,7,1.0,1.0,A01,0,3,1,2,5.0,1955,2005,9,2.0,2,1.0,1.0,0,0,1.0,1.0
201200006214,10,29,3,1,1,2.0,1.0,92,570,0,0,7,2.0,1.0,A01,1,1,1,1,5.0,1965,2012,3,2.0,3,0.0,2.0,0,106,2.0,1.0
201500051055,4,10,1,2,1,1.0,6.0,105,750,0,0,1,1.0,1.0,A01,1,1,1,1,2.0,1999,2015,4,0.0,0,2.0,1.0,0,0,1.0,4.0
201000018873,11,19,1,1,1,1.0,1.0,337,340,0,0,7,1.0,13.0,A01,1,1,1,1,1.0,1980,2010,3,2.0,2,1.0,2.0,0,0,1.0,1.0
201700020813,7,7,1,1,1,1.0,6.0,244,570,0,0,7,1.0,1.0,A01,1,1,1,2,5.0,1996,2017,3,2.0,2,1.0,3.0,0,0,1.0,1.0
201400014644,5,9,1,2,2,1.0,3.0,55,130,0,0,7,1.0,1.0,A01,1,1,1,1,9.0,1976,2014,4,1.0,0,1.0,1.0,0,0,1.0,1.0
200900022085,6,26,1,2,6,9.0,3.0,7,300,0,0,30,0.0,9.0,A01,1,1,1,1,0.0,1991,2009,4,0.0,0,0.0,0.0,0,0,1.0,1.0
200900011660,5,13,1,2,1,1.0,2.0,285,450,0,0,7,4.0,1.0,B01,1,1,1,1,0.0,1976,2009,2,2.0,2,1.0,1.0,0,62,1.0,1.0
200700080140,12,19,3,1,1,1.0,4.0,169,770,0,0,7,1.0,2.0,C01,1,1,1,2,1.0,1952,2007,1,1.0,4,1.0,1.0,15,140,1.0,2.0
201100022727,3,18,1,2,9,1.0,6.0,200,170,0,0,7,0.0,6.0,A01,1,1,1,2,1.0,1952,2011,4,2.0,2,1.0,1.0,0,0,1.0,1.0
201500056001,10,17,5,2,1,2.0,6.0,116,750,0,0,7,8.0,1.0,A01,1,1,1,2,5.0,1970,2015,4,1.0,1,1.0,1.0,0,98,2.0,1.0
201000014480,11,19,5,2,2,1.0,3.0,297,450,0,0,7,5.0,15.0,B02,1,1,1,2,3.0,1968,2010,3,2.0,2,1.0,1.0,0,69,1.0,1.0
201700034402,8,6,1,2,1,1.0,6.0,812,620,0,0,36,1.0,1.0,A01,1,1,1,2,5.0,1996,2017,3,2.0,2,1.0,2.0,0,60,1.0,3.0
200700072662,11,30,1,2,6,1.0,2.0,117,750,0,0,7,6.0,2.0,A01,4,2,1,2,0.0,1959,2007,4,0.0,2,1.0,0.0,0,0,2.0,1.0
201200019282,12,17,1,1,1,1.0,1.0,199,340,0,0,7,1.0,15.0,A01,1,1,1,2,5.0,1972,2012,3,2.0,0,1.0,1.0,0,64,1.0,1.0
201900002726,5,4,3,1,1,1.0,2.0,78043,78,0,0,7,4.0,1.0,B01,2,2,1,1,0.0,1997,2019,1,1.0,3,2.0,1.0,0,0,1.0,1.0
200600003526,1,21,5,2,2,1.0,3.0,26,920,0,0,7,7.0,2.0,B01,0,3,1,2,5.0,1963,2006,2,1.0,3,1.0,1.0,0,0,1.0,1.0
201800009757,9,21,1,2,1,1.0,6.0,55,130,0,0,7,1.0,2.0,A01,0,3,1,1,0.0,2007,2018,4,2.0,2,2.0,1.0,0,0,1.0,1.0
200600038909,7,4,1,2,4,1.0,3.0,218,420,0,0,7,2.0,15.0,A01,1,1,1,1,4.0,1961,2006,4,2.0,2,1.0,3.0,0,60,1.0,1.0
200600067011,11,22,1,2,1,8.0,2.0,119,330,0,0,37,7.0,1.0,B01,1,1,1,1,4.0,1972,2006,4,2.0,2,1.0,1.0,0,0,2.0,1.0
201800022486,4,13,5,1,1,1.0,6.0,7,300,0,0,7,1.0,6.0,A01,2,2,1,2,5.0,1998,2018,3,2.0,4,1.0,1.0,0,0,2.0,3.0
201800009873,10,8,2,2,1,2.0,3.0,55,130,0,0,2,0.0,1.0,B01,1,1,1,1,1.0,1982,2018,4,2.0,2,1.0,1.0,0,0,2.0,3.0
201700051643,11,22,1,1,1,1.0,2.0,351,540,0,0,7,1.0,2.0,A01,1,1,1,1,0.0,1969,2017,1,0.0,4,1.0,1.0,40,70,1.0,0.0
201800050224,2,17,1,2,1,1.0,7.0,101,750,17,35,33,0.0,1.0,A01,1,1,1,1,0.0,1966,2018,4,2.0,3,1.0,0.0,0,0,1.0,1.0
200900025472,8,23,1,2,2,1.0,2.0,231,210,0,0,33,1.0,17.0,A01,1,1,1,1,5.0,1967,2009,4,2.0,2,2.0,1.0,0,0,1.0,1.0
201100050963,1,7,1,2,1,2.0,2.0,38,940,0,0,7,1.0,2.0,A01,1,1,1,1,1.0,1986,2011,3,2.0,2,1.0,1.0,0,0,2.0,1.0
201600048121,5,9,5,1,1,1.0,2.0,33,202,0,0,7,1.0,1.0,B01,1,1,1,1,5.0,1992,2016,2,2.0,4,0.0,0.0,0,0,0.0,1.0
201000040096,2,11,1,2,1,1.0,6.0,286,650,0,0,7,8.0,15.0,A01,0,3,1,2,5.0,1940,2010,4,2.0,2,1.0,1.0,0,60,1.0,1.0
201400026630,10,3,1,2,3,1.0,3.0,233,370,0,0,7,6.0,15.0,A01,1,1,1,1,9.0,1969,2014,4,2.0,2,1.0,1.0,0,70,1.0,1.0
200500063126,10,7,1,2,3,1.0,1.0,434,170,0,0,7,8.0,15.0,A01,1,1,1,2,5.0,1951,2005,4,2.0,2,4.0,1.0,0,61,1.0,1.0
200600056639,9,14,1,2,1,1.0,3.0,261,800,0,0,1,1.0,21.0,A01,1,1,1,2,5.0,1957,2006,2,2.0,4,1.0,1.0,0,120,1.0,5.0
201400054904,7,29,1,2,1,1.0,2.0,114,750,0,0,7,1.0,23.0,A01,1,1,1,1,5.0,1982,2014,4,2.0,0,1.0,1.0,40,40,1.0,1.0
200900014250,1,28,5,2,1,1.0,6.0,88,60,0,0,32,2.0,1.0,A01,1,1,1,2,1.0,1977,2009,4,3.0,4,1.0,1.0,0,0,1.0,1.0
201500010115,4,8,1,2,1,1.0,6.0,29,60,0,0,7,1.0,1.0,A01,1,1,1,1,0.0,1942,2015,4,2.0,2,1.0,1.0,0,80,0.0,1.0
200500037527,6,30,1,1,1,1.0,5.0,29,690,0,0,7,8.0,0.0,B01,1,1,1,2,5.0,1975,2005,2,3.0,3,1.0,1.0,20,105,1.0,1.0
200900057614,12,3,1,2,1,1.0,6.0,127,950,0,0,7,1.0,1.0,A01,0,3,1,2,5.0,1971,2009,4,2.0,2,1.0,1.0,15,70,2.0,1.0
201800008524,2,13,2,2,1,1.0,3.0,55,130,0,0,37,3.0,1.0,A01,2,2,1,2,9.0,2018,2018,4,1.0,2,1.0,1.0,0,72,1.0,1.0
201200003398,9,3,1,2,1,1.0,6.0,109,170,0,0,7,2.0,1.0,A01,1,1,1,1,3.0,1961,2012,4,2.0,0,1.0,1.0,0,47,1.0,1.0
201700056369,11,20,5,2,1,1.0,3.0,116,750,0,0,31,8.0,1.0,B01,1,1,1,1,1.0,1963,2017,4,2.0,2,1.0,1.0,10,60,1.0,1.0
200500033989,6,4,1,2,1,1.0,3.0,42,460,0,0,2,2.0,17.0,A01,1,1,1,1,2.0,1989,2005,9,2.0,2,1.0,1.0,0,77,1.0,1.0
200600083324,11,13,2,2,1,1.0,6.0,302,973,0,0,7,0.0,1.0,A01,0,3,1,1,9.0,2005,2006,4,2.0,0,1.0,1.0,0,80,1.0,1.0
201200010925,11,9,5,2,1,1.0,7.0,69,60,0,0,2,0.0,0.0,A01,1,1,1,1,0.0,1994,2012,4,2.0,2,2.0,1.0,0,0,0.0,1.0
200500074253,11,4,3,2,1,2.0,6.0,345,590,0,0,7,1.0,1.0,A01,2,2,1,1,0.0,1982,2005,3,2.0,2,1.0,2.0,0,62,2.0,3.0
200500010552,2,28,3,1,1,1.0,2.0,568,20,0,0,7,7.0,17.0,B02,2,2,1,2,0.0,1972,2005,3,2.0,2,1.0,1.0,0,50,1.0,1.0
200600054288,9,23,1,2,1,1.0,6.0,550,330,0,0,10,1.0,1.0,A01,1,1,1,1,0.0,1964,2006,4,2.0,2,1.0,1.0,0,690,1.0,1.0
200700052877,9,1,1,1,1,1.0,1.0,42,290,0,0,7,3.0,1.0,B02,1,1,1,2,3.0,1966,2007,4,2.0,2,2.0,1.0,0,43,1.0,1.0
201800006302,8,23,1,1,9,1.0,4.0,188,110,0,0,7,6.0,1.0,B01,9,2,1,2,5.0,2008,2018,1,2.0,3,1.0,1.0,0,0,1.0,1.0
200500053885,8,20,5,1,1,2.0,6.0,249,330,0,0,7,3.0,13.0,A01,3,2,1,2,0.0,1980,2005,1,1.0,2,1.0,3.0,0,95,2.0,1.0
201400012299,11,22,5,1,1,1.0,6.0,88,60,0,0,7,3.0,1.0,A01,4,2,1,1,0.0,1992,2014,1,3.0,2,1.0,3.0,80,0,1.0,1.0
201400035709,2,4,5,2,1,1.0,1.0,208,780,0,0,7,8.0,0.0,A01,1,1,1,2,0.0,1984,2014,4,2.0,0,1.0,1.0,0,0,1.0,1.0
200900025685,7,27,2,2,1,1.0,3.0,555,310,0,0,7,7.0,1.0,B01,1,1,1,1,9.0,1982,2009,4,1.0,0,1.0,1.0,0,85,1.0,1.0
201400007292,7,26,1,2,1,1.0,1.0,350,250,0,0,7,3.0,1.0,B02,1,1,1,2,5.0,1975,2014,3,2.0,0,1.0,0.0,0,60,1.0,1.0
200500078676,12,13,2,1,1,9.0,6.0,108,30,0,0,7,1.0,0.0,A01,1,1,1,2,1.0,1973,2005,3,2.0,2,2.0,4.0,0,0,7.0,3.0
200700016094,3,10,1,2,1,1.0,6.0,10,750,0,0,2,1.0,1.0,A01,0,3,1,1,5.0,1995,2007,4,2.0,4,1.0,1.0,0,120,1.0,1.0
201300039328,8,27,1,2,2,1.0,3.0,26,920,0,0,7,1.0,1.0,B01,1,1,1,1,1.0,1980,2013,3,3.0,4,1.0,1.0,0,138,1.0,1.0
200900029270,3,11,1,2,2,1.0,5.0,383,690,0,0,30,1.0,11.0,B02,5,2,1,2,9.0,1982,2009,4,2.0,3,1.0,1.0,0,0,1.0,1.0
201100035595,9,8,5,2,1,1.0,6.0,350,590,0,0,7,9.0,1.0,A01,4,2,1,1,5.0,1994,2011,4,1.0,2,1.0,1.0,0,0,2.0,1.0
200600018000,4,22,1,2,1,1.0,2.0,663,570,0,0,7,4.0,1.0,B02,1,1,1,1,1.0,1948,2006,3,2.0,2,1.0,1.0,0,100,1.0,1.0
200700034320,6,16,1,2,1,1.0,6.0,88,60,0,0,7,1.0,1.0,B01,1,1,1,2,0.0,1960,2007,4,2.0,2,0.0,0.0,0,0,1.0,1.0
200900011797,1,9,5,2,2,1.0,1.0,281,330,0,0,7,3.0,1.0,B01,2,2,1,2,0.0,1980,2009,4,3.0,4,1.0,1.0,0,0,1.0,1.0
200500038945,6,17,1,1,1,1.0,3.0,108,150,0,0,7,3.0,0.0,B02,1,1,1,1,1.0,1958,2005,3,2.0,2,2.0,3.0,0,0,1.0,1.0
200800059740,10,14,5,2,1,1.0,3.0,21,800,0,0,7,3.0,0.0,A01,1,1,1,1,4.0,1954,2008,4,2.0,2,1.0,1.0,0,100,1.0,1.0
201100020439,7,18,1,2,1,1.0,2.0,55,130,0,0,7,1.0,2.0,A01,1,1,1,1,5.0,1988,2011,4,2.0,2,1.0,1.0,0,60,1.0,1.0
201700002278,5,23,1,2,1,1.0,3.0,382,380,0,0,33,8.0,1.0,B01,2,2,1,2,5.0,1990,2017,3,1.0,1,2.0,1.0,0,47,1.0,1.0
201400041265,5,3,5,2,3,1.0,3.0,78,920,0,0,7,3.0,19.0,A01,1,1,1,1,5.0,1976,2014,4,0.0,2,1.0,0.0,0,64,1.0,1.0
201800056135,8,17,1,1,1,1.0,1.0,415,974,0,0,7,3.0,1.0,B01,1,1,1,2,9.0,1983,2018,4,2.0,2,2.0,2.0,0,0,1.0,1.0
201600014222,3,5,5,2,1,1.0,3.0,55,130,0,0,7,1.0,0.0,B01,1,1,1,1,0.0,1979,2016,4,2.0,3,1.0,0.0,0,140,1.0,1.0
200500012363,3,14,1,1,1,1.0,1.0,185,140,0,0,7,1.0,1.0,B02,3,2,1,2,0.0,2002,2005,3,2.0,2,1.0,1.0,0,60,1.0,1.0
200700063976,10,31,1,2,6,1.0,6.0,463,570,0,0,7,2.0,16.0,A01,0,3,1,2,5.0,1977,2007,4,3.0,2,1.0,1.0,0,59,1.0,1.0
201700031670,7,9,1,2,6,1.0,3.0,183,590,0,0,7,3.0,15.0,A01,1,1,1,1,5.0,1976,2017,4,1.0,2,1.0,0.0,0,0,1.0,1.0
201800006518,10,8,1,1,1,1.0,6.0,61,510,0,0,7,1.0,0.0,A01,2,2,1,1,5.0,1999,2018,1,3.0,4,1.0,1.0,0,0,1.0,3.0
201800009143,6,9,5,2,1,1.0,2.0,55,130,0,0,30,1.0,1.0,A01,1,1,1,1,5.0,1997,2018,4,2.0,2,1.0,1.0,0,0,1.0,3.0
201200044506,1,26,1,2,3,2.0,3.0,29,930,0,0,7,3.0,9.0,B01,1,1,1,1,0.0,1942,2012,3,2.0,2,1.0,1.0,0,70,2.0,1.0
201300057131,6,3,1,1,1,1.0,2.0,15,974,0,0,10,6.0,23.0,B02,2,2,1,1,0.0,1988,2013,2,3.0,0,2.0,2.0,2,120,1.0,2.0
201500005405,8,26,1,2,1,1.0,1.0,38,630,0,0,7,3.0,13.0,B02,1,1,1,1,4.0,1963,2015,4,2.0,1,2.0,1.0,0,33,1.0,1.0
201400036601,7,8,1,1,1,1.0,2.0,141,830,0,0,7,4.0,2.0,B01,1,1,1,1,4.0,1968,2014,3,3.0,2,1.0,1.0,0,32,1.0,1.0
201600058896,12,7,1,2,1,1.0,6.0,302,973,0,0,7,3.0,15.0,A01,0,3,1,2,0.0,1934,2016,4,0.0,0,1.0,1.0,0,60,1.0,0.0
200500050915,8,31,1,2,1,1.0,3.0,415,170,0,0,7,5.0,15.0,A01,1,1,1,1,9.0,1949,2005,4,2.0,2,1.0,1.0,0,0,1.0,1.0
200800024936,5,3,1,2,1,1.0,5.0,14,590,0,0,7,1.0,15.0,A01,1,1,1,1,5.0,1985,2008,4,2.0,2,1.0,3.0,0,70,1.0,1.0
200500067289,10,20,5,2,2,1.0,6.0,113,630,0,0,7,1.0,1.0,B01,1,1,1,1,9.0,1947,2005,4,2.0,2,1.0,1.0,0,0,1.0,1.0
200600013908,3,31,1,2,1,1.0,3.0,16,750,0,0,7,7.0,22.0,A01,1,1,1,1,5.0,1965,2006,4,2.0,4,1.0,1.0,0,120,1.0,1.0
200500030366,5,22,1,2,2,1.0,3.0,16,750,0,0,7,3.0,15.0,B01,1,1,1,2,4.0,1978,2005,4,2.0,4,1.0,1.0,0,120,1.0,1.0
200600079461,12,25,1,2,1,1.0,1.0,44,940,0,0,7,1.0,1.0,A01,2,2,1,2,0.0,1984,2006,4,2.0,2,1.0,3.0,0,60,2.0,1.0