num_acc,mois,jour,lum,agg,int,atm,col,com,dep,hr,mn,catv,choc,manv,num_veh,place,catu,grav,sexe,trajet,an_nais,annee,catr,circ,nbv,prof,plan,lartpc,larrout,surf,situ
201100029214,3,22,1,2,5,1.0,4.0,238,350,0,0,7,1.0,1.0,A01,1,1,1,2,5.0,1978,2011,2,3.0,0,1.0,1.0,0,0,1.0,1.0
201500001699,10,31,3,1,1,1.0,1.0,221,610,0,0,7,3.0,13.0,A01,1,1,1,1,5.0,1977,2015,3,2.0,2,1.0,3.0,0,60,1.0,1.0
200500058528,9,22,1,2,5,1.0,6.0,187,420,0,0,7,1.0,1.0,A01,0,3,1,2,9.0,1949,2005,3,2.0,2,1.0,1.0,15,114,1.0,1.0
201600051068,12,21,3,1,1,1.0,3.0,106,130,0,0,7,7.0,12.0,B01,1,1,1,1,0.0,1988,2016,1,1.0,2,2.0,3.0,15,35,1.0,1.0
200700048347,8,31,1,1,1,1.0,3.0,264,690,0,0,7,7.0,14.0,A01,1,1,1,1,0.0,1987,2007,1,3.0,3,1.0,2.0,10,110,1.0,1.0
200700032137,6,8,1,1,1,1.0,2.0,634,270,0,0,14,2.0,1.0,B02,1,1,1,2,4.0,1981,2007,2,1.0,2,1.0,1.0,0,50,1.0,1.0
201700059721,4,27,1,1,1,1.0,6.0,213,972,0,0,7,3.0,2.0,A01,1,1,1,2,1.0,1977,2017,1,3.0,4,1.0,1.0,0,0,2.0,1.0
201700040935,11,11,1,2,3,2.0,6.0,63,920,0,0,7,1.0,15.0,A01,1,1,1,1,5.0,1988,2017,4,2.0,2,1.0,1.0,0,60,2.0,1.0
200900007519,4,18,1,2,1,1.0,7.0,7,490,0,0,1,0.0,0.0,A01,1,1,1,1,0.0,2003,2009,4,0.0,1,1.0,1.0,0,0,2.0,0.0
200900067420,11,8,5,1,1,2.0,6.0,168,610,0,0,10,3.0,1.0,A01,1,1,1,1,4.0,1975,2009,3,2.0,2,1.0,1.0,0,62,2.0,1.0
200500063081,10,16,3,1,9,1.0,7.0,462,640,0,0,7,7.0,1.0,A01,2,2,1,1,0.0,1984,2005,2,2.0,2,1.0,2.0,62,0,1.0,3.0
201600026302,12,3,1,2,2,1.0,5.0,279,400,0,0,30,1.0,1.0,B01,1,1,1,1,5.0,2000,2016,3,0.0,2,1.0,1.0,6,86,1.0,1.0
200900063873,2,23,1,2,1,8.0,4.0,6,930,0,0,7,2.0,12.0,A01,1,1,1,1,0.0,1971,2009,3,2.0,4,1.0,1.0,80,80,1.0,1.0
201100001040,4,23,1,1,1,1.0,7.0,282,600,0,0,7,9.0,1.0,A01,1,1,1,1,4.0,1979,2011,3,2.0,0,0.0,1.0,0,75,1.0,3.0
200700029992,5,1,1,2,1,1.0,2.0,20,750,0,0,7,1.0,1.0,A01,1,1,1,2,5.0,1986,2007,4,3.0,4,1.0,1.0,15,120,1.0,1.0
201100052296,4,30,1,2,2,1.0,3.0,428,950,0,0,7,2.0,19.0,A01,1,1,1,2,5.0,1947,2011,4,1.0,1,1.0,1.0,0,0,1.0,1.0
200700014558,3,25,5,2,1,2.0,2.0,555,310,0,0,7,4.0,2.0,A01,2,2,1,2,0.0,1976,2007,4,2.0,2,1.0,1.0,0,70,2.0,1.0
200600051685,9,28,1,2,1,1.0,5.0,130,380,0,0,37,4.0,23.0,B02,1,1,1,1,4.0,1960,2006,3,2.0,2,3.0,1.0,0,0,1.0,1.0
201200009606,7,10,1,1,1,1.0,5.0,28,950,0,0,7,1.0,1.0,C03,2,2,1,2,3.0,1982,2012,3,2.0,2,1.0,1.0,0,90,1.0,1.0
200800043765,8,23,1,1,1,1.0,6.0,71,130,0,0,7,1.0,2.0,A01,2,2,1,2,0.0,1985,2008,1,3.0,2,2.0,1.0,0,70,1.0,1.0
201000036044,8,30,1,2,1,1.0,2.0,83,560,0,0,7,4.0,1.0,B01,1,1,1,1,4.0,1970,2010,4,2.0,2,1.0,1.0,0,0,1.0,1.0
201100059953,3,8,1,2,2,1.0,3.0,111,750,0,0,13,2.0,15.0,A01,1,1,1,1,4.0,1952,2011,4,1.0,1,1.0,1.0,0,40,1.0,1.0
201800023302,10,21,1,2,1,2.0,2.0,555,310,0,0,7,9.0,1.0,A01,1,1,1,1,9.0,1988,2018,4,1.0,2,1.0,1.0,0,0,2.0,3.0
201100006178,5,14,1,1,1,1.0,1.0,107,320,0,0,7,3.0,1.0,B02,2,2,1,2,0.0,1985,2011,3,2.0,2,2.0,1.0,0,55,1.0,1.0
200700062950,10,1,1,2,1,1.0,1.0,243,300,0,0,7,1.0,1.0,A01,1,1,1,1,5.0,1975,2007,4,2.0,2,1.0,3.0,0,0,1.0,1.0
200700066345,10,30,1,1,1,1.0,2.0,521,910,0,0,17,1.0,2.0,A01,1,1,1,1,4.0,1974,2007,1,3.0,6,1.0,1.0,20,210,1.0,1.0
201400045963,3,25,1,2,1,2.0,3.0,203,950,0,0,7,8.0,22.0,A01,1,1,1,1,1.0,1983,2014,4,1.0,1,1.0,1.0,0,0,2.0,1.0
200800010830,2,5,5,2,1,2.0,3.0,110,750,0,0,32,0.0,1.0,A01,1,1,1,1,1.0,1969,2008,4,1.0,2,1.0,1.0,10,150,2.0,1.0
201800003372,12,29,1,2,1,1.0,6.0,112,40,0,0,7,5.0,1.0,A01,0,3,1,1,0.0,2011,2018,3,2.0,2,2.0,1.0,0,0,1.0,3.0
200700006805,2,7,3,2,1,3.0,6.0,243,740,0,0,2,3.0,1.0,A01,1,1,1,1,5.0,1965,2007,4,2.0,2,1.0,1.0,0,90,2.0,1.0
201500016249,12,11,1,2,6,1.0,6.0,117,130,0,0,7,1.0,16.0,A01,0,3,1,2,0.0,1997,2015,4,2.0,2,1.0,3.0,0,0,1.0,1.0
201600025632,1,15,5,2,3,1.0,2.0,261,370,0,0,1,4.0,15.0,B01,1,1,1,2,1.0,1968,2016,4,2.0,2,1.0,1.0,0,0,7.0,1.0
200800008282,2,14,1,2,1,1.0,2.0,281,330,0,0,7,4.0,2.0,B01,1,1,1,1,4.0,1973,2008,4,2.0,2,1.0,1.0,0,70,1.0,1.0
201100032756,12,15,1,2,1,1.0,6.0,7,490,0,0,1,0.0,1.0,A01,1,1,1,1,5.0,1991,2011,4,2.0,2,1.0,1.0,0,90,2.0,1.0
201400027506,4,4,1,2,1,7.0,6.0,55,440,0,0,7,1.0,1.0,A01,0,3,1,2,5.0,1941,2014,4,2.0,2,1.0,1.0,0,56,1.0,1.0
200600009643,2,24,1,2,2,1.0,3.0,9,750,0,0,7,3.0,15.0,B01,1,1,1,2,5.0,1975,2006,4,1.0,2,1.0,1.0,0,60,1.0,1.0
201200046839,10,16,5,2,1,1.0,6.0,76,940,0,0,20,1.0,0.0,A01,0,3,1,1,5.0,1991,2012,3,1.0,1,1.0,1.0,0,25,1.0,1.0
201700001744,11,29,3,1,1,4.0,1.0,123,650,0,0,7,3.0,13.0,A01,2,2,1,1,1.0,1991,2017,3,2.0,2,2.0,1.0,0,65,5.0,1.0
201600048066,2,2,1,1,1,1.0,1.0,33,202,0,0,7,3.0,1.0,B01,2,2,1,1,0.0,1990,2016,4,2.0,2,1.0,3.0,0,40,1.0,1.0
200500064116,10,14,1,1,1,3.0,5.0,130,340,0,0,10,3.0,1.0,A01,1,1,1,1,4.0,1964,2005,3,2.0,2,1.0,1.0,0,76,2.0,1.0
201000053529,6,18,1,2,1,1.0,3.0,46,940,0,0,7,2.0,15.0,A01,1,1,1,1,1.0,1954,2010,4,2.0,0,1.0,1.0,0,0,1.0,1.0
201100060905,5,6,1,2,3,1.0,3.0,113,750,0,0,7,2.0,1.0,B01,1,1,1,1,4.0,1960,2011,4,2.0,3,1.0,1.0,0,60,1.0,1.0
200600067480,11,30,1,2,2,1.0,4.0,298,450,0,0,7,1.0,1.0,B01,1,1,1,1,4.0,1969,2006,4,2.0,2,1.0,1.0,0,71,1.0,1.0
201600031992,1,8,1,2,1,1.0,6.0,136,660,0,0,30,1.0,17.0,B01,2,2,1,1,0.0,1995,2016,4,2.0,1,1.0,1.0,0,70,1.0,1.0
201400054575,7,3,1,2,1,1.0,3.0,113,750,0,0,7,3.0,22.0,A01,1,1,1,1,4.0,1968,2014,4,3.0,4,2.0,1.0,0,101,1.0,1.0
201500051341,12,8,1,2,2,1.0,6.0,106,750,0,0,7,7.0,7.0,A01,1,1,1,2,4.0,1963,2015,4,2.0,6,1.0,1.0,0,160,1.0,1.0
200600035047,6,3,1,2,1,1.0,6.0,15,750,0,0,1,1.0,1.0,A01,0,3,1,1,5.0,1948,2006,4,1.0,3,1.0,1.0,0,90,1.0,1.0
200800062751,11,29,1,1,1,1.0,5.0,165,340,0,0,7,2.0,15.0,A01,1,1,1,1,5.0,1982,2008,3,2.0,0,0.0,1.0,0,0,1.0,1.0
200900027195,10,20,1,2,5,1.0,3.0,114,750,0,0,10,1.0,15.0,B01,1,1,1,1,4.0,1967,2009,4,2.0,2,1.0,1.0,0,60,1.0,1.0
200600032336,6,17,1,2,2,1.0,3.0,310,30,0,0,7,1.0,1.0,A01,1,1,1,1,5.0,1971,2006,2,2.0,3,1.0,1.0,0,100,1.0,1.0
201600045957,7,7,1,1,1,1.0,3.0,66,930,0,0,15,3.0,0.0,A01,1,1,1,1,4.0,1986,2016,1,1.0,2,1.0,1.0,15,70,1.0,1.0
200600061299,10,13,1,2,1,1.0,3.0,149,310,0,0,1,8.0,19.0,B01,1,1,1,2,5.0,1935,2006,3,1.0,2,1.0,1.0,0,63,1.0,1.0
200800019311,4,4,1,2,3,1.0,6.0,231,210,0,0,7,3.0,15.0,A01,1,1,1,2,4.0,1971,2008,4,1.0,2,1.0,1.0,0,66,1.0,0.0
200900016210,8,24,5,2,2,1.0,3.0,103,750,0,0,2,0.0,1.0,B01,1,1,1,1,0.0,1951,2009,4,1.0,3,1.0,1.0,0,90,1.0,1.0
201200056890,7,6,1,2,1,1.0,6.0,114,750,0,0,10,2.0,1.0,A01,0,3,1,2,0.0,1975,2012,4,1.0,1,1.0,1.0,0,120,0.0,1.0
201000049093,5,19,2,2,1,1.0,6.0,50,920,0,0,7,1.0,0.0,A01,1,1,1,2,1.0,1979,2010,4,2.0,2,2.0,2.0,0,31,1.0,1.0
201500047122,5,12,1,1,1,1.0,5.0,179,910,0,0,15,6.0,1.0,B01,1,1,1,1,0.0,1975,2015,1,3.0,6,1.0,1.0,15,210,1.0,1.0
200600070936,11,18,1,1,1,1.0,6.0,449,590,0,0,7,0.0,0.0,A01,1,1,1,1,0.0,1976,2006,1,3.0,2,1.0,1.0,25,90,1.0,1.0
201100038539,11,3,1,2,2,1.0,3.0,440,650,0,0,7,3.0,15.0,A01,1,1,1,1,0.0,1973,2011,3,2.0,2,4.0,1.0,0,0,1.0,1.0
201600047865,10,20,2,1,1,2.0,4.0,377,910,0,0,7,4.0,2.0,C01,2,2,1,2,0.0,0,2016,3,3.0,4,1.0,1.0,15,140,2.0,1.0
201100017679,11,26,1,1,6,5.0,1.0,649,910,0,0,7,3.0,13.0,A01,4,2,1,1,0.0,1990,2011,3,2.0,2,1.0,1.0,0,75,2.0,1.0
201300024097,9,25,1,2,3,1.0,3.0,75,330,0,0,7,3.0,16.0,B01,1,1,1,2,0.0,1983,2013,4,2.0,0,1.0,2.0,0,0,1.0,1.0
200900018409,1,17,5,2,2,1.0,3.0,80,940,0,0,7,7.0,15.0,B01,1,1,1,1,5.0,1988,2009,3,2.0,2,1.0,1.0,0,0,1.0,1.0
200600001412,1,20,4,2,9,1.0,7.0,184,440,0,0,2,1.0,1.0,A01,1,1,1,1,2.0,1989,2006,4,2.0,2,1.0,1.0,0,140,1.0,1.0
201800013565,5,19,1,1,2,1.0,7.0,578,140,0,0,33,0.0,21.0,B01,2,2,1,2,5.0,1994,2018,3,2.0,2,1.0,1.0,0,0,1.0,1.0
200600020638,4,29,1,1,3,1.0,3.0,463,570,0,0,37,7.0,7.0,B01,1,1,1,2,4.0,1981,2006,4,2.0,3,1.0,3.0,0,600,1.0,1.0
201500031436,5,30,1,2,2,1.0,2.0,445,640,0,0,37,1.0,1.0,A01,1,1,1,1,4.0,1977,2015,4,2.0,2,1.0,1.0,27,110,1.0,1.0
200500075914,11,17,1,2,3,1.0,6.0,121,820,0,0,7,1.0,15.0,A01,1,1,1,1,5.0,1983,2005,4,2.0,2,1.0,1.0,0,70,0.0,1.0
201100002202,2,17,1,1,1,7.0,6.0,69,560,0,0,7,2.0,5.0,A01,0,3,1,1,5.0,1978,2011,4,2.0,2,2.0,1.0,0,40,1.0,3.0
200500012760,3,1,1,1,1,1.0,1.0,272,90,0,0,99,3.0,1.0,A01,2,2,1,1,0.0,1940,2005,2,2.0,2,1.0,1.0,0,70,1.0,1.0
201100058041,7,6,1,2,5,1.0,3.0,102,750,0,0,7,2.0,1.0,A01,1,1,1,2,5.0,1977,2011,4,1.0,2,1.0,1.0,0,0,1.0,1.0
201000052807,4,11,1,2,1,1.0,6.0,28,940,0,0,30,1.0,1.0,Z01,0,3,1,1,5.0,2006,2010,5,0.0,1,1.0,1.0,0,30,0.0,0.0
200600061785,10,16,1,2,2,1.0,3.0,421,380,0,0,7,3.0,1.0,A01,2,2,1,2,0.0,1988,2006,4,2.0,2,1.0,1.0,0,70,1.0,1.0
200900009637,4,30,1,2,1,1.0,4.0,322,240,0,0,7,4.0,2.0,C01,1,1,1,2,5.0,1973,2009,2,2.0,3,1.0,1.0,0,95,2.0,1.0
201600008018,7,28,5,2,1,1.0,6.0,86,130,0,0,7,1.0,21.0,A01,5,2,1,1,0.0,1998,2016,3,2.0,0,0.0,1.0,0,71,1.0,1.0
201100031871,5,6,1,2,2,1.0,3.0,184,440,0,0,1,1.0,1.0,B01,1,1,1,2,1.0,1948,2011,4,3.0,2,1.0,1.0,0,0,1.0,1.0
201900001217,5,9,1,1,1,1.0,4.0,13005,13,0,0,7,4.0,2.0,A01,1,1,1,1,0.0,1979,2019,1,3.0,2,4.0,1.0,0,0,1.0,1.0
201500025866,4,28,1,2,1,1.0,6.0,185,380,0,0,7,1.0,1.0,A01,0,3,1,1,9.0,2009,2015,4,0.0,0,1.0,1.0,0,97,1.0,0.0
201200046575,7,30,3,2,1,1.0,1.0,28,940,0,0,7,1.0,1.0,B01,4,2,1,1,5.0,1998,2012,3,3.0,2,3.0,2.0,20,60,1.0,1.0
201500034682,5,5,5,2,3,1.0,1.0,21,800,0,0,1,1.0,1.0,B01,2,2,1,1,0.0,1991,2015,4,2.0,2,1.0,1.0,0,0,1.0,1.0
201000035157,6,21,1,2,9,1.0,3.0,454,510,0,0,33,1.0,0.0,B01,1,1,1,1,1.0,1963,2010,4,2.0,4,1.0,1.0,22,144,1.0,1.0
200500028324,5,6,1,2,2,1.0,3.0,550,330,0,0,7,8.0,1.0,A01,2,2,1,1,0.0,1969,2005,4,2.0,2,1.0,1.0,0,55,1.0,1.0
201900054302,3,29,1,1,1,1.0,3.0,33281,33,0,0,33,8.0,3.0,B01,1,1,1,1,5.0,1997,2019,1,3.0,6,1.0,1.0,0,0,1.0,1.0
201400032209,4,4,1,2,2,1.0,3.0,124,630,0,0,7,1.0,1.0,B01,1,1,1,1,0.0,1928,2014,4,2.0,2,1.0,1.0,0,105,1.0,1.0
201500012834,8,4,1,2,1,1.0,3.0,262,110,0,0,7,4.0,4.0,A01,1,1,1,1,0.0,1984,2015,4,2.0,2,1.0,1.0,0,0,1.0,1.0
201400050459,10,7,1,2,2,2.0,3.0,388,690,0,0,7,5.0,16.0,B01,1,1,1,1,0.0,1994,2014,4,3.0,1,1.0,1.0,20,60,2.0,1.0
200600007801,2,9,1,2,1,1.0,2.0,55,130,0,0,7,1.0,2.0,A01,1,1,1,2,5.0,1969,2006,4,2.0,2,1.0,1.0,0,0,1.0,1.0
200600030404,6,29,1,2,3,1.0,3.0,5,440,0,0,17,2.0,1.0,B02,1,1,1,2,4.0,1974,2006,3,2.0,2,0.0,1.0,0,0,1.0,1.0
201300023245,8,17,3,1,1,1.0,2.0,591,710,0,0,16,0.0,0.0,A01,1,1,1,1,4.0,1967,2013,1,3.0,3,1.0,1.0,30,120,1.0,1.0
200700056056,9,15,1,2,2,1.0,3.0,172,340,0,0,10,1.0,1.0,B01,1,1,1,2,4.0,1974,2007,4,1.0,3,1.0,1.0,0,90,1.0,1.0
200900048333,7,10,1,2,1,1.0,6.0,190,440,0,0,1,7.0,19.0,A01,1,1,1,1,0.0,1983,2009,4,2.0,2,1.0,1.0,0,0,1.0,1.0
201600036854,5,31,1,2,1,2.0,4.0,161,910,0,0,7,4.0,2.0,C01,1,1,1,1,1.0,1977,2016,3,2.0,2,2.0,1.0,0,0,2.0,1.0
200800049994,9,17,1,2,1,1.0,2.0,194,580,0,0,7,1.0,2.0,A01,1,1,1,2,1.0,1977,2008,4,2.0,2,1.0,1.0,0,0,1.0,1.0
200700048766,8,11,1,2,1,1.0,1.0,88,60,0,0,7,1.0,14.0,A01,1,1,1,2,5.0,1986,2007,4,2.0,2,2.0,0.0,0,0,1.0,0.0
201800000493,12,12,4,2,1,1.0,3.0,152,350,0,0,33,8.0,1.0,B01,1,1,1,1,1.0,1987,2018,3,2.0,2,1.0,1.0,0,0,1.0,1.0
200900068611,10,28,1,2,7,1.0,2.0,46,930,0,0,7,1.0,9.0,A01,1,1,1,2,0.0,1928,2009,4,1.0,1,1.0,1.0,20,50,1.0,1.0
201200019656,6,16,1,1,1,1.0,7.0,235,890,0,0,30,0.0,21.0,A01,1,1,1,1,5.0,1995,2012,3,3.0,0,1.0,2.0,0,0,1.0,1.0
201800016848,9,29,3,1,1,1.0,7.0,228,490,0,0,7,2.0,1.0,A01,7,2,1,1,5.0,1996,2018,3,2.0,2,1.0,1.0,0,0,1.0,3.0
201300010322,5,23,1,2,1,1.0,6.0,29,60,0,0,30,1.0,1.0,B01,1,1,1,1,0.0,1994,2013,4,2.0,2,2.0,1.0,0,100,1.0,1.0
201400051788,8,28,1,2,2,1.0,6.0,101,750,0,0,7,1.0,1.0,A01,1,1,1,1,1.0,1962,2014,4,1.0,3,1.0,1.0,0,150,1.0,1.0
201000017664,3,27,3,1,1,2.0,2.0,108,890,0,0,7,6.0,1.0,B02,4,2,1,2,0.0,1997,2010,1,3.0,2,1.0,2.0,10,100,2.0,3.0
201200061659,10,8,1,1,1,1.0,6.0,2,973,0,0,2,1.0,1.0,A01,0,3,1,1,5.0,1969,2012,4,2.0,1,1.0,1.0,0,125,1.0,1.0
201800008546,2,17,1,2,9,2.0,7.0,55,130,0,0,13,1.0,1.0,A01,1,1,1,1,1.0,1967,2018,4,2.0,2,1.0,2.0,0,60,2.0,1.0
201700016477,8,5,1,2,6,7.0,1.0,69,290,0,0,7,3.0,1.0,A01,1,1,1,2,5.0,1948,2017,4,2.0,2,1.0,0.0,7,315,1.0,0.0
201100008348,11,1,1,1,1,1.0,3.0,133,630,0,0,7,1.0,1.0,B02,1,1,1,1,5.0,1966,2011,3,2.0,2,2.0,2.0,0,70,2.0,1.0
201100004917,9,1,1,2,1,1.0,1.0,485,640,0,0,21,1.0,1.0,B02,1,1,1,1,4.0,1980,2011,4,0.0,0,0.0,3.0,0,0,1.0,1.0
201400049690,7,7,1,2,2,1.0,3.0,386,690,0,0,7,1.0,1.0,A01,1,1,1,2,0.0,1984,2014,4,1.0,0,1.0,1.0,0,0,1.0,1.0
201400050075,12,12,2,1,1,1.0,4.0,550,330,0,0,7,1.0,1.0,A01,1,1,1,1,4.0,1966,2014,1,0.0,6,1.0,1.0,10,90,1.0,1.0
201200013545,1,17,1,2,1,1.0,6.0,262,110,0,0,7,0.0,1.0,A01,0,3,1,2,9.0,1994,2012,4,2.0,3,1.0,1.0,0,0,1.0,1.0
201000004858,8,26,1,1,1,1.0,1.0,226,470,0,0,7,1.0,1.0,B02,1,2,1,2,0.0,1946,2010,3,2.0,2,2.0,4.0,0,0,1.0,1.0
201000029875,12,21,5,2,2,1.0,3.0,39,330,0,0,10,1.0,1.0,A01,1,1,1,1,0.0,1978,2010,4,2.0,2,1.0,1.0,0,58,1.0,0.0
200900042636,5,7,1,2,3,1.0,6.0,18,940,0,0,7,3.0,1.0,A01,1,1,1,2,1.0,1972,2009,4,2.0,2,1.0,1.0,0,128,1.0,1.0
201500015082,9,11,5,2,1,1.0,6.0,55,130,0,0,7,1.0,1.0,A01,0,3,1,1,5.0,1990,2015,4,2.0,2,1.0,1.0,0,66,1.0,1.0
201200055180,10,16,5,2,1,2.0,6.0,109,750,0,0,7,1.0,1.0,A01,1,1,1,1,4.0,1953,2012,4,1.0,3,1.0,1.0,0,100,2.0,1.0
200900012763,7,24,1,2,1,1.0,6.0,117,750,0,0,7,0.0,1.0,Z01,0,3,1,1,9.0,1983,2009,4,1.0,1,1.0,1.0,0,0,1.0,1.0
201200022930,8,26,3,1,1,2.0,6.0,618,140,0,0,7,9.0,1.0,A01,4,2,1,1,0.0,1993,2012,3,2.0,0,2.0,1.0,0,30,2.0,3.0
201500049372,4,1,1,1,1,1.0,4.0,303,570,0,0,7,4.0,23.0,C01,1,1,1,1,4.0,1990,2015,1,1.0,1,3.0,3.0,10,30,1.0,1.0
201600059277,12,25,1,2,1,1.0,6.0,611,976,0,0,7,1.0,13.0,A01,1,1,1,1,5.0,1978,2016,3,2.0,0,1.0,1.0,0,0,1.0,1.0
200500036277,6,3,1,2,2,2.0,6.0,24,890,0,0,7,1.0,1.0,A01,1,1,1,1,5.0,1957,2005,4,3.0,4,1.0,1.0,20,120,2.0,1.0
201500013645,3,28,5,2,1,1.0,6.0,55,130,0,0,32,1.0,1.0,A01,1,1,1,1,5.0,1976,2015,4,2.0,2,1.0,1.0,0,50,1.0,1.0
201700058531,11,8,2,2,1,1.0,3.0,119,750,0,0,33,7.0,3.0,A01,1,1,1,1,1.0,1987,2017,4,1.0,4,1.0,1.0,15,140,1.0,1.0
200900037153,7,28,1,1,1,1.0,5.0,42,290,0,0,7,7.0,21.0,B02,1,1,1,1,5.0,1953,2009,3,2.0,2,1.0,3.0,0,60,1.0,1.0
201600043778,12,6,3,2,1,1.0,6.0,78,940,0,0,7,0.0,0.0,Z01,0,3,1,2,9.0,1996,2016,3,1.0,0,1.0,1.0,20,48,1.0,1.0
201800033582,11,20,1,2,1,2.0,4.0,8,740,0,0,7,1.0,2.0,A01,1,1,1,1,1.0,1978,2018,4,2.0,2,1.0,1.0,0,0,2.0,3.0
200500025579,5,24,1,1,1,1.0,3.0,36,690,0,0,7,3.0,19.0,A01,1,1,1,2,4.0,1987,2005,3,2.0,0,1.0,1.0,0,63,1.0,1.0
200600052195,9,30,1,1,1,1.0,3.0,105,130,0,0,7,1.0,1.0,A01,1,1,1,1,5.0,1948,2006,4,0.0,0,0.0,1.0,60,0,0.0,1.0
200700005659,1,18,1,1,1,1.0,7.0,18,940,0,0,32,0.0,11.0,A01,1,1,1,2,1.0,1972,2007,1,3.0,5,1.0,1.0,15,350,2.0,1.0
200800057721,10,8,2,2,6,3.0,2.0,189,300,0,0,7,4.0,1.0,B01,1,1,1,2,0.0,1977,2008,3,2.0,2,1.0,1.0,67,40,2.0,0.0
200900025826,6,26,1,2,1,8.0,5.0,277,950,0,0,7,2.0,5.0,A01,1,1,1,1,4.0,1974,2009,3,2.0,0,1.0,3.0,70,60,2.0,1.0
201000025350,3,22,1,2,1,1.0,4.0,231,210,0,0,7,1.0,2.0,A01,1,1,1,1,1.0,1969,2010,4,2.0,2,2.0,1.0,0,80,1.0,1.0
200500018581,4,13,1,2,1,1.0,4.0,88,60,0,0,7,8.0,1.0,C01,1,1,1,1,5.0,1958,2005,4,3.0,2,1.0,1.0,0,100,1.0,1.0
201500033861,1,8,5,1,1,1.0,6.0,108,770,0,0,7,1.0,1.0,A01,0,3,1,2,1.0,1973,2015,3,2.0,2,2.0,1.0,0,70,1.0,1.0
200500084541,1,31,1,1,1,1.0,1.0,134,971,0,0,7,1.0,1.0,A01,1,1,1,2,2.0,1967,2005,4,2.0,2,2.0,1.0,0,0,2.0,1.0
200900058595,10,10,1,1,1,1.0,1.0,245,340,0,0,7,2.0,1.0,A01,1,1,1,1,9.0,1982,2009,3,2.0,2,2.0,4.0,0,72,1.0,1.0
201800036147,8,8,1,2,1,1.0,6.0,113,870,0,0,7,1.0,1.0,A01,2,2,1,1,5.0,1985,2018,4,2.0,2,2.0,1.0,0,0,1.0,3.0
200800005115,1,8,5,2,1,1.0,1.0,219,950,0,0,7,3.0,15.0,A01,1,1,1,2,5.0,1943,2008,4,2.0,2,1.0,1.0,0,0,1.0,1.0
201400043138,3,21,1,2,1,1.0,6.0,64,930,0,0,3,1.0,2.0,A01,0,3,1,1,5.0,1934,2014,4,2.0,2,1.0,1.0,0,80,1.0,1.0
201600020585,1,9,5,2,2,1.0,6.0,31,190,0,0,7,3.0,15.0,A01,1,1,1,1,5.0,1982,2016,4,2.0,3,1.0,1.0,0,0,1.0,1.0
201700030423,5,16,1,2,2,1.0,3.0,304,540,0,0,7,3.0,1.0,B01,3,2,1,1,5.0,2014,2017,4,2.0,4,1.0,1.0,0,0,1.0,1.0
200600016703,3,13,1,1,1,1.0,5.0,395,950,0,0,10,3.0,1.0,B02,1,1,1,1,1.0,1952,2006,3,2.0,3,0.0,3.0,0,200,1.0,1.0
201400000946,8,5,1,1,2,1.0,3.0,78,350,0,0,30,8.0,1.0,B02,1,1,1,1,5.0,1975,2014,3,2.0,0,1.0,1.0,0,50,1.0,1.0
201500055084,11,23,5,2,1,1.0,3.0,118,750,0,0,2,8.0,18.0,B01,1,1,1,1,1.0,1985,2015,4,2.0,2,1.0,0.0,0,0,1.0,0.0
201700051347,4,28,1,1,1,1.0,5.0,281,330,0,0,7,1.0,23.0,B01,1,1,1,1,5.0,1931,2017,1,3.0,6,1.0,1.0,10,210,1.0,1.0
200900019325,4,12,1,2,1,1.0,6.0,607,950,0,0,33,1.0,1.0,A01,2,2,1,1,9.0,2000,2009,3,2.0,4,1.0,0.0,0,0,1.0,1.0
201000033120,3,13,1,2,1,1.0,6.0,157,430,0,0,7,7.0,1.0,A01,1,1,1,2,5.0,1938,2010,4,2.0,2,1.0,1.0,0,69,1.0,1.0
200700020882,4,16,1,2,1,1.0,6.0,55,130,0,0,14,1.0,1.0,A01,0,3,1,1,0.0,1943,2007,4,2.0,3,1.0,1.0,0,93,1.0,1.0
201700004651,2,11,3,1,1,1.0,7.0,288,201,0,0,7,3.0,1.0,A01,2,2,1,2,5.0,1926,2017,3,2.0,2,2.0,1.0,0,72,1.0,3.0
201900008457,4,18,1,2,1,1.0,1.0,37233,37,0,0,33,1.0,1.0,A01,1,1,1,1,1.0,1982,2019,4,2.0,2,1.0,1.0,0,0,1.0,1.0
200800027537,5,17,5,2,2,1.0,3.0,117,750,0,0,7,3.0,1.0,B01,1,1,1,1,4.0,1961,2008,4,1.0,1,1.0,1.0,0,38,1.0,1.0
200800043788,8,18,1,1,1,1.0,3.0,659,910,0,0,15,3.0,1.0,A01,1,1,1,1,1.0,1958,2008,1,3.0,6,1.0,1.0,20,210,1.0,1.0
200800056560,10,13,1,1,1,1.0,2.0,13,690,0,0,14,6.0,0.0,B02,1,1,1,1,4.0,1954,2008,1,1.0,3,1.0,1.0,10,90,1.0,1.0
201000033900,4,14,1,2,1,1.0,5.0,147,450,0,0,7,3.0,24.0,C01,1,1,1,1,4.0,1960,2010,3,2.0,3,2.0,1.0,0,90,1.0,1.0
200500027104,5,22,1,1,1,1.0,2.0,527,950,0,0,5,4.0,13.0,B01,1,1,1,1,5.0,1963,2005,4,1.0,2,1.0,1.0,0,70,1.0,1.0