num_acc,mois,jour,lum,agg,int,atm,col,com,dep,hr,mn,catv,choc,manv,num_veh,place,catu,grav,sexe,trajet,an_nais,annee,catr,circ,nbv,prof,plan,lartpc,larrout,surf,situ
201200034700,6,18,1,2,3,1.0,3.0,445,640,0,0,7,8.0,1.0,B01,1,1,1,2,5.0,1980,2012,4,2.0,2,1.0,1.0,0,0,1.0,0.0
201200060211,9,12,1,2,1,1.0,3.0,114,750,0,0,33,7.0,3.0,B01,1,1,1,1,1.0,1983,2012,4,1.0,3,1.0,1.0,15,105,1.0,1.0
200500071520,11,4,1,2,1,2.0,5.0,6,100,0,0,7,8.0,1.0,A01,3,2,1,1,0.0,0,2005,3,1.0,1,1.0,1.0,0,58,2.0,1.0
201600012083,7,9,1,2,1,1.0,2.0,301,260,0,0,7,4.0,23.0,B02,1,1,1,1,5.0,1962,2016,3,2.0,2,1.0,1.0,0,70,1.0,1.0
201500044372,8,29,1,2,6,1.0,3.0,51,950,0,0,31,7.0,1.0,A01,1,1,1,2,5.0,1998,2015,4,2.0,2,1.0,1.0,0,0,1.0,1.0
200500059426,9,6,1,1,1,1.0,6.0,482,670,0,0,7,5.0,16.0,A01,1,1,1,1,5.0,1986,2005,4,2.0,2,1.0,1.0,0,80,1.0,1.0
201600023808,4,18,1,2,2,1.0,2.0,69,330,0,0,7,1.0,2.0,A01,1,1,1,2,9.0,1947,2016,4,2.0,8,1.0,1.0,0,0,1.0,1.0
201000051917,1,19,1,2,3,8.0,3.0,70,930,0,0,7,2.0,16.0,A01,1,1,1,1,9.0,1981,2010,4,2.0,1,1.0,1.0,80,50,1.0,1.0
201800026230,9,28,1,2,6,1.0,6.0,251,430,0,0,7,3.0,1.0,A01,1,1,1,2,3.0,1933,2018,4,1.0,1,1.0,1.0,0,0,1.0,3.0
201400014275,2,27,5,2,3,2.0,6.0,55,130,0,0,30,1.0,5.0,A01,1,1,1,1,1.0,1974,2014,4,2.0,0,1.0,1.0,0,0,2.0,1.0
201100056742,10,19,1,1,1,2.0,2.0,228,690,0,0,7,1.0,2.0,A01,1,1,1,2,1.0,1925,2011,1,3.0,4,1.0,1.0,10,144,2.0,1.0
201700044103,9,9,1,2,2,2.0,3.0,19,940,0,0,37,2.0,0.0,B01,1,1,1,1,4.0,1973,2017,4,2.0,2,1.0,1.0,0,60,2.0,1.0
201000031833,9,6,1,2,1,1.0,1.0,261,370,0,0,10,3.0,17.0,A01,1,1,1,1,4.0,1975,2010,4,2.0,2,3.0,2.0,0,70,2.0,1.0
201800026742,2,23,1,2,1,1.0,7.0,75,450,0,0,33,8.0,13.0,A01,1,1,1,1,1.0,1980,2018,4,2.0,2,1.0,2.0,0,71,1.0,1.0
201800029015,2,6,1,1,1,4.0,1.0,19,570,0,0,7,2.0,17.0,A01,3,2,1,2,0.0,2012,2018,3,2.0,3,2.0,3.0,0,0,7.0,1.0
201700002660,3,14,1,1,9,1.0,6.0,160,740,0,0,7,3.0,1.0,A01,1,1,1,1,0.0,1986,2017,3,2.0,2,1.0,0.0,4,510,1.0,1.0
200500009026,2,19,5,2,2,1.0,3.0,17,750,0,0,7,3.0,15.0,B01,1,1,1,1,5.0,1961,2005,4,1.0,2,1.0,1.0,0,60,1.0,1.0
200900015961,8,2,5,2,1,2.0,6.0,117,750,0,0,7,3.0,2.0,A01,2,2,1,1,5.0,1989,2009,4,1.0,2,2.0,1.0,15,56,2.0,1.0
201200048158,5,19,1,2,1,1.0,3.0,252,950,0,0,7,8.0,15.0,B01,1,1,1,1,5.0,1968,2012,4,2.0,2,1.0,1.0,0,0,1.0,1.0
201300033705,1,2,1,2,1,1.0,6.0,199,690,0,0,7,3.0,1.0,A01,1,1,1,1,0.0,1983,2013,4,2.0,2,1.0,1.0,0,90,1.0,1.0
200500065108,10,2,1,1,1,1.0,6.0,4,130,0,0,7,1.0,20.0,A01,1,1,1,1,5.0,1985,2005,6,2.0,1,1.0,1.0,0,64,1.0,1.0
200600063423,10,15,5,2,1,1.0,6.0,16,750,0,0,7,1.0,1.0,A01,1,1,1,1,5.0,1984,2006,4,2.0,4,1.0,1.0,0,120,1.0,1.0
200600007548,2,9,5,2,1,1.0,6.0,88,60,0,0,7,2.0,2.0,A01,2,2,1,2,0.0,1984,2006,4,1.0,1,1.0,1.0,0,78,1.0,1.0
200500022690,4,22,1,1,1,1.0,4.0,137,830,0,0,7,9.0,2.0,D01,1,1,1,1,0.0,1970,2005,1,3.0,2,1.0,1.0,20,35,1.0,1.0
201400034615,10,10,2,2,1,2.0,6.0,10,740,0,0,7,2.0,1.0,A01,1,1,1,1,0.0,1950,2014,4,2.0,4,1.0,1.0,30,64,2.0,1.0
201700057131,11,21,1,2,5,1.0,7.0,118,750,0,0,30,1.0,21.0,A01,1,1,1,1,1.0,1980,2017,4,3.0,2,1.0,1.0,0,0,1.0,1.0
200900065153,8,1,1,2,2,1.0,3.0,657,910,0,0,7,8.0,1.0,B01,1,1,1,1,0.0,1990,2009,4,2.0,2,1.0,1.0,0,0,1.0,1.0
201100005185,8,15,1,1,2,1.0,3.0,315,170,0,0,7,1.0,1.0,B02,1,1,1,1,9.0,1925,2011,3,2.0,2,1.0,4.0,0,0,1.0,1.0
201200051650,10,29,5,2,1,1.0,3.0,383,690,0,0,7,8.0,15.0,A01,1,1,1,2,5.0,1984,2012,4,1.0,2,1.0,1.0,0,0,1.0,1.0
201300047903,12,14,3,1,1,1.0,4.0,471,910,0,0,7,4.0,2.0,B01,2,2,1,2,0.0,1976,2013,2,3.0,4,1.0,1.0,15,140,2.0,1.0
201700006623,2,10,3,1,1,1.0,2.0,333,770,0,0,7,4.0,1.0,B01,2,2,1,1,5.0,1983,2017,1,2.0,3,1.0,1.0,15,75,1.0,1.0
201700023293,11,25,1,1,1,4.0,6.0,304,220,0,0,7,1.0,1.0,A01,4,2,1,1,5.0,2000,2017,2,3.0,4,1.0,1.0,30,80,2.0,1.0
201200057547,5,8,5,2,1,1.0,3.0,116,750,0,0,7,3.0,14.0,A01,1,1,1,2,9.0,1968,2012,4,2.0,2,1.0,1.0,0,0,1.0,1.0
201400032247,8,5,1,1,3,1.0,3.0,300,630,0,0,14,3.0,15.0,B01,8,2,1,1,4.0,1966,2014,3,2.0,2,1.0,1.0,0,70,1.0,1.0
201800044674,3,8,3,1,1,2.0,4.0,28,950,0,0,7,6.0,2.0,B01,2,2,1,1,5.0,1995,2018,2,3.0,4,1.0,1.0,0,0,2.0,1.0
201800056445,10,6,1,1,1,1.0,3.0,210,972,14,0,7,1.0,1.0,B01,1,1,1,1,0.0,1982,2018,3,2.0,2,2.0,1.0,0,0,1.0,1.0
200800011322,3,5,1,2,3,1.0,3.0,61,50,0,0,7,1.0,15.0,B01,1,1,1,1,3.0,1946,2008,4,2.0,2,1.0,1.0,0,98,1.0,1.0
201700026771,9,16,1,2,6,8.0,3.0,278,350,0,0,31,4.0,23.0,B01,1,1,1,1,5.0,1966,2017,3,1.0,1,1.0,3.0,0,0,1.0,1.0
200600002529,1,17,5,2,3,2.0,6.0,16,750,0,0,7,1.0,15.0,A01,1,1,1,1,5.0,1919,2006,4,2.0,2,1.0,1.0,0,60,2.0,1.0
201400016479,2,10,1,1,1,2.0,3.0,71,130,0,0,7,1.0,1.0,B01,1,1,1,1,0.0,1956,2014,3,2.0,2,2.0,3.0,0,60,2.0,1.0
200800023524,5,7,1,2,2,1.0,3.0,55,130,0,0,30,2.0,0.0,A01,1,1,1,1,0.0,1980,2008,4,4.0,1,2.0,1.0,0,0,1.0,1.0
201300041520,6,6,1,2,3,1.0,3.0,31,930,0,0,7,1.0,15.0,A01,1,1,1,1,0.0,1962,2013,2,1.0,0,1.0,1.0,0,0,1.0,1.0
201100037473,10,3,1,2,3,1.0,6.0,113,630,0,0,7,0.0,0.0,A01,1,1,1,1,0.0,1982,2011,4,2.0,4,1.0,1.0,0,0,1.0,1.0
201200030956,4,25,1,1,8,2.0,2.0,29,550,0,0,7,1.0,2.0,A01,3,2,1,2,5.0,1921,2012,3,2.0,2,1.0,1.0,0,0,2.0,1.0
201500027007,2,8,2,2,2,1.0,3.0,109,440,0,0,37,8.0,1.0,B01,1,1,1,1,4.0,1987,2015,4,2.0,0,2.0,1.0,0,0,1.0,1.0
201600047630,6,26,1,1,1,1.0,3.0,434,910,0,0,7,8.0,1.0,B01,2,2,1,1,5.0,1963,2016,1,3.0,6,3.0,1.0,15,210,1.0,1.0
201000038661,12,12,1,2,1,1.0,1.0,771,620,0,0,7,0.0,0.0,A01,1,1,1,1,0.0,1972,2010,4,2.0,2,1.0,1.0,0,0,1.0,1.0
201500037428,10,2,1,2,2,1.0,6.0,4,920,0,0,7,7.0,2.0,A01,0,3,1,1,9.0,2003,2015,4,0.0,1,1.0,1.0,0,0,1.0,1.0
201300056578,8,26,1,2,1,1.0,5.0,120,750,0,0,16,2.0,1.0,B01,1,1,1,1,4.0,1982,2013,4,1.0,5,1.0,1.0,15,175,1.0,1.0
200600013538,3,13,1,2,1,1.0,3.0,12,750,0,0,4,2.0,1.0,B01,1,1,1,1,5.0,1967,2006,4,2.0,2,1.0,1.0,0,60,1.0,1.0
201700054457,6,22,1,2,1,1.0,6.0,111,750,0,0,31,1.0,1.0,Z01,0,3,1,1,9.0,1970,2017,4,2.0,2,1.0,0.0,0,100,1.0,1.0
200900012784,7,22,1,2,1,1.0,6.0,120,750,0,0,33,2.0,3.0,A01,1,1,1,1,5.0,1985,2009,4,1.0,4,1.0,1.0,15,140,1.0,1.0
200800026570,5,27,1,2,6,3.0,6.0,51,950,0,0,7,3.0,0.0,B01,1,1,1,1,0.0,1988,2008,4,0.0,1,1.0,0.0,0,0,2.0,1.0
201700044170,7,16,1,2,3,1.0,6.0,22,940,0,0,7,3.0,1.0,A01,0,3,1,1,5.0,1975,2017,3,3.0,4,1.0,3.0,25,70,1.0,4.0
200800022351,4,21,1,1,1,2.0,6.0,318,330,0,0,7,2.0,2.0,A01,2,2,1,2,0.0,1985,2008,1,3.0,4,1.0,2.0,15,140,2.0,1.0
200500010580,2,21,1,1,1,1.0,6.0,160,600,0,0,7,0.0,0.0,A01,1,1,1,1,4.0,1946,2005,2,2.0,0,0.0,1.0,0,70,1.0,1.0
200500049034,8,4,1,2,1,1.0,1.0,188,740,0,0,5,1.0,13.0,B02,1,1,1,1,5.0,1970,2005,3,2.0,2,2.0,3.0,0,60,1.0,1.0
201600054280,8,12,5,2,5,1.0,2.0,114,750,0,0,7,2.0,1.0,A01,1,1,1,1,3.0,1984,2016,4,1.0,4,1.0,3.0,0,100,1.0,1.0
200500036250,6,25,1,2,1,1.0,7.0,85,870,0,0,2,1.0,1.0,A01,1,1,1,1,5.0,1969,2005,2,2.0,1,1.0,2.0,0,40,1.0,1.0
201800045789,3,30,1,1,1,8.0,6.0,72,920,0,0,31,3.0,3.0,A01,1,1,1,1,9.0,1990,2018,2,1.0,3,2.0,1.0,0,0,2.0,1.0
200900006617,1,13,1,2,1,3.0,4.0,545,640,0,0,7,1.0,1.0,A01,1,1,1,1,2.0,1935,2009,3,2.0,0,1.0,1.0,0,0,2.0,1.0
201500044417,7,18,1,1,1,1.0,2.0,4,201,0,0,7,0.0,0.0,B01,2,2,1,1,0.0,1981,2015,3,2.0,2,2.0,3.0,0,56,1.0,1.0
200900013386,5,19,1,1,1,1.0,6.0,29,320,0,0,99,1.0,17.0,A01,1,1,1,2,1.0,1970,2009,3,2.0,2,2.0,1.0,0,0,1.0,3.0
200600037837,7,29,5,2,2,1.0,3.0,88,60,0,0,7,3.0,1.0,B01,1,1,1,1,0.0,1976,2006,4,1.0,1,1.0,1.0,0,70,2.0,2.0
200900023247,4,25,1,1,1,1.0,4.0,526,540,0,0,7,4.0,23.0,C01,1,1,1,2,5.0,1979,2009,4,3.0,4,1.0,1.0,0,0,1.0,1.0
200900061674,4,10,1,1,1,1.0,5.0,459,760,0,0,7,1.0,13.0,A01,1,1,1,1,5.0,1954,2009,3,2.0,0,1.0,3.0,0,60,1.0,1.0
200500083324,12,6,5,2,1,1.0,6.0,424,880,0,0,7,2.0,1.0,A01,1,1,1,1,1.0,1983,2005,4,2.0,2,1.0,1.0,0,78,1.0,1.0
201600033080,7,6,1,1,2,1.0,2.0,290,690,0,0,7,1.0,15.0,B01,1,1,1,2,5.0,1988,2016,4,3.0,4,1.0,1.0,35,60,1.0,1.0
200700020544,4,12,1,2,1,1.0,2.0,88,60,0,0,7,4.0,1.0,B01,1,1,1,2,0.0,1942,2007,4,2.0,4,1.0,1.0,0,110,1.0,0.0
200800033199,6,12,1,1,1,3.0,5.0,263,620,0,0,10,1.0,1.0,C01,2,2,1,1,0.0,1988,2008,2,2.0,2,1.0,1.0,0,74,2.0,1.0
201800044294,10,11,1,1,1,1.0,4.0,363,770,0,0,15,1.0,21.0,C01,1,1,1,1,4.0,1972,2018,1,3.0,4,1.0,1.0,0,0,1.0,3.0
200900067998,11,19,2,2,1,1.0,6.0,88,60,0,0,2,3.0,1.0,A01,1,1,1,2,0.0,1994,2009,4,1.0,3,1.0,0.0,10,90,1.0,1.0
201100031362,3,18,1,2,1,1.0,1.0,55,440,0,0,7,3.0,1.0,B01,1,1,1,2,5.0,1943,2011,4,2.0,1,2.0,1.0,0,60,1.0,1.0
200600039038,7,13,1,2,2,1.0,3.0,234,450,0,0,7,3.0,15.0,A01,1,1,1,1,9.0,1947,2006,4,2.0,2,1.0,1.0,0,88,1.0,1.0
201700041134,1,12,5,2,1,1.0,3.0,72,920,0,0,7,7.0,14.0,A01,1,1,1,1,5.0,1977,2017,3,2.0,3,2.0,1.0,0,90,1.0,1.0
201300014340,12,4,5,2,1,1.0,6.0,55,130,0,0,7,6.0,1.0,D01,1,1,1,2,9.0,1969,2013,4,2.0,0,1.0,1.0,0,0,1.0,1.0
201300003771,12,6,1,2,1,1.0,3.0,168,20,0,0,7,8.0,11.0,A01,1,1,1,2,5.0,1951,2013,4,3.0,3,1.0,1.0,0,90,1.0,1.0
201200039740,11,19,3,1,1,1.0,3.0,31,840,0,0,30,1.0,1.0,B01,2,2,1,2,5.0,1996,2012,3,2.0,2,1.0,1.0,0,38,1.0,1.0
200500076199,11,3,1,2,2,2.0,3.0,228,910,0,0,18,2.0,1.0,B01,2,2,1,1,0.0,1988,2005,4,2.0,2,1.0,0.0,0,20,2.0,1.0
200900062490,7,31,5,2,1,1.0,3.0,12,920,0,0,7,6.0,0.0,B01,4,2,1,1,0.0,1981,2009,3,2.0,2,1.0,1.0,0,100,1.0,1.0
201500005954,5,10,1,2,1,1.0,3.0,225,540,0,0,33,8.0,1.0,B02,1,1,1,1,5.0,1989,2015,3,0.0,0,2.0,3.0,0,60,1.0,1.0
200900017053,1,7,3,1,1,4.0,5.0,71,130,0,0,7,3.0,1.0,F02,1,1,1,1,1.0,1984,2009,1,3.0,4,2.0,1.0,15,105,5.0,1.0
201800035390,6,21,1,1,1,1.0,2.0,69,830,0,0,7,6.0,2.0,B01,1,1,1,1,5.0,1938,2018,3,2.0,2,1.0,1.0,0,0,1.0,3.0
201500040653,12,8,5,2,2,2.0,6.0,6,930,0,0,7,1.0,1.0,A01,0,3,1,2,0.0,1999,2015,4,2.0,2,1.0,1.0,0,60,2.0,1.0
200500019524,4,18,5,2,4,8.0,3.0,172,340,0,0,5,1.0,1.0,B01,1,1,1,2,0.0,1958,2005,4,2.0,4,4.0,1.0,10,134,2.0,1.0
200500050512,8,20,1,2,1,1.0,6.0,88,60,0,0,7,5.0,0.0,A01,1,1,1,1,5.0,1924,2005,4,2.0,2,2.0,1.0,0,0,1.0,1.0
201100016394,11,21,1,2,1,1.0,5.0,88,60,0,0,2,0.0,20.0,A01,1,1,1,1,5.0,1991,2011,4,2.0,2,1.0,1.0,0,100,1.0,1.0
201700026661,6,13,1,2,1,1.0,6.0,238,350,0,0,31,1.0,17.0,A01,1,1,1,1,9.0,1997,2017,4,2.0,1,1.0,1.0,0,0,1.0,1.0
200800058285,10,27,5,2,1,2.0,6.0,218,420,0,0,7,1.0,1.0,A01,1,1,1,1,4.0,1964,2008,4,1.0,2,1.0,1.0,0,60,1.0,1.0
201000011742,3,7,1,1,1,1.0,2.0,107,130,0,0,33,7.0,1.0,A01,0,3,1,1,5.0,1959,2010,3,2.0,2,2.0,4.0,0,56,1.0,1.0
201000060375,9,12,1,2,2,1.0,6.0,102,750,0,0,7,2.0,16.0,A01,1,1,1,1,4.0,1968,2010,4,1.0,2,1.0,1.0,0,100,1.0,1.0
201100056490,7,1,5,2,3,1.0,2.0,387,690,0,0,7,4.0,23.0,B01,3,2,1,2,4.0,1988,2011,4,1.0,4,1.0,1.0,0,170,1.0,1.0
200600012040,3,27,5,2,2,1.0,6.0,189,300,0,0,7,8.0,1.0,B01,1,1,1,1,0.0,1978,2006,4,0.0,1,0.0,1.0,0,50,1.0,1.0
201300017588,9,21,3,1,1,1.0,1.0,334,140,0,0,17,3.0,1.0,B02,1,1,1,1,4.0,1960,2013,3,2.0,2,1.0,1.0,0,101,1.0,1.0
201100051236,5,12,1,2,1,1.0,6.0,41,940,0,0,33,1.0,21.0,A01,1,1,1,1,4.0,1972,2011,2,2.0,4,1.0,1.0,0,140,1.0,1.0
201400015585,9,13,1,2,1,1.0,6.0,55,130,0,0,7,2.0,15.0,A01,1,1,1,1,3.0,1930,2014,4,2.0,0,1.0,1.0,0,0,1.0,1.0
201700009908,6,26,1,2,1,1.0,6.0,55,130,0,0,2,3.0,1.0,A01,0,3,1,2,4.0,1985,2017,4,2.0,3,1.0,1.0,0,90,1.0,1.0
200500061451,9,28,1,2,1,1.0,1.0,70,940,0,0,7,1.0,21.0,A01,1,1,1,1,5.0,1978,2005,2,2.0,2,1.0,1.0,0,60,1.0,1.0
200500061523,9,13,1,2,3,1.0,1.0,65,940,0,0,5,1.0,13.0,A01,1,1,1,1,0.0,1972,2005,4,2.0,0,0.0,0.0,0,0,0.0,1.0
201100045126,10,19,5,2,1,1.0,4.0,691,910,0,0,7,4.0,2.0,B01,1,1,1,1,5.0,1973,2011,3,2.0,2,1.0,1.0,0,100,1.0,1.0
200500083673,12,6,1,2,1,1.0,2.0,6,930,0,0,5,1.0,2.0,A01,1,1,1,1,5.0,1963,2005,4,2.0,2,2.0,1.0,0,70,1.0,1.0
201300029883,11,10,1,2,1,1.0,1.0,203,590,0,0,7,8.0,1.0,B01,1,1,1,2,5.0,1989,2013,4,2.0,2,2.0,4.0,0,60,2.0,1.0
201300000074,11,26,2,2,1,8.0,3.0,258,590,0,0,7,3.0,15.0,A01,1,1,1,1,0.0,1987,2013,3,2.0,2,1.0,1.0,0,73,1.0,1.0
201700024663,4,10,1,2,1,1.0,2.0,555,310,0,0,7,1.0,2.0,A01,1,1,1,2,5.0,1982,2017,3,2.0,0,1.0,1.0,0,0,1.0,1.0
201100022283,5,5,1,1,6,7.0,2.0,541,310,0,0,33,4.0,19.0,B02,1,1,1,1,1.0,1967,2011,3,2.0,2,1.0,1.0,0,75,1.0,1.0
200500065975,10,21,5,2,1,1.0,4.0,555,310,0,0,7,4.0,1.0,B01,1,1,1,1,9.0,1957,2005,4,2.0,2,1.0,1.0,0,82,1.0,1.0
201000003949,6,19,1,1,1,8.0,6.0,227,850,0,0,7,9.0,1.0,A01,4,2,1,2,0.0,1991,2010,4,2.0,2,1.0,4.0,0,45,1.0,1.0
201800008547,2,17,1,2,1,2.0,3.0,55,130,0,0,7,1.0,15.0,A01,1,1,1,1,5.0,1976,2018,4,0.0,2,1.0,1.0,0,60,2.0,0.0
201100064449,3,7,1,1,4,1.0,3.0,112,750,0,0,33,2.0,3.0,B01,1,1,1,1,1.0,1978,2011,4,1.0,2,1.0,1.0,15,70,1.0,0.0
200900067398,10,6,1,2,1,1.0,6.0,447,760,0,0,7,1.0,0.0,A01,1,1,1,1,5.0,1958,2009,4,0.0,2,0.0,0.0,25,75,1.0,0.0
200700045082,7,5,5,2,1,2.0,3.0,42,940,0,0,32,1.0,1.0,B01,1,1,1,1,0.0,1973,2007,4,2.0,2,1.0,1.0,0,120,2.0,1.0
200700075814,12,7,2,1,1,5.0,5.0,19,840,0,0,7,3.0,15.0,A01,1,1,1,1,1.0,1986,2007,3,2.0,0,1.0,0.0,0,94,2.0,1.0
200600071264,11,26,1,2,1,2.0,6.0,134,600,0,0,7,1.0,1.0,A01,1,1,1,1,5.0,1983,2006,3,2.0,2,0.0,0.0,75,131,2.0,1.0
201400007287,6,21,1,2,6,1.0,1.0,284,250,0,0,7,1.0,1.0,B02,1,1,1,2,5.0,1968,2014,3,0.0,0,0.0,0.0,0,0,1.0,1.0
201100055153,9,1,1,1,1,1.0,5.0,216,910,0,0,7,8.0,11.0,B01,1,1,1,2,0.0,1966,2011,1,3.0,6,1.0,1.0,15,210,1.0,1.0
201800026265,1,9,1,2,1,1.0,6.0,190,440,0,0,7,1.0,1.0,A01,1,1,1,2,0.0,1994,2018,4,2.0,1,1.0,1.0,0,80,1.0,1.0
201000027738,7,22,1,2,1,1.0,6.0,189,300,0,0,7,6.0,4.0,A01,0,3,1,1,0.0,1949,2010,4,0.0,2,1.0,2.0,0,72,1.0,1.0
200800038076,7,7,1,2,1,1.0,3.0,49,830,0,0,7,7.0,15.0,A01,1,1,1,2,4.0,1971,2008,4,2.0,0,1.0,2.0,0,0,1.0,1.0
201600045131,11,3,2,1,1,1.0,2.0,46,940,0,0,7,4.0,1.0,A01,1,1,1,2,5.0,1971,2016,1,3.0,4,1.0,1.0,0,0,1.0,1.0
200500036639,6,28,5,2,3,2.0,3.0,7,930,0,0,7,1.0,2.0,B01,2,2,1,1,0.0,1993,2005,4,2.0,2,1.0,1.0,0,80,2.0,1.0
200800007753,2,23,1,2,1,1.0,7.0,55,130,0,0,10,3.0,21.0,A01,2,2,1,1,0.0,1960,2008,3,3.0,1,2.0,1.0,13,42,1.0,1.0
200800039089,7,22,1,2,1,1.0,2.0,189,300,0,0,7,4.0,2.0,A01,1,1,1,1,5.0,1981,2008,4,1.0,2,1.0,1.0,0,97,1.0,1.0
201000040520,2,7,1,2,2,1.0,3.0,482,670,0,0,40,3.0,1.0,B01,1,1,1,1,4.0,1949,2010,4,3.0,5,1.0,1.0,0,70,1.0,1.0
201400039104,12,12,5,2,2,1.0,3.0,9,920,0,0,7,8.0,15.0,B01,1,1,1,1,1.0,1985,2014,4,1.0,1,1.0,1.0,0,0,1.0,1.0
200600029766,5,4,1,2,1,1.0,6.0,383,690,0,0,2,1.0,1.0,A01,0,3,1,2,9.0,1998,2006,4,2.0,2,1.0,1.0,0,0,1.0,1.0
201000053200,12,21,1,2,1,4.0,7.0,76,940,0,0,32,8.0,1.0,A01,1,1,1,2,9.0,1955,2010,4,2.0,2,1.0,1.0,0,0,5.0,1.0
200800034468,6,22,1,2,1,1.0,6.0,66,930,0,0,7,2.0,2.0,A01,1,1,1,1,0.0,1977,2008,4,3.0,2,1.0,1.0,5,60,1.0,1.0
201000030499,9,9,1,2,1,1.0,6.0,172,340,0,0,7,2.0,1.0,A01,1,1,1,1,5.0,1986,2010,4,2.0,2,1.0,1.0,0,60,1.0,1.0
201500041602,12,9,1,2,1,1.0,2.0,71,930,0,0,7,1.0,1.0,A01,1,1,1,2,1.0,1980,2015,4,2.0,2,0.0,0.0,0,0,2.0,1.0
201700033155,4,15,1,2,1,1.0,4.0,445,640,0,0,7,4.0,23.0,B01,1,1,1,2,9.0,1978,2017,4,2.0,2,1.0,1.0,0,87,1.0,1.0
201500029699,3,14,5,1,6,1.0,6.0,271,590,0,0,7,1.0,1.0,A01,3,2,1,1,5.0,2008,2015,3,3.0,2,1.0,3.0,100,44,1.0,3.0
200600051458,9,11,1,1,2,1.0,3.0,230,120,0,0,7,7.0,1.0,A01,1,1,1,1,5.0,1944,2006,3,2.0,2,4.0,1.0,0,65,1.0,1.0
200800057874,10,1,1,2,3,1.0,3.0,281,330,0,0,7,1.0,16.0,A01,1,1,1,2,1.0,1980,2008,4,2.0,2,1.0,1.0,0,36,1.0,1.0
201100045871,5,19,1,2,1,1.0,6.0,23,920,0,0,7,3.0,1.0,A01,1,1,1,1,5.0,1984,2011,4,2.0,2,1.0,1.0,0,0,1.0,1.0
201100014009,3,21,1,1,2,1.0,1.0,5,180,0,0,7,1.0,1.0,A01,1,1,1,1,2.0,1990,2011,3,2.0,2,1.0,1.0,0,70,1.0,1.0
200600075395,12,6,1,1,1,3.0,3.0,54,130,0,0,10,6.0,10.0,A01,1,1,1,1,5.0,1955,2006,3,2.0,4,1.0,1.0,0,160,2.0,1.0
200900019287,4,2,5,2,1,1.0,6.0,18,950,0,0,2,2.0,14.0,A01,2,2,1,1,5.0,1992,2009,4,2.0,2,1.0,1.0,0,60,1.0,1.0
201200021458,5,27,1,1,1,1.0,4.0,158,440,0,0,7,4.0,23.0,D04,1,1,1,2,0.0,1954,2012,2,3.0,4,1.0,1.0,0,0,1.0,1.0
201500045674,7,13,3,1,1,1.0,4.0,78,920,0,0,7,0.0,0.0,B01,1,1,1,1,0.0,1981,2015,1,1.0,3,1.0,2.0,15,105,1.0,1.0
200700033814,6,5,1,1,1,1.0,2.0,61,830,0,0,38,4.0,23.0,B02,8,2,1,2,0.0,1936,2007,1,3.0,1,1.0,1.0,0,28,1.0,1.0
201200030056,3,7,1,2,2,1.0,3.0,129,500,0,0,30,1.0,1.0,B01,1,1,1,1,2.0,1995,2012,4,1.0,1,1.0,1.0,0,50,1.0,0.0
201800051665,2,20,1,2,2,1.0,3.0,111,750,12,50,32,8.0,1.0,B01,1,1,1,1,4.0,1990,2018,4,3.0,1,1.0,1.0,0,0,1.0,1.0
201200028949,7,30,1,2,2,1.0,3.0,109,440,0,0,7,5.0,1.0,A01,1,1,1,1,0.0,1990,2012,4,2.0,2,1.0,1.0,0,0,1.0,1.0
201000018182,9,11,2,1,1,1.0,3.0,126,630,0,0,7,3.0,5.0,A01,1,1,1,2,5.0,1926,2010,1,1.0,2,1.0,3.0,10,70,1.0,1.0
201200037342,12,8,5,1,1,1.0,6.0,447,760,0,0,7,2.0,1.0,A01,0,3,1,1,9.0,1997,2012,6,0.0,0,1.0,1.0,0,60,1.0,1.0
200600071696,11,5,1,1,3,1.0,3.0,404,240,0,0,33,7.0,1.0,B02,2,2,1,2,0.0,1969,2006,3,2.0,2,1.0,2.0,0,71,1.0,1.0
201900008759,7,24,1,2,1,1.0,2.0,78238,78,0,0,34,1.0,1.0,A01,2,1,1,1,9.0,1952,2019,3,2.0,5,1.0,1.0,0,0,1.0,3.0
200800046041,8,31,5,2,1,1.0,1.0,300,170,0,0,30,1.0,1.0,B01,1,1,1,1,0.0,1989,2008,4,2.0,3,1.0,1.0,0,90,1.0,1.0
201500026468,10,24,3,1,1,1.0,1.0,223,420,0,0,33,1.0,1.0,A01,1,1,1,1,0.0,1996,2015,3,2.0,2,3.0,3.0,0,0,1.0,1.0
200700038613,6,28,1,2,2,1.0,3.0,105,750,0,0,7,7.0,2.0,A01,1,1,1,1,5.0,1975,2007,4,2.0,2,1.0,2.0,0,0,1.0,1.0
201500050385,11,5,2,1,1,1.0,4.0,55,130,0,0,7,1.0,2.0,D01,2,2,1,1,5.0,1994,2015,1,1.0,3,1.0,1.0,0,105,1.0,1.0
200600082786,9,10,4,2,2,1.0,3.0,411,974,0,0,7,8.0,1.0,B01,1,1,1,2,5.0,1974,2006,4,1.0,1,1.0,1.0,0,31,1.0,1.0
201200009950,12,22,3,1,1,2.0,1.0,103,280,0,0,7,3.0,1.0,B02,2,2,1,2,0.0,1965,2012,2,2.0,2,1.0,1.0,0,70,2.0,1.0
201400055515,4,14,1,2,1,1.0,6.0,116,750,0,0,10,4.0,4.0,A01,1,1,1,1,1.0,1986,2014,4,1.0,1,1.0,1.0,0,0,1.0,1.0