num_acc,mois,jour,lum,agg,int,atm,col,com,dep,hr,mn,catv,choc,manv,num_veh,place,catu,grav,sexe,trajet,an_nais,annee,catr,circ,nbv,prof,plan,lartpc,larrout,surf,situ
201700022275,8,11,1,1,3,1.0,3.0,260,590,0,0,7,7.0,17.0,B01,2,2,1,2,5.0,1988,2017,3,2.0,2,1.0,0.0,7,810,1.0,0.0
201700035526,5,14,1,2,2,1.0,3.0,10,740,0,0,7,3.0,1.0,B01,1,1,1,1,9.0,1971,2017,4,2.0,2,1.0,1.0,43,72,1.0,1.0
201400050829,9,19,1,1,1,1.0,5.0,297,690,0,0,7,3.0,12.0,F02,1,1,1,1,5.0,1948,2014,1,3.0,2,1.0,1.0,5,70,1.0,1.0
201200036829,10,31,2,2,1,1.0,6.0,306,710,0,0,16,1.0,1.0,A01,1,1,1,1,1.0,1979,2012,4,2.0,4,1.0,1.0,0,0,1.0,1.0
200900058401,12,5,5,2,1,1.0,3.0,55,130,0,0,7,8.0,1.0,A01,0,3,1,2,0.0,1985,2009,4,2.0,2,1.0,1.0,19,66,1.0,1.0
200600002658,1,20,1,2,1,2.0,3.0,8,750,0,0,7,7.0,16.0,B01,1,1,1,2,5.0,1966,2006,4,2.0,4,1.0,1.0,0,120,2.0,1.0
201300023670,4,23,1,2,2,1.0,3.0,63,330,0,0,7,1.0,1.0,A01,1,1,1,2,4.0,1973,2013,4,2.0,2,1.0,1.0,0,0,1.0,1.0
201900007330,7,7,1,2,1,1.0,2.0,93057,93,0,0,7,1.0,23.0,B01,2,2,1,2,5.0,1978,2019,4,1.0,2,1.0,1.0,0,0,1.0,1.0
200900059534,1,8,1,2,1,1.0,6.0,540,760,0,0,7,1.0,0.0,A01,1,1,1,2,3.0,1946,2009,3,3.0,2,1.0,1.0,20,33,2.0,1.0
201400056678,2,7,5,2,7,6.0,2.0,119,750,0,0,32,1.0,1.0,B01,1,1,1,1,4.0,1986,2014,4,1.0,3,1.0,1.0,0,120,2.0,1.0
200800007418,2,6,5,2,1,1.0,3.0,88,60,0,0,2,5.0,9.0,A01,1,1,1,1,5.0,1992,2008,4,3.0,4,2.0,1.0,20,167,1.0,1.0
201700044381,6,30,1,2,1,2.0,2.0,28,940,0,0,7,1.0,2.0,A01,1,1,1,2,1.0,1994,2017,3,2.0,2,1.0,1.0,30,80,1.0,1.0
201800008099,11,29,5,2,1,1.0,1.0,1,130,0,0,7,1.0,13.0,A01,1,1,1,1,1.0,1991,2018,9,2.0,2,1.0,1.0,0,0,1.0,3.0
200800058700,10,21,1,2,1,1.0,3.0,17,590,0,0,1,1.0,1.0,B01,1,1,1,2,0.0,1960,2008,4,2.0,2,1.0,1.0,0,60,1.0,1.0
201700027428,10,5,1,2,3,1.0,3.0,261,370,0,0,7,3.0,15.0,A01,1,1,1,2,4.0,1971,2017,4,2.0,2,1.0,1.0,0,50,1.0,1.0
200800047888,8,26,3,1,1,1.0,2.0,418,670,0,0,10,5.0,2.0,B02,1,1,1,1,5.0,1968,2008,3,2.0,3,1.0,1.0,0,120,1.0,1.0
200600007533,2,5,5,2,1,1.0,5.0,88,60,0,0,7,1.0,1.0,C01,2,2,1,2,0.0,1948,2006,3,2.0,2,3.0,2.0,0,72,1.0,1.0
201700026899,12,1,1,2,3,1.0,1.0,238,350,0,0,37,2.0,1.0,A01,1,1,1,2,4.0,1956,2017,4,2.0,3,2.0,1.0,0,0,0.0,1.0
201800020231,2,16,3,1,1,1.0,3.0,267,180,0,0,7,2.0,19.0,A01,1,1,1,1,5.0,1993,2018,3,2.0,3,1.0,1.0,0,132,2.0,1.0
200900022551,5,29,1,2,1,1.0,5.0,29,460,0,0,7,3.0,13.0,B02,2,2,1,2,0.0,1983,2009,3,2.0,2,1.0,1.0,0,90,1.0,1.0
201900001503,8,13,1,2,1,1.0,4.0,12202,12,0,0,7,4.0,23.0,B01,2,2,1,2,3.0,1960,2019,4,2.0,2,1.0,1.0,0,0,1.0,1.0
200700058946,9,30,1,1,1,5.0,7.0,350,590,0,0,7,0.0,0.0,A01,1,1,1,1,0.0,1980,2007,2,3.0,4,1.0,2.0,25,140,0.0,1.0
201000062825,6,7,1,2,6,1.0,2.0,112,750,0,0,2,1.0,1.0,A01,1,1,1,1,9.0,1954,2010,4,2.0,2,1.0,0.0,0,0,1.0,0.0
200900008073,1,10,1,2,1,1.0,5.0,14,150,0,0,7,6.0,21.0,C01,1,1,1,1,5.0,1986,2009,4,0.0,4,1.0,1.0,0,250,1.0,1.0
200600048412,8,22,1,1,4,1.0,6.0,121,520,0,0,7,1.0,15.0,A01,1,1,1,1,5.0,1930,2006,2,2.0,3,2.0,3.0,0,110,1.0,1.0
200800005145,1,16,2,2,1,1.0,7.0,585,950,0,0,10,2.0,1.0,A01,1,1,1,1,4.0,1955,2008,4,2.0,2,1.0,1.0,0,80,1.0,1.0
201700027979,5,3,1,2,1,1.0,6.0,187,420,0,0,7,8.0,1.0,A01,1,1,1,2,5.0,1976,2017,4,2.0,0,0.0,0.0,0,0,1.0,1.0
201600044785,5,10,1,1,1,3.0,3.0,33,940,0,0,34,7.0,1.0,B01,5,2,1,2,5.0,1991,2016,1,3.0,3,1.0,1.0,15,105,2.0,1.0
201100034447,2,4,3,2,9,1.0,2.0,260,560,0,0,7,1.0,2.0,A01,1,1,1,1,9.0,1967,2011,4,2.0,2,1.0,1.0,0,0,1.0,1.0
201200039944,12,13,5,2,1,2.0,6.0,194,860,0,0,7,3.0,1.0,A01,3,2,1,1,9.0,1988,2012,6,1.0,1,1.0,1.0,0,63,2.0,1.0
201000054557,8,23,1,2,3,1.0,6.0,203,950,0,0,1,1.0,19.0,A01,1,1,1,1,1.0,1980,2010,4,2.0,2,1.0,1.0,0,0,1.0,1.0
200700050026,8,21,1,2,7,8.0,3.0,99,490,0,0,1,8.0,1.0,B01,1,1,1,2,5.0,1991,2007,4,2.0,2,2.0,1.0,0,90,2.0,5.0
200800057593,10,16,1,2,1,2.0,6.0,31,250,0,0,7,1.0,1.0,A01,1,1,1,1,3.0,1938,2008,2,2.0,2,1.0,1.0,0,37,2.0,1.0
201500058048,9,7,3,1,1,1.0,6.0,407,974,0,0,33,0.0,0.0,A01,1,1,1,1,0.0,1979,2015,2,2.0,2,1.0,1.0,0,35,1.0,1.0
200700039356,7,8,1,1,1,8.0,1.0,385,620,0,0,2,1.0,1.0,A01,1,1,1,1,5.0,1986,2007,3,2.0,2,1.0,1.0,0,50,2.0,1.0
201700059027,2,15,1,1,1,1.0,2.0,608,976,0,0,10,5.0,2.0,A01,1,1,1,1,0.0,1976,2017,2,2.0,2,1.0,1.0,20,60,1.0,1.0
201500013897,4,20,1,2,7,1.0,6.0,55,130,0,0,7,6.0,4.0,A01,1,1,1,2,1.0,1971,2015,6,0.0,0,1.0,1.0,0,50,1.0,0.0
200800019658,4,30,1,2,1,1.0,3.0,281,330,0,0,10,2.0,16.0,A01,1,1,1,1,0.0,1979,2008,4,3.0,4,1.0,1.0,60,180,1.0,5.0
201500010667,2,8,5,2,1,1.0,2.0,88,60,0,0,7,1.0,2.0,A01,1,1,1,1,0.0,1991,2015,4,1.0,2,1.0,1.0,0,0,1.0,1.0
201600050746,6,29,1,1,1,1.0,4.0,55,130,0,0,7,4.0,23.0,B01,1,1,1,2,5.0,1972,2016,1,1.0,3,1.0,1.0,0,105,1.0,1.0
200500034879,6,16,1,2,2,1.0,3.0,259,690,0,0,7,1.0,15.0,A01,1,1,1,2,5.0,1980,2005,4,2.0,2,1.0,1.0,0,128,1.0,1.0
201000026877,8,18,1,2,1,1.0,2.0,134,280,0,0,7,4.0,2.0,B01,1,1,1,1,1.0,1976,2010,3,1.0,1,1.0,1.0,0,0,1.0,1.0
200600065844,11,23,1,2,1,1.0,2.0,29,60,0,0,7,4.0,1.0,B01,1,1,1,2,5.0,1976,2006,4,2.0,2,1.0,1.0,0,73,1.0,1.0
200900074346,11,9,1,2,1,1.0,6.0,2,973,0,0,7,0.0,0.0,A01,0,3,1,2,0.0,2002,2009,3,2.0,2,1.0,1.0,0,0,1.0,1.0
201200038936,8,5,1,2,2,1.0,3.0,21,800,0,0,7,6.0,1.0,B01,1,1,1,1,5.0,1985,2012,4,2.0,4,1.0,1.0,0,0,1.0,1.0
201700048443,4,2,1,1,1,1.0,4.0,36,920,0,0,7,4.0,0.0,E01,1,1,1,2,5.0,1978,2017,2,1.0,1,1.0,1.0,15,35,1.0,1.0
201600021226,3,2,1,2,3,1.0,5.0,198,260,0,0,7,0.0,0.0,C01,1,1,1,2,9.0,1952,2016,3,2.0,0,1.0,1.0,25,71,1.0,1.0
201500043918,12,11,5,2,3,1.0,3.0,18,950,0,0,7,1.0,1.0,A01,1,1,1,1,5.0,1990,2015,3,2.0,2,1.0,1.0,0,0,1.0,1.0
200600076309,12,26,1,2,1,1.0,3.0,281,330,0,0,7,3.0,1.0,B01,3,2,1,1,0.0,1994,2006,4,2.0,2,1.0,1.0,0,95,1.0,1.0
200500013663,3,19,1,2,9,7.0,6.0,6,360,0,0,7,1.0,0.0,A01,1,1,1,1,4.0,1952,2005,3,2.0,2,1.0,0.0,0,54,1.0,1.0
201800003568,5,20,1,2,3,1.0,3.0,92,130,0,0,7,3.0,15.0,A01,1,1,1,2,5.0,1947,2018,3,2.0,2,2.0,1.0,0,0,1.0,1.0
201800052862,11,1,5,1,1,1.0,2.0,114,750,18,30,7,4.0,23.0,B01,1,1,1,2,5.0,1987,2018,4,1.0,3,1.0,1.0,0,0,1.0,1.0
201100060685,10,25,5,2,2,8.0,2.0,112,750,0,0,7,1.0,1.0,A01,5,2,1,2,0.0,2006,2011,4,2.0,1,1.0,1.0,80,80,2.0,1.0
200800038449,7,17,1,2,1,1.0,7.0,63,130,0,0,7,7.0,1.0,A01,1,1,1,2,3.0,1952,2008,4,3.0,2,1.0,1.0,0,0,1.0,1.0
200600028162,5,10,1,2,1,1.0,7.0,17,750,0,0,5,0.0,21.0,A01,1,1,1,1,1.0,1974,2006,4,3.0,4,1.0,1.0,15,120,1.0,1.0
200800062218,10,28,1,2,1,1.0,4.0,117,750,0,0,7,1.0,2.0,A01,1,1,1,1,5.0,1985,2008,4,1.0,4,1.0,0.0,15,145,1.0,1.0
201600020488,11,12,1,1,1,1.0,6.0,129,440,0,0,7,3.0,0.0,A01,9,2,1,2,5.0,2001,2016,2,3.0,4,1.0,1.0,50,70,1.0,1.0
201100044874,5,1,1,2,1,1.0,4.0,223,910,0,0,10,4.0,2.0,C01,3,2,1,1,0.0,1981,2011,2,3.0,4,1.0,1.0,0,0,2.0,1.0
201200017865,4,3,1,2,1,1.0,6.0,154,210,0,0,7,4.0,20.0,A01,1,1,1,1,5.0,1955,2012,9,2.0,2,1.0,1.0,37,37,1.0,4.0
201200021813,10,9,1,2,2,1.0,5.0,231,210,0,0,37,3.0,23.0,D01,1,1,1,1,4.0,1965,2012,4,2.0,4,1.0,1.0,0,0,2.0,1.0
200500058164,9,7,1,2,1,1.0,3.0,63,330,0,0,7,5.0,15.0,A01,1,1,1,2,1.0,1976,2005,4,2.0,3,1.0,1.0,0,140,1.0,1.0
201800013025,6,28,1,1,1,1.0,5.0,306,450,0,0,17,8.0,1.0,C01,1,1,1,1,4.0,1980,2018,3,2.0,2,1.0,1.0,0,0,1.0,1.0
201700045119,12,5,1,2,1,1.0,2.0,46,940,0,0,7,1.0,0.0,A01,1,1,1,1,0.0,1958,2017,2,3.0,2,1.0,1.0,0,0,1.0,1.0
201000049013,10,4,5,2,2,8.0,3.0,20,920,0,0,10,8.0,1.0,B01,1,1,1,1,1.0,1961,2010,4,1.0,1,1.0,1.0,0,0,2.0,1.0
200600052243,9,5,1,1,1,1.0,1.0,33,60,0,0,7,3.0,15.0,A01,1,1,1,1,5.0,1942,2006,3,2.0,2,0.0,0.0,0,0,0.0,0.0
201300036366,6,11,1,2,2,1.0,3.0,129,830,0,0,7,3.0,1.0,B01,1,1,1,1,0.0,1993,2013,4,2.0,1,1.0,1.0,0,75,1.0,1.0
200600032903,6,19,1,2,1,1.0,3.0,55,130,0,0,7,3.0,15.0,A01,1,1,1,2,5.0,1960,2006,4,2.0,2,3.0,0.0,0,53,1.0,1.0
201700029540,12,15,1,2,1,1.0,6.0,7,490,0,0,7,1.0,1.0,A01,1,1,1,1,0.0,1967,2017,4,2.0,2,1.0,2.0,0,40,1.0,1.0
201700028728,4,7,1,2,1,1.0,3.0,232,450,0,0,7,2.0,15.0,A01,1,1,1,1,5.0,1967,2017,4,2.0,2,1.0,1.0,0,72,1.0,1.0
201100038539,11,3,1,2,2,1.0,3.0,440,650,0,0,7,8.0,1.0,B01,1,1,1,2,0.0,1980,2011,3,2.0,2,4.0,1.0,0,0,1.0,1.0
201000050486,2,18,1,2,1,2.0,6.0,13,930,0,0,10,1.0,1.0,A01,0,3,1,2,3.0,1979,2010,2,2.0,2,1.0,1.0,0,0,2.0,1.0
200700044924,7,20,1,2,1,1.0,6.0,64,930,0,0,7,7.0,1.0,A01,1,1,1,1,4.0,1958,2007,3,2.0,4,1.0,1.0,0,160,1.0,1.0
201700033543,11,21,1,2,6,1.0,6.0,440,650,0,0,7,1.0,1.0,A01,0,3,1,2,1.0,1997,2017,2,2.0,4,1.0,1.0,0,0,1.0,1.0
201300040514,3,21,1,2,3,1.0,3.0,73,920,0,0,7,2.0,9.0,A01,1,1,1,2,1.0,1968,2013,3,3.0,4,1.0,1.0,0,0,1.0,1.0
201900003316,8,12,1,2,1,1.0,7.0,77483,77,0,0,32,2.0,1.0,A01,1,1,1,1,9.0,2001,2019,3,1.0,1,1.0,2.0,0,0,1.0,1.0
200500030201,5,5,1,2,1,1.0,4.0,12,750,0,0,7,1.0,2.0,A01,2,2,1,1,0.0,1953,2005,4,3.0,4,1.0,1.0,15,120,1.0,1.0
200900034343,2,19,4,2,1,1.0,6.0,20,920,0,0,33,0.0,0.0,B01,1,1,1,1,1.0,1980,2009,3,2.0,2,1.0,1.0,0,0,1.0,0.0
201400017772,10,23,1,1,1,1.0,3.0,101,60,0,0,14,3.0,13.0,A01,2,2,1,1,0.0,1952,2014,3,2.0,2,0.0,4.0,0,50,1.0,1.0
201700051372,6,16,1,1,1,1.0,7.0,167,330,0,0,33,7.0,1.0,A01,1,1,1,1,1.0,1991,2017,2,3.0,6,1.0,2.0,10,210,1.0,1.0
200600062205,10,20,3,1,1,2.0,6.0,339,540,0,0,7,2.0,1.0,A01,1,1,1,1,5.0,1984,2006,3,2.0,2,2.0,3.0,0,50,2.0,3.0
201700059693,2,15,1,1,1,1.0,5.0,213,972,0,0,7,1.0,0.0,D01,1,1,1,1,1.0,1984,2017,3,2.0,2,1.0,1.0,0,0,1.0,1.0
200800013082,3,17,1,2,1,1.0,6.0,113,630,0,0,30,1.0,1.0,A01,1,1,1,1,5.0,1991,2008,4,2.0,3,1.0,1.0,0,0,1.0,1.0
200600070617,11,19,1,1,1,1.0,4.0,4,201,0,0,7,4.0,2.0,B01,1,1,1,2,0.0,1976,2006,2,1.0,3,1.0,0.0,0,111,0.0,1.0
201600058440,12,10,1,1,1,1.0,4.0,213,972,0,0,7,1.0,2.0,A01,1,1,1,1,0.0,1979,2016,1,3.0,4,1.0,1.0,0,0,1.0,1.0
200700019882,4,27,1,2,1,1.0,3.0,206,110,0,0,7,8.0,20.0,A01,1,1,1,2,4.0,1977,2007,4,2.0,2,1.0,1.0,0,0,1.0,1.0
200700041295,7,18,5,2,1,1.0,2.0,11,370,0,0,7,2.0,17.0,A01,2,2,1,1,0.0,1986,2007,3,2.0,0,1.0,1.0,0,62,1.0,1.0
200800075057,3,25,1,2,1,1.0,2.0,416,974,0,0,32,1.0,1.0,A01,1,1,1,1,0.0,1978,2008,4,1.0,1,1.0,1.0,0,50,1.0,1.0
201300039231,11,7,5,2,1,1.0,6.0,25,920,0,0,1,1.0,1.0,A01,0,3,1,2,0.0,1963,2013,3,2.0,0,1.0,1.0,0,0,1.0,1.0
201000056290,10,1,1,1,1,1.0,7.0,53,930,0,0,31,8.0,1.0,A01,1,1,1,1,1.0,1980,2010,1,3.0,2,4.0,2.0,15,70,1.0,1.0
201400033856,1,30,1,2,1,1.0,6.0,149,690,0,0,10,4.0,4.0,A01,1,1,1,1,4.0,1983,2014,4,2.0,2,1.0,1.0,0,76,1.0,1.0
200800041069,7,30,1,2,1,1.0,2.0,20,920,0,0,7,1.0,1.0,A01,1,1,1,1,1.0,1958,2008,3,3.0,5,2.0,1.0,0,0,1.0,1.0
201100048505,9,15,5,2,3,1.0,3.0,31,930,0,0,7,1.0,15.0,A01,1,1,1,1,9.0,1987,2011,3,2.0,2,1.0,1.0,0,40,1.0,1.0
200600008654,2,27,5,2,1,1.0,6.0,7,490,0,0,7,1.0,1.0,A01,1,1,1,1,5.0,1985,2006,4,2.0,2,1.0,1.0,0,70,1.0,1.0
201300056789,12,10,1,2,1,1.0,3.0,119,750,0,0,7,5.0,12.0,A01,1,1,1,1,5.0,1960,2013,4,1.0,4,1.0,1.0,15,140,1.0,1.0
201500034955,10,31,3,1,3,1.0,3.0,121,820,0,0,7,7.0,15.0,A01,2,2,1,2,5.0,1941,2015,4,2.0,2,1.0,1.0,0,0,1.0,1.0
200500029877,5,2,1,2,4,8.0,6.0,18,750,0,0,7,1.0,15.0,A01,1,1,1,2,5.0,1949,2005,4,2.0,2,1.0,1.0,0,60,1.0,1.0
200900018745,4,4,1,2,1,1.0,2.0,260,560,0,0,7,1.0,2.0,A01,1,1,1,2,0.0,1952,2009,4,2.0,2,1.0,3.0,0,0,1.0,1.0
201400013734,5,28,1,2,2,7.0,3.0,28,130,0,0,7,3.0,1.0,A01,1,1,1,1,1.0,1967,2014,4,1.0,1,1.0,1.0,0,39,1.0,1.0
200800045826,8,17,5,2,1,1.0,2.0,55,130,0,0,2,4.0,2.0,B01,1,1,1,2,9.0,1988,2008,4,1.0,1,2.0,1.0,0,60,1.0,1.0
201800023959,7,26,1,2,4,1.0,6.0,318,330,0,0,7,1.0,1.0,A01,1,1,1,1,0.0,1935,2018,4,2.0,2,1.0,1.0,0,0,1.0,0.0
200500043868,7,4,1,2,1,7.0,6.0,75,130,0,0,7,1.0,1.0,A01,1,1,1,1,4.0,1978,2005,4,2.0,2,2.0,1.0,0,60,1.0,1.0
200600038318,7,29,1,2,1,1.0,2.0,231,210,0,0,7,4.0,2.0,B01,1,1,1,1,5.0,1960,2006,2,2.0,0,1.0,1.0,0,90,1.0,1.0
201600013130,3,7,1,1,1,1.0,5.0,561,310,0,0,7,3.0,1.0,C03,1,1,1,1,1.0,1944,2016,3,2.0,2,2.0,1.0,0,60,1.0,1.0
201500036034,9,3,1,2,3,1.0,3.0,85,870,0,0,7,8.0,9.0,A01,1,1,1,1,5.0,1990,2015,4,2.0,2,2.0,1.0,0,60,1.0,1.0
201600038477,5,30,1,2,1,1.0,6.0,44,920,0,0,1,1.0,1.0,A01,1,1,1,1,0.0,1999,2016,4,1.0,1,1.0,1.0,0,0,1.0,1.0
201400058540,5,29,3,2,1,1.0,3.0,14,974,0,0,10,1.0,1.0,A01,1,1,1,1,1.0,1982,2014,2,2.0,2,1.0,1.0,31,76,1.0,1.0
200600074555,12,13,1,1,1,1.0,7.0,213,340,0,0,14,0.0,1.0,A01,1,1,1,1,4.0,1965,2006,3,2.0,2,2.0,3.0,0,60,1.0,1.0
201100002787,6,18,1,2,6,1.0,4.0,451,10,0,0,7,1.0,2.0,A01,1,1,1,1,5.0,1949,2011,3,3.0,4,1.0,1.0,0,0,1.0,1.0
200500045780,7,5,1,2,1,1.0,3.0,181,720,0,0,7,3.0,9.0,A01,1,1,1,2,1.0,1969,2005,9,2.0,2,2.0,1.0,0,80,1.0,1.0
200800013109,3,31,1,2,1,1.0,4.0,113,630,0,0,7,1.0,1.0,A01,1,1,1,1,0.0,1981,2008,4,2.0,3,1.0,3.0,0,105,1.0,1.0
201300018808,6,6,1,1,1,1.0,3.0,41,201,0,0,7,3.0,15.0,B02,1,1,1,1,1.0,1963,2013,2,2.0,2,1.0,1.0,0,61,1.0,1.0
201700002422,2,17,3,2,9,1.0,3.0,247,380,0,0,7,2.0,15.0,A01,1,1,1,2,5.0,1970,2017,3,2.0,2,2.0,0.0,7,10,1.0,0.0
201100050147,6,24,1,2,1,1.0,2.0,17,940,0,0,34,1.0,2.0,B01,1,1,1,1,1.0,1962,2011,4,0.0,2,1.0,1.0,50,150,1.0,1.0
200700039145,6,22,1,2,1,2.0,6.0,120,750,0,0,33,1.0,1.0,A01,1,1,1,2,0.0,1970,2007,4,2.0,2,1.0,1.0,0,90,2.0,1.0
201000048522,7,1,1,2,2,1.0,7.0,26,920,0,0,1,0.0,1.0,A01,1,1,1,1,5.0,1996,2010,9,3.0,2,2.0,1.0,0,110,1.0,5.0
200500010499,2,4,3,1,1,1.0,6.0,820,620,0,0,7,2.0,14.0,A01,1,1,1,1,1.0,1976,2005,2,2.0,2,4.0,1.0,0,65,1.0,1.0
200600063690,10,26,1,2,1,1.0,3.0,16,750,0,0,5,2.0,1.0,B01,1,1,1,1,4.0,1949,2006,4,2.0,3,1.0,1.0,0,90,1.0,1.0
200900042719,9,11,1,2,2,1.0,3.0,233,370,0,0,7,3.0,15.0,A01,1,1,1,2,5.0,1938,2009,4,2.0,2,1.0,1.0,0,60,1.0,0.0
201900052471,3,28,5,2,2,1.0,3.0,94069,94,0,0,7,2.0,15.0,B01,1,1,1,1,5.0,1999,2019,3,3.0,0,1.0,1.0,0,0,1.0,1.0
200800022824,4,27,1,2,2,1.0,3.0,275,190,0,0,10,1.0,1.0,A01,1,1,1,2,9.0,1948,2008,3,2.0,2,1.0,1.0,0,70,1.0,1.0
200800052379,9,21,1,2,1,1.0,5.0,555,310,0,0,7,0.0,1.0,B01,1,1,1,2,5.0,1974,2008,4,2.0,2,1.0,1.0,0,60,1.0,1.0
200900060005,12,3,1,2,1,8.0,6.0,284,770,0,0,13,1.0,1.0,A01,1,1,1,1,5.0,1973,2009,4,2.0,2,1.0,1.0,0,70,2.0,1.0
200500064787,10,29,5,2,1,1.0,6.0,155,60,0,0,2,0.0,17.0,A01,0,3,1,2,5.0,1947,2005,2,3.0,3,1.0,1.0,40,72,1.0,1.0
201500041350,6,23,1,2,1,1.0,3.0,66,930,0,0,7,5.0,0.0,B01,1,1,1,1,1.0,1970,2015,3,2.0,6,1.0,0.0,0,0,1.0,0.0
200800008879,2,4,1,2,2,1.0,6.0,220,590,0,0,7,0.0,1.0,A01,1,1,1,1,0.0,1980,2008,4,2.0,2,1.0,1.0,0,70,1.0,1.0
200600081920,6,3,1,2,2,1.0,6.0,302,973,0,0,7,0.0,9.0,A01,0,3,1,2,9.0,1980,2006,4,1.0,2,1.0,1.0,0,104,1.0,1.0
201500035364,9,11,2,2,1,1.0,1.0,137,830,0,0,7,3.0,1.0,B01,1,1,1,1,0.0,1988,2015,4,2.0,2,1.0,2.0,0,70,1.0,1.0
201000054910,9,16,1,2,6,1.0,4.0,4,201,0,0,7,4.0,2.0,B01,2,2,1,1,4.0,1970,2010,2,1.0,2,2.0,2.0,14,91,1.0,1.0
201000068735,12,9,5,2,3,1.0,3.0,2,973,0,0,2,1.0,15.0,A01,1,1,1,1,0.0,1951,2010,4,2.0,2,1.0,1.0,0,60,1.0,1.0
200700002045,1,20,5,2,3,1.0,3.0,55,130,0,0,7,2.0,1.0,B01,1,1,1,1,5.0,1972,2007,4,1.0,2,2.0,1.0,0,70,1.0,1.0
200700065648,10,10,1,2,1,1.0,6.0,46,930,0,0,33,0.0,1.0,A01,0,3,1,2,9.0,1993,2007,4,1.0,1,1.0,1.0,0,50,1.0,1.0
200600020044,4,21,5,2,1,1.0,6.0,63,330,0,0,7,8.0,22.0,A01,1,1,1,1,0.0,1978,2006,4,0.0,1,1.0,1.0,0,94,1.0,1.0
200900027665,3,19,1,2,2,1.0,1.0,232,290,0,0,1,1.0,1.0,B01,1,1,1,1,0.0,1975,2009,4,2.0,2,0.0,1.0,0,50,0.0,1.0
201200035867,6,23,5,2,2,1.0,6.0,66,680,0,0,7,7.0,1.0,B01,4,2,1,2,0.0,1989,2012,3,2.0,2,1.0,1.0,0,110,1.0,1.0
201600023850,5,6,1,2,3,1.0,3.0,63,330,0,0,40,3.0,1.0,A01,1,1,1,1,4.0,1961,2016,4,3.0,11,1.0,1.0,0,0,1.0,1.0
201700029775,12,15,1,2,2,1.0,2.0,203,500,0,0,10,1.0,1.0,A01,1,1,1,1,5.0,1961,2017,4,2.0,2,1.0,1.0,0,0,2.0,1.0
201100012912,10,14,1,1,1,1.0,5.0,288,300,0,0,7,1.0,24.0,C03,1,1,1,2,0.0,1991,2011,2,2.0,0,1.0,1.0,0,66,1.0,3.0
201700015632,8,20,1,1,1,1.0,1.0,261,150,0,0,7,3.0,17.0,A01,1,1,1,1,5.0,1996,2017,3,2.0,2,1.0,1.0,0,54,1.0,1.0
201200053131,5,5,1,1,1,1.0,6.0,117,130,0,0,7,2.0,0.0,A01,1,1,1,1,5.0,1983,2012,1,1.0,2,1.0,1.0,20,70,1.0,1.0
201000027923,8,19,1,1,1,1.0,3.0,483,310,0,0,7,9.0,19.0,A01,3,2,1,1,5.0,1996,2010,3,2.0,2,2.0,1.0,0,70,1.0,1.0
200600063097,10,3,1,2,1,2.0,6.0,6,750,0,0,7,1.0,1.0,A01,1,1,1,1,4.0,1948,2006,4,1.0,1,1.0,1.0,0,30,2.0,1.0
201500004733,10,24,1,1,2,1.0,3.0,59,20,0,0,7,3.0,19.0,A01,1,1,1,2,5.0,1930,2015,3,2.0,1,1.0,1.0,0,0,1.0,1.0
201100028808,8,16,1,2,3,1.0,3.0,172,340,0,0,1,1.0,0.0,A01,1,1,1,2,0.0,2000,2011,4,2.0,4,2.0,0.0,0,120,1.0,1.0
200700048169,8,20,1,1,1,1.0,6.0,3,780,0,0,10,7.0,1.0,A01,1,1,1,1,5.0,1932,2007,2,2.0,2,1.0,1.0,60,0,1.0,1.0
201300011294,10,22,5,2,2,1.0,3.0,88,60,0,0,10,3.0,1.0,B01,1,1,1,1,4.0,1987,2013,4,1.0,2,1.0,1.0,0,0,1.0,1.0
201500041133,9,12,1,2,1,3.0,3.0,55,930,0,0,7,8.0,1.0,B01,1,1,1,1,0.0,1950,2015,3,2.0,1,1.0,1.0,0,60,2.0,1.0
200900065042,11,17,5,2,1,1.0,3.0,238,350,0,0,7,2.0,15.0,A01,1,1,1,2,5.0,1981,2009,4,3.0,2,1.0,1.0,400,60,1.0,1.0
201300026773,3,2,5,2,2,1.0,3.0,218,420,0,0,7,5.0,1.0,A01,3,2,1,1,0.0,2009,2013,4,2.0,1,1.0,1.0,0,70,1.0,1.0
200500008120,2,22,1,2,2,8.0,2.0,534,520,0,0,7,4.0,23.0,B01,1,1,1,2,3.0,1968,2005,4,2.0,2,1.0,1.0,0,0,2.0,1.0
200800040510,7,28,1,2,1,1.0,6.0,152,770,0,0,7,2.0,17.0,A01,1,1,1,1,5.0,1988,2008,3,2.0,2,1.0,0.0,0,60,1.0,1.0
201700060641,7,28,1,2,9,1.0,1.0,611,976,0,0,7,1.0,9.0,B01,1,1,1,1,9.0,1974,2017,2,2.0,0,1.0,1.0,0,0,1.0,1.0
201700045599,6,23,1,2,1,1.0,1.0,67,940,0,0,7,3.0,20.0,B01,1,1,1,1,1.0,1977,2017,3,2.0,2,1.0,1.0,0,99,1.0,1.0
201700027180,4,28,1,2,1,1.0,2.0,261,370,0,0,7,4.0,2.0,B01,1,1,1,1,9.0,1982,2017,4,2.0,2,1.0,1.0,0,0,1.0,1.0
201400031732,9,20,1,2,2,1.0,3.0,724,620,0,0,7,2.0,1.0,B01,1,1,1,1,5.0,1988,2014,3,2.0,2,1.0,1.0,0,0,1.0,1.0