num_acc,mois,jour,lum,agg,int,atm,col,com,dep,hr,mn,catv,choc,manv,num_veh,place,catu,grav,sexe,trajet,an_nais,annee,catr,circ,nbv,prof,plan,lartpc,larrout,surf,situ
201400041900,12,8,2,2,1,1.0,6.0,10,930,0,0,7,2.0,0.0,A01,2,2,1,2,0.0,1995,2014,3,2.0,2,1.0,1.0,0,0,2.0,4.0
200500033669,6,27,1,2,2,1.0,6.0,238,350,0,0,7,2.0,15.0,A01,1,1,1,2,0.0,1986,2005,4,2.0,2,1.0,1.0,0,60,1.0,1.0
200600053276,9,6,5,2,3,1.0,2.0,88,60,0,0,7,6.0,15.0,A01,1,1,1,1,9.0,1973,2006,4,0.0,2,2.0,0.0,0,60,1.0,0.0
200900006819,3,28,1,1,1,3.0,1.0,495,640,0,0,7,3.0,1.0,B02,2,2,1,2,0.0,1957,2009,3,2.0,2,2.0,3.0,0,78,2.0,1.0
201900004611,3,23,1,2,1,1.0,6.0,69384,69,0,0,7,2.0,26.0,A01,10,3,1,1,5.0,2007,2019,4,2.0,2,1.0,1.0,0,0,1.0,1.0
201300011503,10,26,5,2,1,3.0,6.0,731,570,0,0,7,2.0,17.0,A01,1,1,1,1,1.0,1983,2013,3,2.0,2,1.0,1.0,0,71,2.0,1.0
201300025361,9,27,1,2,3,7.0,2.0,238,350,0,0,7,1.0,1.0,B01,1,1,1,2,2.0,1968,2013,4,2.0,2,1.0,1.0,0,0,1.0,1.0
201000013115,1,14,1,1,1,1.0,1.0,62,110,0,0,7,3.0,1.0,B02,1,1,1,2,4.0,1979,2010,3,2.0,2,2.0,2.0,0,29,7.0,1.0
200600073066,11,30,1,2,1,1.0,3.0,146,760,0,0,30,7.0,1.0,A01,1,1,1,1,2.0,1991,2006,3,2.0,0,0.0,0.0,0,0,1.0,1.0
201600051833,2,16,1,2,2,1.0,3.0,106,750,0,0,33,5.0,1.0,B01,1,1,1,1,4.0,1974,2016,4,1.0,2,0.0,0.0,0,70,0.0,1.0
200500059393,9,28,5,2,6,1.0,3.0,440,650,0,0,10,3.0,1.0,A01,1,1,1,1,4.0,1950,2005,2,1.0,2,1.0,2.0,0,70,1.0,1.0
201300004696,8,11,1,1,1,1.0,3.0,234,260,0,0,33,1.0,1.0,B02,2,2,1,2,0.0,1958,2013,3,2.0,1,1.0,1.0,0,117,1.0,1.0
201500034388,8,25,1,2,1,1.0,6.0,73,780,0,0,7,0.0,0.0,A01,1,1,1,1,1.0,1979,2015,4,2.0,0,1.0,1.0,0,60,1.0,1.0
200900029248,3,4,1,2,1,2.0,6.0,290,690,0,0,7,0.0,4.0,A01,0,3,1,1,9.0,2005,2009,4,0.0,0,1.0,1.0,0,0,2.0,1.0
200800046120,8,22,1,1,1,8.0,5.0,8,810,0,0,7,5.0,1.0,A01,1,1,1,1,5.0,1987,2008,3,2.0,2,2.0,1.0,0,62,2.0,1.0
201800042455,4,21,1,2,2,1.0,3.0,41,940,0,0,33,1.0,1.0,B01,1,1,1,1,5.0,1991,2018,4,2.0,2,1.0,1.0,0,0,1.0,1.0
201700014686,12,5,5,1,1,1.0,5.0,371,140,0,0,7,1.0,1.0,C01,2,2,1,1,0.0,1984,2017,3,2.0,2,1.0,1.0,0,63,2.0,1.0
200600046370,8,17,1,1,1,1.0,5.0,115,830,0,0,7,1.0,5.0,B02,1,1,1,1,5.0,1963,2006,3,2.0,2,0.0,1.0,0,84,1.0,1.0
200800065455,11,29,1,2,3,1.0,3.0,21,800,0,0,2,1.0,1.0,A01,1,1,1,1,0.0,1958,2008,4,2.0,2,1.0,1.0,0,0,1.0,1.0
200600056412,9,15,1,2,2,1.0,3.0,351,760,0,0,7,2.0,9.0,A01,1,1,1,2,1.0,1982,2006,4,2.0,2,1.0,1.0,0,0,1.0,1.0
200600052637,9,15,3,1,1,2.0,2.0,333,770,0,0,33,1.0,2.0,A01,2,2,1,1,0.0,1978,2006,1,3.0,6,1.0,1.0,30,270,2.0,1.0
201700043902,8,25,5,2,1,1.0,2.0,17,940,0,0,2,1.0,2.0,A01,1,1,1,1,4.0,1999,2017,3,2.0,4,1.0,1.0,0,60,1.0,1.0
201800005336,2,8,5,2,1,1.0,6.0,69,60,0,0,7,1.0,1.0,A01,0,3,1,1,0.0,2002,2018,4,2.0,2,1.0,1.0,0,0,1.0,1.0
201200019988,7,28,1,2,1,1.0,1.0,286,202,0,0,10,3.0,1.0,A01,1,1,1,2,5.0,1986,2012,2,2.0,2,1.0,1.0,0,45,1.0,1.0
200900017218,6,13,1,2,6,1.0,3.0,24,640,0,0,7,1.0,14.0,A01,1,1,1,1,5.0,1991,2009,4,2.0,2,1.0,1.0,0,70,1.0,0.0
201800036087,5,29,1,2,1,2.0,2.0,85,870,0,0,7,4.0,23.0,B01,1,1,1,2,1.0,1971,2018,3,2.0,2,2.0,1.0,0,0,2.0,3.0
201700051422,8,23,1,1,1,1.0,6.0,122,330,0,0,7,1.0,1.0,D01,1,1,1,1,9.0,1980,2017,1,3.0,4,1.0,1.0,80,140,1.0,1.0
201000065182,3,6,5,2,1,1.0,3.0,118,750,0,0,33,1.0,1.0,B01,1,1,1,1,5.0,1987,2010,4,2.0,4,1.0,1.0,0,140,1.0,1.0
200800044470,8,4,1,2,2,1.0,3.0,230,510,0,0,7,1.0,2.0,B01,1,1,1,1,3.0,1970,2008,4,2.0,3,2.0,1.0,0,100,1.0,1.0
201200046034,8,5,3,2,1,1.0,2.0,4,940,0,0,7,4.0,23.0,A01,1,1,1,2,5.0,1983,2012,4,1.0,1,1.0,1.0,0,40,1.0,1.0
201800032296,7,21,1,2,6,1.0,3.0,92,690,0,0,10,1.0,9.0,B01,1,1,1,1,0.0,1969,2018,4,2.0,2,1.0,1.0,0,0,1.0,3.0
201400055684,9,3,1,2,1,1.0,6.0,116,750,0,0,30,1.0,1.0,A01,1,1,1,1,5.0,1992,2014,4,1.0,2,2.0,1.0,0,50,1.0,1.0
201000065470,12,1,1,2,1,1.0,6.0,118,750,0,0,34,1.0,1.0,A01,0,3,1,2,0.0,1977,2010,4,1.0,2,1.0,1.0,0,80,1.0,1.0
201200015504,6,20,1,2,1,1.0,3.0,55,130,0,0,34,5.0,1.0,B01,1,1,1,1,1.0,1965,2012,4,1.0,1,1.0,1.0,0,0,1.0,1.0
201600004484,1,25,1,1,2,1.0,1.0,222,690,0,0,10,3.0,1.0,B02,1,1,1,1,1.0,1991,2016,4,2.0,2,2.0,1.0,0,0,1.0,1.0
201700049329,6,28,1,1,1,2.0,7.0,64,910,0,0,33,8.0,1.0,A01,1,1,1,2,9.0,1984,2017,2,3.0,4,1.0,1.0,15,140,2.0,1.0
201700024364,6,8,1,1,1,1.0,3.0,309,270,0,0,17,8.0,0.0,B01,1,1,1,1,4.0,1989,2017,3,2.0,2,2.0,3.0,0,45,1.0,1.0
200600030148,6,13,1,1,2,1.0,3.0,517,760,0,0,7,3.0,15.0,B02,1,1,1,1,1.0,1986,2006,3,2.0,2,1.0,1.0,0,70,1.0,1.0
201400003433,2,23,2,1,3,1.0,1.0,215,190,0,0,10,2.0,15.0,B02,1,1,1,1,5.0,1939,2014,3,4.0,3,1.0,1.0,0,105,1.0,1.0
201700035190,9,16,1,2,2,1.0,5.0,270,710,0,0,7,2.0,1.0,C01,1,1,1,1,9.0,1963,2017,3,2.0,3,1.0,1.0,0,0,1.0,1.0
201800027831,12,21,5,2,4,1.0,6.0,129,500,0,0,7,2.0,1.0,A01,0,3,1,2,5.0,2005,2018,4,2.0,2,1.0,1.0,0,0,1.0,3.0
201200030421,10,17,1,2,2,2.0,1.0,454,510,0,0,7,1.0,15.0,A01,5,2,1,1,5.0,1999,2012,4,2.0,4,2.0,1.0,0,144,2.0,1.0
201600025086,4,17,1,2,2,1.0,3.0,238,350,0,0,7,1.0,1.0,A01,1,1,1,2,5.0,1996,2016,4,2.0,2,1.0,1.0,0,0,1.0,1.0
201300019568,4,25,2,2,1,1.0,4.0,306,170,0,0,7,1.0,2.0,A01,1,1,1,1,0.0,1956,2013,4,0.0,1,2.0,1.0,0,0,1.0,1.0
201300045990,4,16,1,1,1,1.0,3.0,64,930,0,0,7,9.0,2.0,B01,1,1,1,2,5.0,1983,2013,1,1.0,0,1.0,3.0,0,105,1.0,1.0
201000005486,7,31,1,1,1,1.0,1.0,382,170,0,0,7,3.0,1.0,B02,2,2,1,1,0.0,1992,2010,3,2.0,2,2.0,1.0,0,78,1.0,1.0
200600034529,6,19,1,2,3,1.0,3.0,41,620,0,0,7,6.0,13.0,A01,1,1,1,2,5.0,1933,2006,3,2.0,4,1.0,1.0,0,70,1.0,1.0
201100049491,4,30,5,2,1,1.0,1.0,66,930,0,0,7,1.0,1.0,B01,2,2,1,2,0.0,1980,2011,2,3.0,4,1.0,0.0,0,0,1.0,1.0
200900058645,10,16,1,2,1,1.0,7.0,172,340,0,0,7,1.0,1.0,A01,1,1,1,1,1.0,1949,2009,4,2.0,0,0.0,0.0,0,0,1.0,1.0
201500027963,10,29,5,2,1,1.0,7.0,129,500,0,0,7,1.0,1.0,A01,1,1,1,1,5.0,1991,2015,4,3.0,4,1.0,1.0,0,0,2.0,1.0
201100065317,12,9,3,2,1,1.0,5.0,28,971,0,0,10,1.0,1.0,B02,1,1,1,1,5.0,1986,2011,2,2.0,2,0.0,1.0,0,0,1.0,1.0
201800026716,12,15,3,1,1,3.0,6.0,338,450,0,0,30,2.0,1.0,A01,1,1,1,2,1.0,1999,2018,4,2.0,2,1.0,1.0,0,0,3.0,3.0
200900063198,11,2,1,2,2,1.0,5.0,26,920,0,0,7,8.0,8.0,A01,1,1,1,1,0.0,1963,2009,3,3.0,4,1.0,1.0,0,0,1.0,1.0
201600055398,3,15,1,2,4,1.0,3.0,117,750,0,0,2,7.0,1.0,A01,1,1,1,1,1.0,1984,2016,4,1.0,1,1.0,1.0,0,0,1.0,1.0
201400045838,5,4,5,2,6,1.0,6.0,218,950,0,0,7,1.0,1.0,A01,3,2,1,1,5.0,1991,2014,4,2.0,2,1.0,1.0,0,0,1.0,1.0
201700046630,5,30,1,1,1,1.0,6.0,373,770,0,0,10,5.0,12.0,A01,1,1,1,1,4.0,1990,2017,2,3.0,2,1.0,1.0,20,70,1.0,1.0
200900001868,3,20,1,2,2,1.0,3.0,117,750,0,0,33,1.0,1.0,B01,1,1,1,1,1.0,1980,2009,4,2.0,2,1.0,1.0,0,0,1.0,1.0
201000043604,12,24,5,2,1,1.0,4.0,118,770,0,0,7,6.0,15.0,C01,2,2,1,1,4.0,1952,2010,4,2.0,2,1.0,0.0,0,70,5.0,1.0
201400051119,5,30,1,1,1,1.0,5.0,137,830,0,0,7,1.0,2.0,A01,3,2,1,2,0.0,1988,2014,1,3.0,3,2.0,1.0,15,105,1.0,1.0
200700044589,7,3,1,2,1,2.0,6.0,4,920,0,0,7,1.0,1.0,C01,1,1,1,2,0.0,1957,2007,3,2.0,2,1.0,1.0,0,120,2.0,1.0
201600013667,5,8,1,2,1,1.0,4.0,28,130,0,0,33,1.0,1.0,C01,1,1,1,1,5.0,1991,2016,3,2.0,2,1.0,1.0,0,70,1.0,1.0
201200031113,6,19,1,2,2,1.0,7.0,121,560,0,0,7,1.0,16.0,A01,0,3,1,2,0.0,1936,2012,4,1.0,1,1.0,1.0,0,0,1.0,1.0
200700077845,12,7,5,2,1,3.0,4.0,192,400,0,0,7,1.0,2.0,A01,1,1,1,1,9.0,1937,2007,4,2.0,2,1.0,1.0,0,100,2.0,1.0
201800053792,5,29,1,2,3,8.0,6.0,117,750,0,0,1,2.0,1.0,B01,1,1,1,1,4.0,1986,2018,4,1.0,1,1.0,1.0,0,0,1.0,1.0
201200001676,11,3,2,2,1,1.0,6.0,236,500,0,0,7,1.0,1.0,A01,0,3,1,2,0.0,2004,2012,4,2.0,2,1.0,1.0,0,0,1.0,1.0
201300030953,11,30,5,1,1,1.0,4.0,57,600,0,0,7,1.0,23.0,B01,0,3,1,2,5.0,1984,2013,3,3.0,2,1.0,1.0,0,70,1.0,1.0
201300022829,4,6,1,2,1,1.0,3.0,555,310,0,0,7,0.0,0.0,A01,1,1,1,1,0.0,1984,2013,4,0.0,0,1.0,1.0,0,0,1.0,1.0
200800014942,3,21,2,2,2,2.0,3.0,108,750,0,0,7,1.0,1.0,B01,1,1,1,2,1.0,1977,2008,9,1.0,0,1.0,1.0,0,41,2.0,1.0
201200042354,1,28,5,2,3,1.0,3.0,35,920,0,0,7,7.0,15.0,B01,1,1,1,1,5.0,1992,2012,3,2.0,4,1.0,1.0,0,0,1.0,1.0
201200005718,6,10,1,1,1,3.0,1.0,417,630,0,0,7,1.0,1.0,A01,1,1,1,2,1.0,1979,2012,3,2.0,0,1.0,2.0,0,65,2.0,1.0
201800003784,6,6,1,1,1,2.0,1.0,150,830,0,0,7,1.0,0.0,B01,1,1,1,1,0.0,1970,2018,3,2.0,2,2.0,1.0,0,0,2.0,1.0
200500034713,6,10,1,1,1,1.0,1.0,260,640,0,0,7,3.0,1.0,B01,1,1,1,2,2.0,1954,2005,3,2.0,2,2.0,3.0,0,59,1.0,1.0
200500020648,4,1,5,2,3,1.0,6.0,19,750,0,0,10,3.0,1.0,A01,4,2,1,1,0.0,1980,2005,4,2.0,4,1.0,1.0,0,120,1.0,1.0
201000050542,10,1,5,2,1,2.0,3.0,27,930,0,0,7,2.0,10.0,A01,1,1,1,1,0.0,1981,2010,4,2.0,2,1.0,1.0,0,0,1.0,0.0
200500041144,7,14,1,1,1,7.0,3.0,501,330,0,0,7,7.0,13.0,A01,5,2,1,1,0.0,1989,2005,3,2.0,2,1.0,1.0,0,61,9.0,1.0
200500006001,1,27,5,2,4,8.0,2.0,66,930,0,0,7,0.0,2.0,A01,2,2,1,1,0.0,1978,2005,3,1.0,2,1.0,3.0,0,80,1.0,1.0
201100055014,6,8,1,1,1,1.0,5.0,251,770,0,0,7,2.0,0.0,B01,1,1,1,2,0.0,1961,2011,2,1.0,4,1.0,1.0,100,140,1.0,1.0
201700034455,4,22,1,2,3,1.0,3.0,224,680,0,0,2,3.0,1.0,B01,1,1,1,1,5.0,1974,2017,3,2.0,2,1.0,1.0,0,0,1.0,1.0
201900050534,7,14,1,1,1,1.0,2.0,95500,95,0,0,7,6.0,1.0,B01,2,2,1,2,5.0,1934,2019,1,3.0,8,1.0,1.0,0,0,1.0,1.0
200900070215,11,9,1,1,6,1.0,3.0,20,920,0,0,7,1.0,15.0,A01,1,1,1,2,9.0,1937,2009,3,3.0,4,2.0,1.0,0,0,2.0,0.0
201200045728,7,19,1,2,1,1.0,6.0,70,930,0,0,7,1.0,1.0,A01,1,1,1,1,1.0,1974,2012,4,1.0,1,1.0,1.0,0,0,1.0,1.0
201000025556,3,8,1,2,1,1.0,6.0,50,220,0,0,7,2.0,1.0,A01,0,3,1,1,5.0,2005,2010,4,2.0,2,1.0,1.0,0,0,1.0,1.0
201100017199,9,18,2,1,1,1.0,6.0,86,410,0,0,7,1.0,0.0,C03,3,2,1,2,0.0,1956,2011,3,2.0,2,1.0,1.0,0,70,1.0,1.0
201200043358,7,21,5,2,1,1.0,1.0,76,920,0,0,7,1.0,1.0,B01,1,1,1,1,5.0,1991,2012,4,2.0,2,1.0,1.0,0,69,1.0,1.0
200700062317,10,1,2,2,1,1.0,4.0,55,130,0,0,7,9.0,2.0,C01,1,1,1,1,0.0,1959,2007,4,1.0,2,1.0,1.0,0,0,1.0,1.0
201400013509,12,4,1,2,3,1.0,3.0,1,130,0,0,7,1.0,15.0,A01,1,1,1,1,0.0,1981,2014,4,2.0,2,2.0,1.0,0,0,1.0,1.0
201400012033,11,16,5,2,1,1.0,2.0,105,80,0,0,7,4.0,2.0,A01,2,2,1,1,5.0,1991,2014,2,3.0,4,2.0,1.0,11,42,1.0,1.0
201800049813,4,30,1,1,1,1.0,4.0,5,130,0,0,7,1.0,2.0,C01,1,1,1,2,1.0,1976,2018,1,3.0,3,1.0,1.0,0,0,1.0,3.0
201600022703,1,19,1,2,1,2.0,6.0,555,310,0,0,1,0.0,0.0,B01,0,3,1,1,0.0,1937,2016,4,1.0,1,1.0,1.0,0,0,2.0,1.0
201400013810,3,8,1,2,3,1.0,3.0,54,130,0,0,7,8.0,9.0,B01,2,2,1,2,5.0,1988,2014,4,2.0,2,1.0,1.0,0,80,1.0,1.0
201600012506,3,1,1,1,6,1.0,6.0,172,820,0,0,14,1.0,15.0,A01,5,2,1,1,0.0,1992,2016,3,2.0,0,2.0,2.0,0,0,1.0,4.0
201400047550,8,31,1,1,1,1.0,6.0,631,600,0,0,7,0.0,0.0,C01,1,1,1,2,0.0,1994,2014,1,1.0,3,1.0,1.0,0,0,1.0,1.0
200900019668,6,21,1,2,1,1.0,2.0,18,410,0,0,7,1.0,2.0,A01,1,1,1,1,1.0,1943,2009,3,3.0,4,1.0,1.0,0,0,1.0,1.0
200700015768,3,27,1,2,5,1.0,3.0,66,680,0,0,1,1.0,1.0,B01,1,1,1,1,1.0,1967,2007,3,3.0,2,1.0,1.0,0,60,1.0,1.0
201400036237,10,16,1,2,1,1.0,2.0,1,800,0,0,7,6.0,2.0,B01,1,1,1,1,4.0,1975,2014,3,3.0,2,2.0,1.0,0,77,1.0,1.0
200800001038,1,9,1,1,1,2.0,5.0,19,130,0,0,7,2.0,11.0,C03,2,2,1,2,0.0,1994,2008,3,2.0,2,2.0,1.0,0,50,2.0,1.0
200500057891,9,4,3,2,1,1.0,6.0,681,270,0,0,4,1.0,6.0,A01,1,1,1,1,5.0,1981,2005,4,2.0,2,1.0,1.0,30,100,1.0,1.0
201800033281,3,22,1,2,1,1.0,6.0,87,730,0,0,7,1.0,20.0,A01,1,1,1,2,3.0,1957,2018,6,0.0,0,1.0,1.0,0,0,1.0,1.0
201500031428,3,10,3,2,1,1.0,3.0,335,640,0,0,7,3.0,15.0,A01,1,1,1,1,0.0,1950,2015,4,2.0,2,1.0,1.0,0,0,1.0,1.0
200700071881,11,7,1,1,1,1.0,5.0,266,690,0,0,7,2.0,21.0,A01,1,1,1,2,5.0,1956,2007,3,1.0,4,1.0,1.0,15,140,1.0,1.0
200900056951,8,12,1,2,1,1.0,4.0,39,130,0,0,7,1.0,2.0,A01,1,1,1,2,5.0,1971,2009,4,0.0,2,1.0,1.0,0,700,1.0,1.0
200800062018,10,8,1,2,1,1.0,6.0,119,750,0,0,7,2.0,1.0,A01,1,1,1,1,5.0,1980,2008,4,2.0,0,1.0,1.0,0,0,1.0,1.0
201200026748,7,9,1,2,2,1.0,3.0,238,350,0,0,2,1.0,1.0,A01,1,1,1,1,5.0,1974,2012,4,3.0,2,1.0,1.0,0,0,1.0,1.0
201600038669,6,29,1,2,1,1.0,7.0,49,920,0,0,31,0.0,1.0,A01,1,1,1,1,1.0,1984,2016,4,2.0,2,1.0,1.0,0,0,9.0,2.0
201100047166,7,22,1,2,1,1.0,3.0,64,920,0,0,7,3.0,10.0,A01,1,1,1,2,9.0,1968,2011,4,2.0,2,1.0,1.0,0,55,1.0,1.0
201200057254,9,4,2,2,3,1.0,3.0,115,750,0,0,32,7.0,1.0,B01,1,1,1,1,5.0,1985,2012,4,1.0,2,1.0,1.0,0,60,1.0,1.0
200500022467,4,5,1,1,1,1.0,5.0,689,910,0,0,7,1.0,2.0,A01,1,1,1,2,0.0,1963,2005,1,3.0,6,1.0,1.0,15,210,1.0,1.0
201700052380,7,6,1,1,1,1.0,2.0,55,130,0,0,7,4.0,2.0,A01,2,2,1,2,5.0,2002,2017,1,1.0,3,1.0,1.0,15,105,1.0,1.0
200900052327,6,27,3,1,1,1.0,6.0,96,130,0,0,7,3.0,1.0,A01,2,2,1,1,0.0,1963,2009,3,2.0,2,1.0,3.0,68,0,1.0,1.0
200500008578,2,12,5,2,2,1.0,3.0,66,680,0,0,7,1.0,1.0,B01,1,1,1,1,5.0,1983,2005,3,2.0,3,1.0,1.0,0,142,2.0,1.0
201600043469,6,1,1,2,1,1.0,3.0,15,940,0,0,7,2.0,1.0,A01,1,1,1,1,5.0,1976,2016,2,2.0,0,1.0,0.0,0,80,1.0,1.0
201500013398,4,21,1,2,1,1.0,2.0,28,130,0,0,7,1.0,2.0,A01,1,1,1,1,5.0,1994,2015,4,3.0,2,1.0,1.0,0,64,1.0,1.0
201400025888,10,13,1,2,2,1.0,6.0,238,350,0,0,30,1.0,7.0,A01,0,3,1,1,2.0,2003,2014,4,1.0,2,2.0,1.0,0,0,1.0,1.0
201700058674,12,10,3,1,1,1.0,5.0,121,971,0,0,7,3.0,1.0,B01,7,2,1,1,5.0,2006,2017,3,2.0,2,2.0,1.0,0,0,1.0,1.0
201500019520,1,2,1,2,1,1.0,2.0,380,170,0,0,33,1.0,1.0,A01,1,1,1,1,5.0,1997,2015,3,2.0,2,1.0,1.0,0,0,1.0,1.0
201100015769,4,9,1,2,1,1.0,2.0,159,60,0,0,33,1.0,1.0,A01,1,1,1,1,5.0,1971,2011,4,2.0,2,1.0,1.0,0,60,1.0,1.0
201100061863,1,31,1,2,5,1.0,2.0,116,750,0,0,2,8.0,15.0,A01,1,1,1,2,4.0,1969,2011,4,2.0,2,1.0,1.0,0,0,1.0,1.0
201700037928,7,31,1,2,1,1.0,2.0,194,860,0,0,7,1.0,2.0,A01,1,1,1,2,1.0,1993,2017,4,3.0,2,1.0,2.0,0,140,1.0,1.0
200500060933,9,28,1,2,1,1.0,6.0,10,900,0,0,7,1.0,1.0,A01,0,3,1,2,5.0,1991,2005,4,2.0,2,1.0,1.0,0,90,1.0,1.0
201400028467,9,4,1,2,1,1.0,2.0,7,490,0,0,33,1.0,1.0,A01,1,1,1,1,0.0,1991,2014,4,1.0,2,1.0,1.0,0,68,1.0,1.0
201100044331,11,5,1,2,5,1.0,1.0,24,890,0,0,7,3.0,15.0,B01,3,2,1,2,0.0,1995,2011,9,1.0,2,1.0,1.0,0,76,1.0,1.0
201800009585,8,25,5,2,2,1.0,3.0,55,130,0,0,30,3.0,1.0,B01,1,1,1,1,5.0,1997,2018,4,1.0,2,2.0,1.0,0,0,1.0,3.0
200800011646,3,6,1,2,1,1.0,2.0,55,130,0,0,7,4.0,2.0,B01,1,1,1,2,1.0,1967,2008,4,2.0,2,1.0,1.0,0,0,1.0,1.0
201200022942,11,29,3,1,1,1.0,2.0,187,220,0,0,15,4.0,1.0,A01,1,1,1,1,4.0,1961,2012,2,3.0,4,1.0,1.0,30,86,1.0,1.0
200600077458,12,14,5,2,2,1.0,3.0,445,640,0,0,30,7.0,17.0,A01,1,1,1,1,5.0,1989,2006,2,2.0,2,1.0,1.0,0,76,1.0,1.0
200500006766,2,5,5,2,2,5.0,5.0,451,10,0,0,7,7.0,1.0,A01,1,1,1,2,9.0,1966,2005,4,2.0,2,1.0,1.0,0,109,1.0,1.0
201000050325,10,16,1,2,6,8.0,3.0,8,930,0,0,7,0.0,15.0,B01,1,1,1,2,0.0,1985,2010,4,3.0,4,1.0,1.0,0,0,1.0,1.0
200800019353,4,26,1,2,1,1.0,2.0,360,220,0,0,7,2.0,2.0,A01,1,1,1,1,0.0,1976,2008,3,2.0,0,0.0,0.0,0,93,1.0,1.0
201000016633,5,14,2,2,1,1.0,2.0,88,60,0,0,7,1.0,2.0,A01,1,1,1,1,9.0,1979,2010,4,3.0,4,1.0,1.0,0,0,1.0,1.0
201800052770,7,3,1,2,2,1.0,3.0,107,750,17,20,7,3.0,7.0,A01,1,1,1,1,4.0,1954,2018,4,1.0,3,1.0,1.0,0,150,1.0,1.0
201700029785,8,14,1,2,3,1.0,2.0,147,500,0,0,7,4.0,15.0,B01,1,1,1,2,3.0,1977,2017,3,2.0,2,2.0,1.0,20,50,1.0,1.0
201300018297,11,12,1,2,1,1.0,1.0,310,470,0,0,33,1.0,1.0,B02,1,1,1,1,0.0,1985,2013,3,2.0,2,0.0,1.0,0,0,1.0,1.0
200900004805,2,10,1,2,2,1.0,6.0,132,440,0,0,30,5.0,15.0,B01,1,1,1,1,0.0,1989,2009,4,2.0,2,1.0,1.0,0,80,1.0,1.0
201500051769,9,13,5,2,2,1.0,5.0,108,750,0,0,7,3.0,1.0,C01,1,1,1,1,4.0,1973,2015,4,0.0,4,0.0,1.0,0,100,1.0,1.0
201200035806,11,27,3,2,2,2.0,3.0,482,670,0,0,7,1.0,15.0,A01,1,1,1,2,5.0,1952,2012,4,2.0,2,1.0,1.0,0,80,2.0,1.0
200700069637,11,2,2,2,2,1.0,3.0,9,590,0,0,7,1.0,1.0,A01,1,1,1,1,5.0,1979,2007,3,2.0,4,1.0,1.0,0,90,1.0,1.0
200700077574,12,11,2,2,3,1.0,3.0,550,330,0,0,1,1.0,1.0,B01,1,1,1,1,1.0,1960,2007,4,2.0,2,1.0,1.0,0,112,1.0,1.0
200700080678,12,25,5,2,3,8.0,3.0,106,750,0,0,2,7.0,2.0,B01,1,1,1,1,5.0,1978,2007,4,2.0,4,1.0,1.0,0,134,1.0,1.0
201600039072,6,23,1,2,3,1.0,2.0,62,920,0,0,7,4.0,16.0,B01,1,1,1,2,1.0,1979,2016,4,1.0,2,1.0,2.0,0,0,1.0,1.0
201400048246,9,1,1,1,1,1.0,5.0,455,780,0,0,7,4.0,1.0,C01,1,1,1,1,4.0,1967,2014,1,3.0,2,1.0,1.0,15,35,1.0,1.0
201200013731,5,7,1,1,1,1.0,7.0,100,800,0,0,7,1.0,0.0,A01,4,2,1,1,0.0,1981,2012,1,0.0,2,1.0,1.0,0,105,1.0,1.0
201100038544,12,1,1,2,3,1.0,2.0,440,650,0,0,7,4.0,15.0,B01,1,1,1,2,0.0,1968,2011,4,1.0,1,1.0,1.0,0,35,1.0,1.0
201500055141,1,29,1,2,3,2.0,6.0,119,750,0,0,7,1.0,15.0,A01,0,3,1,2,4.0,1981,2015,4,2.0,4,1.0,1.0,0,160,2.0,0.0
201300051699,1,9,5,2,2,1.0,6.0,109,750,0,0,30,1.0,1.0,A01,1,1,1,2,5.0,1988,2013,4,1.0,1,2.0,1.0,0,0,1.0,1.0
201800026854,6,30,1,2,1,1.0,4.0,234,450,0,0,7,1.0,2.0,A01,1,1,1,1,0.0,1991,2018,4,3.0,4,1.0,1.0,0,0,1.0,1.0
201700051390,7,2,5,1,1,1.0,2.0,192,330,0,0,7,1.0,2.0,A01,1,1,1,1,0.0,1978,2017,1,1.0,1,1.0,1.0,10,210,1.0,1.0
200700066817,10,17,1,2,1,1.0,6.0,108,750,0,0,33,1.0,1.0,A01,1,1,1,1,0.0,1973,2007,4,1.0,2,2.0,1.0,0,71,1.0,1.0
201700040354,10,9,1,2,2,1.0,3.0,44,920,0,0,33,2.0,19.0,B01,1,1,1,1,1.0,1996,2017,4,1.0,2,1.0,1.0,0,0,1.0,1.0
200900040546,8,10,1,1,1,1.0,7.0,350,540,0,0,7,9.0,1.0,A01,1,2,1,2,0.0,1989,2009,2,3.0,4,1.0,1.0,76,98,1.0,3.0
200900054637,10,15,1,2,2,1.0,1.0,63,330,0,0,7,1.0,1.0,A01,3,2,1,2,0.0,1987,2009,4,2.0,2,1.0,1.0,0,62,1.0,1.0
201600030291,3,21,5,2,2,1.0,5.0,512,590,0,0,7,7.0,1.0,B01,1,1,1,1,5.0,1973,2016,4,2.0,0,1.0,1.0,0,0,1.0,1.0
200500014447,3,1,1,2,1,1.0,6.0,55,130,0,0,5,1.0,1.0,A01,1,1,1,2,1.0,1971,2005,4,2.0,4,1.0,1.0,0,128,1.0,1.0
201000043409,1,6,1,2,1,4.0,1.0,67,770,0,0,7,1.0,1.0,B01,4,2,1,1,5.0,1987,2010,3,2.0,2,1.0,0.0,0,70,5.0,1.0
201000060307,3,8,1,2,2,1.0,6.0,102,750,0,0,7,8.0,16.0,A01,0,3,1,1,0.0,1929,2010,4,2.0,2,1.0,1.0,0,91,1.0,1.0