num_acc,mois,jour,lum,agg,int,atm,col,com,dep,hr,mn,catv,choc,manv,num_veh,place,catu,grav,sexe,trajet,an_nais,annee,catr,circ,nbv,prof,plan,lartpc,larrout,surf,situ
201800006833,10,6,1,2,4,1.0,6.0,122,90,0,0,7,4.0,23.0,B01,0,3,1,1,5.0,2010,2018,3,0.0,2,2.0,3.0,0,0,1.0,3.0
201000065783,11,24,1,2,2,1.0,3.0,119,750,0,0,7,2.0,1.0,B01,1,1,1,2,4.0,1975,2010,4,2.0,2,1.0,1.0,0,0,1.0,1.0
200500035027,6,7,1,2,1,1.0,2.0,18,750,0,0,7,5.0,1.0,B01,1,1,1,1,4.0,1974,2005,4,2.0,3,1.0,1.0,0,90,1.0,1.0
200600006766,2,26,1,1,1,1.0,7.0,40,540,0,0,7,9.0,1.0,A01,4,2,1,1,0.0,1986,2006,3,2.0,0,2.0,2.0,0,0,1.0,3.0
201000028356,10,4,1,2,3,1.0,3.0,555,310,0,0,7,3.0,16.0,A01,1,1,1,1,4.0,1982,2010,4,2.0,2,1.0,1.0,0,85,1.0,1.0
201600056243,6,23,1,2,5,1.0,4.0,119,750,0,0,37,5.0,7.0,B01,1,1,1,1,4.0,1986,2016,4,0.0,2,1.0,1.0,0,0,1.0,1.0
201800048482,8,29,1,2,1,1.0,3.0,383,690,0,0,32,7.0,1.0,B01,1,1,1,1,0.0,1988,2018,4,2.0,3,1.0,1.0,0,0,1.0,3.0
201600005444,12,14,1,2,1,7.0,6.0,267,740,0,0,10,3.0,1.0,A01,1,1,1,1,1.0,1988,2016,3,2.0,2,2.0,1.0,15,72,1.0,1.0
201600030450,11,30,4,2,2,1.0,6.0,646,590,0,0,7,3.0,0.0,A01,1,1,1,2,1.0,1986,2016,4,3.0,2,1.0,1.0,0,90,1.0,1.0
200700039071,6,7,1,2,2,1.0,7.0,119,750,0,0,7,0.0,19.0,A01,1,1,1,2,4.0,1977,2007,4,1.0,3,1.0,1.0,0,128,1.0,4.0
200500086265,8,22,1,1,1,1.0,7.0,304,973,0,0,7,1.0,1.0,A01,4,2,1,2,0.0,1962,2005,2,2.0,2,1.0,3.0,0,67,1.0,3.0
201300032271,4,30,1,2,1,1.0,3.0,445,640,0,0,33,1.0,1.0,B01,1,1,1,1,5.0,1965,2013,4,2.0,2,1.0,1.0,0,0,1.0,1.0
201100061308,7,13,1,2,1,1.0,3.0,114,750,0,0,7,8.0,22.0,A01,1,1,1,1,4.0,1973,2011,4,1.0,2,3.0,1.0,0,0,1.0,1.0
201500008890,9,19,1,1,1,1.0,4.0,354,202,0,0,7,1.0,1.0,C03,2,2,1,2,0.0,1984,2015,2,2.0,3,0.0,3.0,0,99,1.0,0.0
201000012826,4,8,5,2,6,8.0,1.0,145,340,0,0,7,3.0,9.0,A01,1,1,1,1,5.0,1931,2010,2,0.0,0,1.0,2.0,0,0,2.0,1.0
200700023584,4,27,1,2,1,1.0,7.0,440,780,0,0,7,1.0,1.0,A01,0,3,1,1,5.0,2001,2007,4,2.0,2,1.0,1.0,0,0,1.0,1.0
201600013921,1,16,3,2,1,1.0,1.0,55,130,0,0,34,1.0,1.0,B01,1,1,1,1,4.0,1978,2016,4,0.0,2,1.0,1.0,0,0,1.0,1.0
201400059139,10,4,3,2,1,1.0,5.0,13,972,0,0,33,0.0,1.0,A01,1,1,1,1,0.0,1991,2014,3,2.0,2,1.0,1.0,0,0,0.0,1.0
201300009000,2,22,1,2,1,1.0,1.0,61,50,0,0,37,1.0,1.0,B01,1,1,1,1,4.0,1977,2013,4,2.0,2,1.0,2.0,0,58,1.0,1.0
201800019806,11,27,3,2,1,1.0,4.0,300,170,0,0,7,4.0,2.0,D01,1,1,1,1,1.0,1970,2018,2,3.0,4,1.0,1.0,0,0,1.0,1.0
200900039962,10,22,5,2,7,2.0,3.0,83,560,0,0,7,0.0,1.0,A01,1,1,1,2,0.0,1989,2009,4,0.0,0,0.0,0.0,0,0,0.0,0.0
201600053771,1,29,5,2,3,1.0,6.0,113,750,0,0,30,2.0,1.0,A01,0,3,1,2,9.0,2007,2016,4,1.0,2,1.0,1.0,0,100,1.0,1.0
201600039572,1,28,1,2,1,1.0,3.0,1,930,0,0,10,2.0,10.0,A01,0,3,1,2,9.0,1978,2016,3,2.0,1,1.0,1.0,0,60,2.0,1.0
201000044777,11,1,1,2,1,1.0,2.0,21,800,0,0,30,1.0,1.0,B01,2,2,1,2,0.0,1992,2010,4,2.0,4,1.0,1.0,0,0,1.0,1.0
200500035746,6,3,5,2,3,1.0,1.0,384,760,0,0,7,1.0,15.0,A01,1,1,1,1,5.0,1951,2005,4,2.0,2,1.0,1.0,0,46,1.0,1.0
201300025245,6,15,1,2,2,1.0,3.0,238,350,0,0,7,1.0,15.0,A01,1,1,1,2,5.0,1991,2013,4,2.0,2,1.0,1.0,0,0,1.0,1.0
200700057481,9,24,1,2,1,3.0,7.0,540,760,0,0,7,4.0,1.0,A01,1,1,1,1,1.0,1961,2007,2,1.0,2,2.0,1.0,0,50,2.0,1.0
200900014468,4,5,3,1,1,8.0,1.0,34,900,0,0,7,1.0,9.0,A01,1,1,1,2,5.0,1981,2009,3,2.0,4,2.0,1.0,0,145,2.0,1.0
201700044397,8,18,2,2,9,2.0,5.0,28,940,0,0,7,5.0,23.0,B01,1,1,1,1,1.0,1963,2017,2,2.0,3,1.0,0.0,0,0,2.0,1.0
200900074517,12,26,1,2,1,1.0,1.0,15,974,0,0,10,6.0,15.0,A01,1,1,1,1,4.0,1950,2009,4,2.0,2,4.0,1.0,0,50,1.0,1.0
201500012247,12,16,1,1,1,2.0,2.0,297,680,0,0,14,4.0,11.0,A01,1,1,1,1,4.0,1967,2015,1,3.0,4,1.0,1.0,30,144,2.0,1.0
200700055703,9,5,1,1,1,1.0,4.0,69,310,0,0,7,9.0,1.0,C01,1,1,1,2,4.0,1979,2007,4,1.0,3,2.0,1.0,3,107,1.0,1.0
201100008795,1,15,5,2,1,1.0,6.0,268,430,0,0,7,1.0,1.0,A01,1,1,1,1,5.0,1981,2011,4,2.0,2,1.0,1.0,0,70,1.0,1.0
201400013492,10,14,1,1,2,2.0,5.0,1,130,0,0,7,1.0,2.0,C01,2,2,1,2,0.0,1938,2014,4,2.0,0,3.0,1.0,0,0,2.0,1.0
201800001769,5,29,1,1,1,1.0,3.0,298,690,0,0,7,3.0,19.0,A01,1,1,1,1,1.0,1954,2018,3,2.0,2,1.0,1.0,0,0,1.0,1.0
201200045103,1,5,1,2,3,3.0,6.0,51,930,0,0,7,2.0,1.0,A01,1,1,1,2,1.0,1989,2012,3,1.0,2,1.0,1.0,50,60,2.0,1.0
200500019638,4,16,5,2,2,1.0,3.0,185,380,0,0,7,1.0,1.0,B01,5,2,1,1,0.0,1976,2005,4,2.0,2,1.0,2.0,0,70,2.0,1.0
200700064277,10,12,1,2,1,1.0,6.0,113,630,0,0,40,3.0,1.0,B01,1,1,1,1,4.0,1975,2007,4,2.0,4,1.0,1.0,0,0,1.0,1.0
200600019164,4,23,5,2,2,1.0,3.0,88,60,0,0,7,7.0,1.0,B01,3,2,1,1,0.0,1988,2006,4,1.0,1,1.0,1.0,0,0,1.0,1.0
200900034193,3,13,5,2,9,1.0,2.0,64,920,0,0,7,2.0,2.0,A01,1,1,1,1,0.0,1962,2009,3,2.0,3,1.0,1.0,0,87,1.0,1.0
200700024705,4,3,1,1,1,1.0,5.0,28,940,0,0,33,1.0,3.0,C01,1,1,1,1,1.0,1971,2007,1,3.0,4,1.0,1.0,20,330,1.0,1.0
200900058511,12,25,1,1,1,1.0,4.0,55,130,0,0,7,4.0,2.0,B01,1,1,1,1,0.0,1975,2009,1,1.0,2,1.0,0.0,70,35,1.0,1.0
201400020829,1,8,1,1,1,1.0,3.0,360,220,0,0,7,1.0,2.0,A01,1,1,1,1,5.0,1947,2014,3,2.0,4,1.0,1.0,20,140,1.0,1.0
201000046460,11,9,1,2,1,2.0,6.0,85,870,0,0,7,1.0,1.0,A01,1,1,1,1,3.0,1935,2010,6,0.0,0,0.0,0.0,0,120,2.0,1.0
200600058205,10,10,2,1,1,9.0,3.0,534,590,0,0,37,8.0,15.0,B02,5,2,1,2,0.0,1991,2006,3,2.0,2,0.0,1.0,0,75,2.0,1.0
200700023241,4,25,1,2,1,1.0,6.0,16,750,0,0,1,3.0,1.0,B01,1,1,1,1,5.0,1967,2007,4,2.0,2,1.0,1.0,0,60,1.0,1.0
200700015052,3,21,1,2,2,1.0,3.0,201,470,0,0,7,2.0,1.0,B01,1,1,1,2,5.0,1958,2007,3,2.0,2,1.0,1.0,0,65,1.0,1.0
201000004824,10,7,1,1,1,1.0,5.0,209,470,0,0,7,6.0,1.0,C03,1,1,1,2,1.0,1975,2010,3,0.0,2,1.0,1.0,0,62,1.0,1.0
201200044680,7,10,1,2,2,1.0,3.0,32,930,0,0,30,2.0,2.0,B01,1,1,1,1,0.0,1993,2012,2,0.0,1,1.0,0.0,0,0,1.0,0.0
201500038001,2,6,1,2,2,1.0,6.0,25,920,0,0,7,1.0,15.0,A01,0,3,1,1,5.0,1950,2015,4,2.0,0,1.0,1.0,0,0,1.0,1.0
200600000860,1,31,1,2,1,1.0,3.0,28,300,0,0,2,3.0,17.0,A01,1,1,1,1,1.0,1987,2006,2,2.0,20,1.0,1.0,0,70,1.0,1.0
201300032325,7,8,1,2,1,1.0,6.0,445,640,0,0,7,4.0,23.0,B01,2,2,1,2,5.0,1982,2013,4,2.0,2,1.0,1.0,0,110,1.0,1.0
201100039255,2,8,1,2,2,1.0,3.0,66,680,0,0,32,1.0,1.0,B01,1,1,1,1,1.0,1993,2011,4,2.0,2,1.0,1.0,0,56,1.0,1.0
201200036279,11,28,5,2,3,8.0,6.0,256,690,0,0,7,1.0,14.0,A01,1,1,1,1,5.0,1990,2012,4,2.0,2,1.0,1.0,0,0,2.0,4.0
200900073611,7,25,5,1,1,1.0,6.0,2,973,0,0,30,1.0,1.0,A01,1,1,1,1,0.0,1959,2009,4,2.0,2,1.0,1.0,0,0,1.0,1.0
201700049898,1,3,5,2,2,1.0,3.0,382,690,0,0,7,2.0,1.0,B01,4,2,1,2,5.0,1994,2017,4,1.0,4,1.0,1.0,0,155,1.0,1.0
200500068951,10,15,1,2,2,1.0,3.0,657,910,0,0,7,7.0,2.0,B01,1,1,1,2,1.0,1978,2005,4,1.0,0,1.0,1.0,0,0,1.0,1.0
201200052749,10,27,1,1,1,3.0,3.0,29,690,0,0,7,8.0,0.0,B01,1,1,1,1,5.0,1965,2012,3,1.0,4,2.0,3.0,40,165,2.0,1.0
200800050379,9,2,1,2,9,1.0,6.0,102,640,0,0,33,1.0,1.0,A01,1,1,1,1,0.0,1968,2008,4,2.0,2,2.0,1.0,0,60,1.0,1.0
200800011145,2,12,3,2,1,1.0,3.0,119,750,0,0,7,2.0,12.0,A01,1,1,1,2,9.0,1950,2008,9,1.0,0,1.0,2.0,0,254,1.0,1.0
200600080786,2,22,1,2,1,2.0,2.0,411,974,0,0,2,4.0,23.0,B01,1,1,1,2,9.0,1979,2006,2,2.0,2,1.0,1.0,0,65,2.0,1.0
201000065034,10,13,5,2,5,1.0,2.0,117,750,0,0,7,6.0,23.0,B01,1,1,1,1,5.0,1972,2010,4,2.0,6,1.0,1.0,0,0,1.0,1.0
201100046532,6,2,1,2,1,1.0,3.0,48,920,0,0,7,3.0,9.0,A01,1,1,1,1,5.0,1968,2011,4,2.0,2,1.0,1.0,0,88,1.0,1.0
201200020947,8,15,5,2,1,2.0,6.0,306,170,0,0,7,1.0,1.0,A01,1,1,1,1,5.0,1993,2012,4,3.0,2,1.0,3.0,0,0,2.0,1.0
200800048791,9,18,1,1,2,1.0,3.0,385,760,0,0,7,3.0,8.0,A01,1,1,1,1,3.0,1931,2008,3,2.0,2,1.0,1.0,0,45,1.0,1.0
200700009339,2,11,1,2,1,1.0,4.0,113,630,0,0,7,4.0,23.0,B01,3,2,1,2,0.0,1987,2007,4,1.0,3,1.0,1.0,0,100,1.0,1.0
201200021375,12,26,3,2,2,2.0,3.0,33,180,0,0,10,3.0,15.0,B01,1,1,1,1,4.0,1956,2012,4,2.0,3,1.0,1.0,0,105,2.0,1.0
200500006784,2,20,1,2,2,4.0,6.0,190,30,0,0,7,2.0,15.0,A01,1,1,1,2,5.0,1969,2005,4,2.0,2,2.0,1.0,0,101,2.0,1.0
200700066485,10,19,5,1,1,1.0,2.0,162,330,0,0,5,1.0,2.0,A01,1,1,1,1,1.0,1969,2007,1,3.0,4,1.0,1.0,15,140,1.0,1.0
200900058042,11,28,5,1,1,1.0,5.0,55,130,0,0,7,3.0,1.0,B01,2,2,1,2,5.0,1998,2009,1,3.0,3,1.0,3.0,15,105,1.0,1.0
201600019718,4,2,1,2,3,1.0,3.0,449,170,0,0,7,1.0,1.0,B01,1,1,1,1,5.0,1947,2016,3,2.0,2,1.0,1.0,0,65,1.0,1.0
200700016587,3,31,1,2,1,1.0,3.0,16,750,0,0,5,2.0,12.0,A01,1,1,1,1,4.0,1960,2007,4,3.0,4,1.0,1.0,15,120,2.0,1.0
201700019369,10,30,1,1,1,1.0,6.0,61,820,0,0,7,1.0,19.0,A01,7,2,1,2,5.0,2017,2017,3,2.0,2,1.0,3.0,0,60,1.0,3.0
200800035052,6,14,1,2,1,1.0,6.0,388,690,0,0,7,1.0,1.0,A01,1,1,1,1,4.0,1923,2008,4,2.0,2,1.0,1.0,0,0,1.0,1.0
200700060675,10,19,1,1,1,1.0,1.0,323,260,0,0,7,1.0,1.0,B02,4,2,1,2,0.0,2001,2007,4,2.0,0,0.0,1.0,35,0,1.0,1.0
201300040429,1,11,2,2,1,2.0,3.0,72,920,0,0,10,7.0,1.0,A01,1,1,1,1,4.0,1961,2013,3,3.0,7,2.0,3.0,0,200,2.0,1.0
201800016845,8,23,1,1,1,1.0,1.0,18,490,0,0,7,1.0,13.0,A01,9,2,1,2,3.0,2013,2018,3,2.0,2,1.0,2.0,0,0,1.0,1.0
200700072228,11,13,5,2,2,1.0,2.0,110,750,0,0,30,1.0,2.0,A01,1,1,1,1,0.0,1972,2007,4,1.0,3,2.0,1.0,0,93,2.0,1.0
201100062323,11,28,5,2,5,1.0,6.0,116,750,0,0,7,7.0,1.0,A01,0,3,1,1,5.0,1945,2011,4,2.0,2,1.0,0.0,0,0,1.0,1.0
200800072001,12,19,1,2,1,1.0,6.0,113,630,0,0,2,1.0,1.0,B01,1,1,1,1,4.0,1987,2008,4,2.0,2,1.0,1.0,0,0,1.0,1.0
201300037774,12,3,5,2,2,1.0,5.0,27,910,0,0,7,9.0,6.0,A01,1,1,1,2,5.0,1994,2013,2,3.0,3,1.0,1.0,0,0,1.0,1.0
201600002517,10,18,1,2,1,7.0,2.0,4,850,0,0,7,2.0,2.0,A01,1,1,1,2,2.0,1968,2016,3,2.0,0,1.0,1.0,0,67,1.0,1.0
200700084283,11,23,5,2,1,1.0,2.0,213,972,0,0,7,6.0,1.0,B01,1,1,1,1,0.0,1960,2007,4,2.0,2,1.0,0.0,0,0,0.0,1.0
201500052146,4,17,2,2,7,1.0,6.0,110,750,0,0,30,3.0,1.0,Z01,0,3,1,2,1.0,1951,2015,4,1.0,1,1.0,1.0,0,70,1.0,4.0
201400020168,3,17,1,2,6,5.0,2.0,33,180,0,0,7,1.0,1.0,A01,1,1,1,2,1.0,1973,2014,4,0.0,1,2.0,3.0,0,60,1.0,1.0
201500047346,9,3,1,1,1,1.0,3.0,38,940,0,0,33,8.0,3.0,B01,1,1,1,1,5.0,1988,2015,1,3.0,6,1.0,1.0,15,210,1.0,1.0
200900071620,11,10,3,2,1,1.0,7.0,113,630,0,0,33,0.0,2.0,A01,1,1,1,1,2.0,1988,2009,4,1.0,2,1.0,1.0,0,0,1.0,1.0
200900041736,11,10,1,2,1,1.0,1.0,663,20,0,0,7,3.0,0.0,B02,1,1,1,2,1.0,1965,2009,3,2.0,2,1.0,3.0,0,58,2.0,1.0
200700034264,6,5,5,2,2,1.0,3.0,88,60,0,0,7,0.0,0.0,A01,1,1,1,1,0.0,1968,2007,4,3.0,3,1.0,1.0,0,0,0.0,1.0
200700065023,10,12,2,2,1,1.0,6.0,137,830,0,0,7,3.0,1.0,A01,0,3,1,2,2.0,1990,2007,3,2.0,2,1.0,1.0,0,70,1.0,1.0
200700029026,5,8,1,2,3,2.0,2.0,21,590,0,0,7,1.0,2.0,A01,1,1,1,1,5.0,1945,2007,4,2.0,2,2.0,1.0,0,0,2.0,1.0
200800023739,5,20,1,2,1,1.0,1.0,33,180,0,0,7,2.0,15.0,B01,1,1,1,1,5.0,1930,2008,3,2.0,2,1.0,3.0,0,80,1.0,1.0
200900043434,4,1,1,2,3,1.0,6.0,78,920,0,0,7,8.0,11.0,A01,1,1,1,2,5.0,1963,2009,3,1.0,2,1.0,1.0,0,0,1.0,1.0
201100021740,5,11,1,1,1,1.0,1.0,117,130,0,0,7,3.0,13.0,A01,1,1,1,1,2.0,1991,2011,3,2.0,2,2.0,2.0,0,72,1.0,1.0
201200030628,4,1,5,2,1,1.0,6.0,547,540,0,0,7,1.0,1.0,A01,6,2,1,1,5.0,1990,2012,4,1.0,4,1.0,1.0,0,0,1.0,3.0
200700059272,9,8,1,2,2,1.0,3.0,107,750,0,0,31,3.0,2.0,B01,1,1,1,1,5.0,1966,2007,4,3.0,2,1.0,1.0,0,0,1.0,1.0
201500036816,7,26,1,2,1,2.0,6.0,223,910,0,0,7,7.0,1.0,A01,0,3,1,1,0.0,1960,2015,4,2.0,2,1.0,1.0,0,0,2.0,1.0
201300004726,1,28,5,2,3,1.0,3.0,691,20,0,0,2,2.0,1.0,A01,1,1,1,2,5.0,1995,2013,4,2.0,2,1.0,1.0,0,152,1.0,1.0
201300045238,1,28,1,2,1,8.0,2.0,381,690,0,0,7,4.0,2.0,B01,1,1,1,1,1.0,1975,2013,4,1.0,3,1.0,1.0,0,70,2.0,1.0
201900054684,12,4,3,1,1,1.0,1.0,10049,10,0,0,7,3.0,13.0,A01,1,1,1,2,1.0,1986,2019,3,2.0,2,1.0,3.0,0,0,1.0,1.0
200900047121,10,5,1,2,1,1.0,5.0,300,170,0,0,7,4.0,1.0,C01,1,1,1,1,0.0,1948,2009,4,2.0,2,1.0,1.0,0,0,1.0,1.0
200600009409,2,9,5,2,2,1.0,3.0,7,750,0,0,7,8.0,1.0,A01,1,1,1,2,5.0,1953,2006,4,1.0,1,1.0,1.0,0,30,1.0,1.0
200800049904,9,16,1,2,6,1.0,3.0,545,550,0,0,32,8.0,1.0,A01,1,1,1,1,0.0,1991,2008,4,2.0,2,1.0,1.0,0,60,1.0,1.0
201600031011,8,4,1,1,9,1.0,5.0,457,620,0,0,7,8.0,1.0,C01,1,1,1,1,1.0,1961,2016,3,2.0,3,1.0,1.0,0,115,1.0,1.0
201600008056,3,31,1,2,1,1.0,1.0,217,40,0,0,7,3.0,1.0,B02,1,1,1,2,5.0,1947,2016,4,2.0,2,2.0,3.0,0,31,1.0,1.0
201400049989,8,24,1,1,1,1.0,6.0,65,330,0,0,7,4.0,0.0,B01,2,2,1,1,0.0,2000,2014,2,3.0,6,1.0,1.0,0,210,1.0,1.0
200700036742,6,2,1,2,1,1.0,6.0,12,750,0,0,7,1.0,1.0,A01,1,1,1,1,5.0,1949,2007,4,1.0,1,1.0,1.0,0,30,1.0,1.0
200600035842,6,23,1,2,1,1.0,2.0,284,770,0,0,7,4.0,23.0,B01,1,1,1,1,0.0,1959,2006,4,2.0,4,1.0,1.0,0,120,1.0,1.0
200800008478,2,22,1,2,1,1.0,6.0,185,380,0,0,7,2.0,1.0,A01,1,1,1,1,9.0,1984,2008,3,2.0,2,1.0,0.0,0,111,1.0,1.0
200700051985,8,23,1,2,1,3.0,4.0,107,750,0,0,7,9.0,2.0,B01,1,1,1,2,5.0,1976,2007,4,3.0,2,1.0,1.0,37,72,2.0,1.0
201200025615,11,14,5,2,1,1.0,3.0,75,330,0,0,7,7.0,1.0,B01,2,2,1,2,0.0,1979,2012,4,2.0,2,1.0,1.0,0,0,1.0,1.0
201700037986,11,17,1,2,2,1.0,3.0,194,860,0,0,7,1.0,9.0,A01,1,1,1,1,0.0,1956,2017,3,2.0,0,1.0,1.0,0,56,1.0,1.0
200500061382,9,8,5,2,3,2.0,3.0,66,930,0,0,7,1.0,0.0,B01,1,1,1,1,5.0,1960,2005,4,2.0,3,1.0,1.0,6,150,2.0,1.0
201800000979,7,5,1,1,1,1.0,4.0,31,10,0,0,7,3.0,2.0,C01,1,1,1,1,5.0,1977,2018,3,2.0,2,2.0,1.0,0,0,1.0,3.0
200700043304,7,9,1,2,1,1.0,5.0,173,500,0,0,7,1.0,1.0,C01,1,1,1,1,1.0,1973,2007,3,2.0,2,2.0,1.0,0,80,1.0,1.0
201100051795,11,30,1,2,1,1.0,6.0,78,940,0,0,7,1.0,1.0,Z01,0,3,1,1,4.0,1974,2011,4,2.0,1,1.0,1.0,0,50,1.0,1.0
200700018569,4,21,1,1,1,1.0,6.0,116,270,0,0,7,1.0,1.0,A01,3,2,1,1,0.0,1987,2007,3,2.0,2,1.0,3.0,0,58,1.0,3.0
201700033085,1,26,1,2,1,1.0,6.0,129,640,0,0,7,1.0,1.0,A01,1,1,1,2,1.0,1980,2017,4,1.0,1,1.0,2.0,0,68,1.0,1.0
201500058375,8,13,1,2,1,1.0,3.0,416,974,0,0,2,1.0,18.0,B01,2,2,1,1,0.0,2003,2015,4,2.0,2,0.0,0.0,0,60,0.0,1.0
201400019951,4,12,1,2,1,1.0,6.0,415,170,0,0,14,1.0,1.0,C01,1,1,1,1,0.0,1964,2014,4,2.0,2,0.0,0.0,0,60,1.0,1.0
201600047070,9,30,1,1,1,1.0,3.0,50,920,0,0,7,5.0,12.0,A01,1,1,1,1,1.0,1984,2016,1,1.0,2,1.0,1.0,15,70,1.0,1.0
201200035635,7,23,1,2,2,1.0,6.0,482,670,0,0,7,1.0,15.0,A01,1,1,1,1,0.0,1978,2012,4,2.0,2,0.0,0.0,0,0,0.0,1.0
200700045054,7,11,1,2,1,1.0,3.0,73,940,0,0,7,8.0,10.0,A01,1,1,1,1,4.0,1982,2007,4,1.0,1,1.0,3.0,0,0,1.0,1.0
201800005965,4,19,1,1,1,1.0,2.0,569,780,0,0,17,1.0,1.0,A01,1,1,1,1,4.0,1956,2018,1,3.0,5,1.0,1.0,0,0,1.0,1.0
201100045416,1,7,1,2,1,2.0,5.0,4,920,0,0,34,1.0,1.0,A01,1,1,1,2,1.0,1984,2011,3,3.0,4,1.0,1.0,0,0,2.0,1.0
200800032079,6,6,1,2,1,1.0,2.0,562,270,0,0,7,4.0,1.0,B01,1,1,1,2,5.0,1987,2008,2,2.0,2,1.0,1.0,0,60,1.0,1.0
200500077341,11,13,5,1,1,2.0,6.0,249,330,0,0,7,9.0,13.0,A01,1,1,1,1,5.0,1986,2005,2,1.0,2,1.0,3.0,0,95,2.0,1.0
201400053471,9,13,1,2,3,1.0,4.0,110,750,0,0,7,0.0,9.0,C01,1,1,1,1,5.0,1970,2014,4,1.0,3,1.0,1.0,5,100,2.0,1.0
201700050786,5,2,1,2,1,2.0,2.0,387,690,0,0,7,4.0,23.0,B01,1,1,1,1,1.0,1982,2017,4,1.0,3,1.0,3.0,0,0,2.0,1.0
201600009965,5,8,1,1,1,1.0,1.0,104,280,0,0,7,2.0,15.0,A01,1,1,1,2,5.0,1995,2016,3,2.0,0,3.0,2.0,0,0,1.0,1.0
201400006072,10,19,1,2,1,1.0,3.0,310,30,0,0,7,1.0,1.0,A01,1,1,1,1,5.0,1966,2014,4,2.0,2,1.0,1.0,0,90,1.0,1.0
201000041464,11,15,4,2,1,2.0,6.0,202,690,0,0,7,2.0,1.0,A01,1,1,1,1,0.0,1963,2010,4,2.0,2,2.0,1.0,0,79,2.0,1.0
200800007772,2,21,5,2,1,1.0,7.0,55,130,0,0,7,1.0,14.0,A01,2,2,1,2,0.0,1984,2008,4,1.0,2,1.0,1.0,0,35,1.0,4.0
201200046384,8,17,1,2,2,1.0,6.0,22,940,0,0,7,2.0,16.0,A01,1,1,1,1,5.0,1989,2012,3,3.0,4,1.0,1.0,0,0,1.0,1.0
201300055685,7,31,1,2,2,1.0,3.0,120,750,0,0,7,2.0,15.0,B01,1,1,1,2,5.0,1965,2013,4,2.0,3,1.0,1.0,0,110,1.0,5.0
200700021915,4,15,1,2,1,1.0,7.0,232,450,0,0,7,1.0,0.0,A01,1,1,1,1,0.0,1989,2007,4,2.0,2,1.0,1.0,20,140,1.0,3.0
201800007065,2,16,1,2,1,1.0,3.0,152,60,0,0,7,3.0,11.0,B01,1,1,1,1,9.0,1993,2018,3,1.0,2,2.0,1.0,0,0,1.0,1.0
201000035540,6,11,5,2,1,1.0,5.0,495,540,0,0,7,1.0,0.0,D01,1,1,1,1,9.0,1963,2010,4,1.0,2,1.0,1.0,0,0,1.0,1.0
201300032143,5,16,1,2,1,2.0,6.0,122,640,0,0,7,6.0,11.0,A01,1,1,1,2,1.0,1948,2013,4,2.0,2,2.0,1.0,0,65,2.0,1.0
200900051609,5,15,1,2,1,1.0,2.0,154,340,0,0,7,6.0,15.0,B01,1,1,1,1,5.0,1960,2009,3,2.0,2,0.0,2.0,14,93,1.0,1.0
200800074431,12,5,3,1,1,1.0,2.0,79,940,0,0,7,1.0,1.0,A01,1,1,1,1,5.0,1988,2008,1,3.0,5,1.0,2.0,15,175,2.0,1.0
201000035858,10,5,1,2,3,1.0,1.0,29,550,0,0,7,3.0,15.0,A01,1,1,1,2,5.0,1952,2010,2,2.0,2,1.0,1.0,0,0,2.0,1.0
201900055581,10,24,1,2,3,2.0,4.0,33075,33,0,0,7,1.0,15.0,A01,1,1,1,1,0.0,1997,2019,4,2.0,5,1.0,1.0,0,0,2.0,1.0
200600083031,10,11,3,1,1,1.0,2.0,213,972,0,0,7,9.0,1.0,B01,2,2,1,2,0.0,1936,2006,1,3.0,4,1.0,1.0,0,0,1.0,1.0
201400038132,3,26,1,2,1,1.0,1.0,21,910,0,0,7,1.0,1.0,B01,1,1,1,2,0.0,1992,2014,3,2.0,2,2.0,1.0,0,0,1.0,1.0
201300018622,9,18,1,1,1,2.0,1.0,229,410,0,0,7,3.0,1.0,B02,2,2,1,2,0.0,1944,2013,1,2.0,2,4.0,3.0,0,125,2.0,1.0
200700052836,9,28,1,1,1,1.0,5.0,286,350,0,0,7,3.0,1.0,C03,4,2,1,1,0.0,1930,2007,3,2.0,2,2.0,1.0,0,60,1.0,1.0
201000043205,9,21,1,2,1,1.0,2.0,42,770,0,0,7,6.0,11.0,B01,1,1,1,2,1.0,1954,2010,4,0.0,0,2.0,0.0,0,0,0.0,0.0
201100059555,12,10,1,2,3,1.0,6.0,109,750,0,0,7,2.0,7.0,B01,1,1,1,2,4.0,1969,2011,4,3.0,2,1.0,1.0,0,0,1.0,1.0
200700005269,1,17,1,2,1,8.0,2.0,1,930,0,0,7,1.0,2.0,A01,1,1,1,1,4.0,1973,2007,4,2.0,2,1.0,1.0,0,120,2.0,1.0
200700034047,6,27,1,1,1,8.0,6.0,163,760,0,0,7,8.0,1.0,A01,3,2,1,2,0.0,1993,2007,3,2.0,2,1.0,3.0,0,62,1.0,3.0
201600043688,6,12,1,2,3,3.0,4.0,78,940,0,0,7,9.0,23.0,B01,1,1,1,2,5.0,1982,2016,2,2.0,4,1.0,1.0,0,0,2.0,1.0
201000018510,5,21,1,2,1,1.0,3.0,934,201,0,0,33,8.0,1.0,B02,1,1,1,1,5.0,1961,2010,3,2.0,2,1.0,3.0,0,58,1.0,1.0
200700018417,4,10,1,1,3,1.0,3.0,45,620,0,0,7,3.0,1.0,A01,5,2,1,2,0.0,1999,2007,3,3.0,4,1.0,1.0,120,70,1.0,1.0