num_acc,mois,jour,lum,agg,int,atm,col,com,dep,hr,mn,catv,choc,manv,num_veh,place,catu,grav,sexe,trajet,an_nais,annee,catr,circ,nbv,prof,plan,lartpc,larrout,surf,situ
201800033377,5,22,1,2,1,1.0,5.0,10,740,0,0,7,0.0,1.0,B01,1,1,1,1,0.0,1966,2018,4,2.0,3,1.0,1.0,0,0,1.0,3.0
201700044915,6,9,1,2,1,1.0,6.0,41,940,0,0,37,3.0,7.0,A01,0,3,1,1,5.0,2007,2017,3,3.0,3,1.0,1.0,18,37,1.0,1.0
201700022572,5,21,1,2,1,1.0,6.0,56,250,0,0,7,1.0,1.0,A01,1,1,1,1,0.0,1994,2017,4,2.0,2,1.0,1.0,0,0,1.0,1.0
201300007054,8,4,1,2,1,1.0,3.0,25,890,0,0,7,1.0,1.0,B02,1,1,1,1,0.0,1949,2013,4,2.0,2,1.0,1.0,0,98,1.0,1.0
200600050178,8,11,1,2,1,1.0,6.0,28,940,0,0,7,0.0,1.0,A01,0,3,1,2,0.0,1982,2006,9,2.0,2,1.0,1.0,0,60,0.0,1.0
201100065428,6,16,1,1,1,1.0,5.0,15,974,0,0,7,1.0,0.0,D04,1,1,1,1,4.0,1982,2011,2,3.0,2,1.0,1.0,20,75,1.0,1.0
200500040368,5,18,1,2,1,1.0,6.0,76,940,0,0,7,0.0,4.0,A01,1,1,1,1,0.0,1960,2005,3,1.0,1,0.0,0.0,0,50,0.0,1.0
200900022792,3,19,1,2,2,1.0,3.0,88,60,0,0,7,3.0,1.0,A01,1,1,1,1,5.0,1929,2009,4,2.0,4,1.0,1.0,0,0,1.0,1.0
201700020495,9,27,2,2,1,1.0,6.0,612,950,0,0,7,2.0,1.0,A01,1,1,1,1,1.0,1995,2017,3,2.0,2,1.0,1.0,0,0,1.0,1.0
200900024114,8,21,1,1,1,1.0,6.0,136,660,0,0,7,3.0,1.0,A01,1,1,1,2,5.0,1990,2009,3,1.0,4,1.0,1.0,0,205,1.0,1.0
200700079002,12,18,5,2,6,1.0,7.0,297,780,0,0,7,3.0,1.0,A01,1,1,1,1,1.0,1987,2007,4,2.0,2,1.0,1.0,0,90,7.0,1.0
201600000152,9,12,1,2,1,1.0,6.0,289,590,0,0,7,3.0,1.0,A01,1,1,1,1,1.0,1998,2016,3,2.0,2,1.0,1.0,0,0,1.0,1.0
201300028638,2,18,1,2,1,1.0,5.0,547,540,0,0,7,3.0,12.0,A01,1,1,1,1,0.0,1951,2013,4,1.0,2,1.0,1.0,32,170,1.0,1.0
201600024991,2,5,5,2,2,1.0,3.0,238,350,0,0,31,1.0,1.0,B01,1,1,1,1,5.0,1987,2016,4,3.0,4,1.0,1.0,0,0,1.0,1.0
201900002833,5,7,1,1,1,1.0,7.0,95127,95,0,0,33,9.0,0.0,A01,1,1,1,1,1.0,1997,2019,1,1.0,1,2.0,1.0,0,0,1.0,1.0
200800013844,3,29,5,2,1,1.0,2.0,114,910,0,0,7,1.0,2.0,A01,2,2,1,1,0.0,1989,2008,2,2.0,2,1.0,1.0,20,20,1.0,1.0
201400022446,6,1,1,2,1,1.0,3.0,232,290,0,0,7,3.0,1.0,B01,1,1,1,1,0.0,1978,2014,4,0.0,2,0.0,0.0,0,0,1.0,0.0
201400006687,6,25,1,2,3,1.0,3.0,245,510,0,0,30,1.0,15.0,A01,2,2,1,1,0.0,2004,2014,3,2.0,2,1.0,1.0,0,65,1.0,1.0
201000037043,2,4,1,1,1,1.0,6.0,9,590,0,0,10,1.0,1.0,A01,0,3,1,1,4.0,1972,2010,4,2.0,2,1.0,1.0,0,60,1.0,1.0
201400047842,12,10,2,1,1,2.0,4.0,64,930,0,0,7,4.0,0.0,B01,1,1,1,1,0.0,1963,2014,1,1.0,2,1.0,1.0,15,70,2.0,1.0
200600067040,11,29,5,2,1,1.0,2.0,69,330,0,0,2,4.0,23.0,B01,1,1,1,1,0.0,1988,2006,4,2.0,2,1.0,1.0,0,94,1.0,1.0
201500054663,9,10,1,2,3,1.0,3.0,117,750,0,0,33,1.0,17.0,A01,1,1,1,1,1.0,1987,2015,4,2.0,2,1.0,1.0,0,100,1.0,1.0
201000061642,11,6,5,2,5,2.0,7.0,108,750,0,0,30,7.0,16.0,A01,1,1,1,1,5.0,1983,2010,4,1.0,0,1.0,3.0,0,0,2.0,1.0
201500010763,3,5,5,2,1,1.0,4.0,88,60,0,0,7,1.0,2.0,A01,1,1,1,1,0.0,1960,2015,4,3.0,4,1.0,1.0,0,0,1.0,1.0
201400019681,12,11,1,2,1,1.0,7.0,299,170,0,0,7,1.0,1.0,A01,0,3,1,2,4.0,1986,2014,4,2.0,2,1.0,1.0,0,85,1.0,1.0
201100027190,1,12,1,2,1,2.0,6.0,318,330,0,0,7,0.0,21.0,A01,1,1,1,1,4.0,1981,2011,4,2.0,2,1.0,1.0,0,80,2.0,1.0
201700051403,7,24,1,1,1,1.0,4.0,119,330,0,0,10,0.0,0.0,A01,1,1,1,1,0.0,1986,2017,2,3.0,6,1.0,1.0,30,210,1.0,1.0
201100039621,2,11,1,2,1,1.0,2.0,256,690,0,0,10,4.0,2.0,B01,1,1,1,1,1.0,1969,2011,4,2.0,0,1.0,1.0,0,0,1.0,1.0
201500051708,7,3,1,2,2,1.0,3.0,108,750,0,0,33,8.0,1.0,B01,1,1,1,1,1.0,1964,2015,4,1.0,3,1.0,1.0,0,200,1.0,1.0
200600077323,12,24,5,2,1,1.0,6.0,119,620,0,0,7,1.0,1.0,A01,1,1,1,1,5.0,1983,2006,4,2.0,2,1.0,3.0,0,78,2.0,4.0
200500031664,5,31,1,2,1,1.0,4.0,63,950,0,0,18,1.0,1.0,A01,1,1,1,1,0.0,1980,2005,3,2.0,2,1.0,1.0,0,90,1.0,1.0
200600055173,9,30,1,2,3,1.0,6.0,367,590,0,0,7,0.0,1.0,A01,1,1,1,1,5.0,1959,2006,4,2.0,2,1.0,1.0,0,0,1.0,1.0
201400047335,6,20,1,1,1,1.0,2.0,8,930,0,0,7,1.0,0.0,A01,1,1,1,2,0.0,1960,2014,1,3.0,0,1.0,0.0,15,120,1.0,1.0
201200013125,7,19,1,1,6,1.0,3.0,243,560,0,0,10,4.0,2.0,B02,1,1,1,1,4.0,1982,2012,4,0.0,0,1.0,2.0,0,0,1.0,1.0
201700023823,9,12,3,1,9,2.0,2.0,320,520,0,0,7,1.0,2.0,A01,1,1,1,1,5.0,1982,2017,1,3.0,4,1.0,0.0,20,20,1.0,0.0
200500026122,5,30,1,1,1,3.0,3.0,543,710,0,0,7,1.0,1.0,B02,1,1,1,1,9.0,1985,2005,2,2.0,0,1.0,1.0,35,70,2.0,1.0
200800026156,5,23,1,2,1,1.0,6.0,47,930,0,0,7,1.0,0.0,A01,1,1,1,1,0.0,1978,2008,5,2.0,2,1.0,1.0,0,50,1.0,1.0
201900050535,3,30,1,2,3,1.0,3.0,97416,974,0,0,32,1.0,15.0,B01,1,1,1,1,9.0,1964,2019,4,2.0,2,1.0,1.0,0,0,1.0,1.0
201000060742,6,9,1,2,3,2.0,3.0,105,750,0,0,7,3.0,17.0,B01,1,1,1,2,4.0,1968,2010,4,2.0,2,1.0,1.0,0,120,2.0,1.0
201100061193,3,17,1,2,2,2.0,3.0,114,750,0,0,2,6.0,1.0,B01,1,1,1,2,4.0,1992,2011,4,1.0,4,1.0,1.0,0,120,1.0,1.0
201000057479,10,1,3,1,1,1.0,6.0,64,910,0,0,10,0.0,0.0,A01,1,1,1,1,9.0,1985,2010,2,3.0,4,0.0,0.0,15,70,0.0,1.0
200600044822,4,10,1,2,1,1.0,7.0,358,780,0,0,7,1.0,2.0,A01,0,3,1,2,3.0,1925,2006,4,3.0,2,1.0,1.0,0,0,1.0,1.0
201800055197,12,2,5,2,3,2.0,6.0,103,750,18,35,7,6.0,22.0,A01,4,2,1,2,5.0,1993,2018,4,0.0,0,1.0,1.0,0,0,2.0,1.0
200600006235,2,11,3,1,1,1.0,3.0,407,140,0,0,7,7.0,1.0,A01,1,1,1,1,5.0,1965,2006,3,3.0,4,1.0,1.0,30,0,1.0,1.0
201000021533,5,27,1,2,1,1.0,3.0,55,130,0,0,7,3.0,13.0,A01,1,1,1,2,0.0,1973,2010,4,2.0,2,2.0,1.0,0,96,1.0,1.0
201000038306,8,31,1,2,1,1.0,3.0,6,610,0,0,7,6.0,9.0,A01,1,1,1,1,4.0,1981,2010,4,2.0,2,1.0,1.0,0,67,1.0,1.0
200800067924,11,11,5,2,2,1.0,6.0,108,750,0,0,7,3.0,15.0,A01,0,3,1,1,5.0,1979,2008,4,2.0,2,2.0,1.0,0,200,2.0,1.0
201400050904,11,7,2,1,1,2.0,2.0,152,690,0,0,7,0.0,0.0,B01,1,1,1,1,4.0,1956,2014,1,3.0,4,1.0,1.0,20,140,2.0,1.0
200900016194,8,21,5,2,1,1.0,6.0,120,750,0,0,30,0.0,1.0,A01,1,1,1,1,0.0,1977,2009,4,1.0,1,1.0,1.0,0,50,1.0,4.0
200800026733,5,16,1,2,1,1.0,1.0,33,202,0,0,7,3.0,1.0,B01,1,1,1,1,0.0,1944,2008,2,2.0,2,1.0,1.0,0,0,1.0,1.0
200700065772,10,24,1,2,1,1.0,3.0,78,930,0,0,7,3.0,15.0,A01,1,1,1,2,5.0,1987,2007,4,1.0,1,1.0,1.0,0,40,1.0,0.0
200800050416,9,12,1,2,2,1.0,6.0,172,340,0,0,30,1.0,19.0,A01,1,1,1,1,5.0,1989,2008,4,2.0,3,1.0,1.0,0,90,1.0,1.0
200500086318,8,22,1,2,1,1.0,1.0,411,974,0,0,10,2.0,1.0,B01,1,1,1,1,4.0,1967,2005,4,2.0,2,2.0,2.0,0,70,1.0,1.0
200500051623,8,1,1,2,1,1.0,6.0,99,490,0,0,17,2.0,17.0,A01,2,2,1,1,0.0,1944,2005,2,2.0,3,4.0,1.0,0,79,1.0,1.0
200900067184,12,4,5,2,1,1.0,6.0,88,60,0,0,30,1.0,1.0,A01,1,1,1,1,5.0,1987,2009,4,1.0,3,1.0,1.0,0,0,1.0,1.0
201400053619,3,2,1,2,2,1.0,6.0,111,750,0,0,7,3.0,15.0,A01,0,3,1,1,5.0,2011,2014,4,3.0,2,1.0,1.0,150,70,1.0,1.0
201100018419,11,2,1,2,1,1.0,6.0,262,110,0,0,7,4.0,20.0,A01,0,3,1,2,5.0,1934,2011,4,2.0,2,1.0,1.0,0,0,1.0,1.0
200500018046,3,24,1,1,1,2.0,3.0,377,910,0,0,7,3.0,2.0,B01,2,2,1,2,0.0,1958,2005,1,3.0,6,1.0,1.0,10,210,2.0,2.0
200800029478,6,27,1,1,1,1.0,6.0,228,800,0,0,10,2.0,21.0,A01,1,1,1,2,5.0,1971,2008,4,0.0,1,0.0,2.0,0,0,1.0,3.0
200800032547,6,5,1,2,3,1.0,2.0,44,360,0,0,30,1.0,1.0,A01,1,1,1,1,5.0,1967,2008,4,2.0,2,1.0,1.0,0,0,1.0,1.0
200600030358,6,9,1,1,1,1.0,1.0,481,500,0,0,7,2.0,17.0,A01,1,1,1,2,3.0,1927,2006,3,2.0,2,1.0,3.0,0,77,1.0,1.0
201100043361,5,16,1,1,2,1.0,3.0,62,830,0,0,7,7.0,13.0,A01,1,1,1,1,5.0,1934,2011,3,2.0,0,1.0,0.0,0,0,1.0,0.0
200700050882,8,6,1,2,2,1.0,3.0,137,830,0,0,33,1.0,2.0,B01,1,1,1,1,1.0,1949,2007,4,1.0,4,1.0,1.0,0,120,1.0,1.0
200800019721,4,28,1,2,3,2.0,3.0,172,340,0,0,31,1.0,1.0,B01,1,1,1,1,5.0,1985,2008,4,2.0,1,1.0,1.0,0,60,2.0,1.0
200500001434,1,29,3,1,1,1.0,6.0,107,830,0,0,7,2.0,1.0,A01,1,1,1,1,3.0,1977,2005,2,3.0,0,2.0,1.0,45,140,1.0,0.0
201500022638,5,28,1,2,3,1.0,2.0,557,310,0,0,7,4.0,1.0,B01,1,1,1,2,5.0,1969,2015,3,2.0,3,1.0,1.0,0,0,1.0,1.0
201500041359,7,3,1,2,1,1.0,2.0,66,930,0,0,99,4.0,4.0,A01,1,1,1,1,0.0,1990,2015,4,2.0,2,1.0,1.0,0,0,1.0,1.0
201500017444,2,6,5,2,1,1.0,6.0,557,140,0,0,7,1.0,14.0,A01,1,1,1,1,1.0,1963,2015,3,2.0,2,1.0,1.0,0,0,1.0,4.0
200500059843,9,10,1,2,1,2.0,6.0,12,750,0,0,10,1.0,1.0,A01,0,3,1,1,5.0,1973,2005,4,1.0,4,1.0,1.0,0,120,2.0,1.0
201500040510,9,26,5,2,4,1.0,1.0,31,930,0,0,7,1.0,0.0,A01,1,1,1,1,0.0,1995,2015,4,2.0,0,1.0,1.0,0,0,1.0,1.0
201200003862,10,17,2,1,1,1.0,4.0,421,310,0,0,10,4.0,2.0,D04,1,1,1,1,1.0,1976,2012,3,3.0,2,1.0,1.0,0,102,1.0,1.0
200500067012,10,23,3,2,1,1.0,3.0,155,590,0,0,7,4.0,1.0,B01,4,2,1,1,0.0,1942,2005,4,2.0,2,1.0,1.0,0,119,1.0,1.0
201500029691,2,22,5,2,2,3.0,3.0,183,590,0,0,7,1.0,1.0,A01,1,1,1,2,5.0,1982,2015,4,2.0,2,1.0,1.0,0,100,2.0,1.0
201600051688,6,2,5,2,2,3.0,3.0,105,750,0,0,7,2.0,16.0,A01,1,1,1,2,5.0,1986,2016,4,2.0,3,1.0,1.0,5,120,2.0,1.0
201700025919,10,20,5,2,1,1.0,1.0,281,330,0,0,7,1.0,1.0,B01,1,1,1,2,1.0,1993,2017,4,2.0,0,1.0,2.0,0,27,1.0,1.0
200900027076,10,15,1,2,2,1.0,4.0,103,750,0,0,7,8.0,15.0,A01,1,1,1,1,2.0,1990,2009,4,1.0,3,1.0,1.0,0,115,1.0,1.0
201200058347,1,10,1,2,1,1.0,6.0,118,750,0,0,10,3.0,1.0,A01,0,3,1,2,0.0,1937,2012,4,2.0,4,2.0,1.0,0,100,1.0,1.0
200500033019,6,1,1,2,1,1.0,5.0,31,190,0,0,7,1.0,2.0,A01,3,2,1,2,0.0,2003,2005,4,2.0,2,1.0,1.0,0,0,1.0,1.0
200700037922,6,9,1,2,1,1.0,6.0,428,950,0,0,7,0.0,0.0,A01,1,1,1,2,0.0,1938,2007,3,2.0,2,1.0,1.0,0,120,0.0,3.0
201300000512,9,6,1,1,1,1.0,1.0,574,570,0,0,7,3.0,13.0,A01,1,1,1,1,5.0,1957,2013,4,2.0,2,1.0,2.0,0,34,1.0,1.0
200800073308,12,29,5,2,3,1.0,2.0,18,950,0,0,33,3.0,1.0,A01,1,1,1,1,1.0,1953,2008,3,3.0,6,1.0,1.0,20,200,1.0,1.0
200900021239,6,21,5,2,1,2.0,7.0,462,670,0,0,7,1.0,1.0,A01,0,3,1,1,5.0,1994,2009,3,2.0,2,1.0,3.0,20,90,2.0,1.0
201800028304,1,22,2,2,1,2.0,6.0,547,540,0,0,7,1.0,15.0,A01,1,1,1,1,0.0,1980,2018,4,1.0,2,1.0,1.0,0,0,2.0,1.0
201200054506,10,17,3,2,2,2.0,6.0,107,750,0,0,7,2.0,14.0,A01,1,1,1,1,5.0,1964,2012,4,1.0,1,1.0,0.0,0,40,1.0,0.0
201200042585,11,20,1,2,1,1.0,6.0,44,920,0,0,7,2.0,1.0,A01,0,3,1,1,0.0,1956,2012,3,1.0,1,1.0,1.0,0,0,1.0,0.0
200500020961,4,16,1,2,4,1.0,3.0,12,750,0,0,7,2.0,15.0,A01,1,1,1,2,9.0,1960,2005,4,2.0,2,1.0,1.0,0,60,1.0,1.0
201100027892,9,23,1,2,2,1.0,3.0,63,330,0,0,7,2.0,1.0,B01,1,1,1,1,5.0,1986,2011,4,2.0,2,1.0,1.0,0,0,1.0,1.0
200600041553,7,5,1,2,3,1.0,3.0,55,940,0,0,7,3.0,15.0,B01,1,1,1,1,0.0,1977,2006,3,2.0,2,1.0,1.0,0,70,1.0,1.0
201800009888,10,11,1,2,1,1.0,6.0,55,130,0,0,32,1.0,18.0,A01,0,3,1,2,5.0,1995,2018,4,2.0,6,1.0,1.0,0,0,1.0,3.0
201000037179,5,22,2,2,1,1.0,5.0,368,590,0,0,7,3.0,1.0,C01,2,2,1,2,5.0,1978,2010,4,3.0,3,1.0,1.0,0,100,1.0,1.0
200900064996,11,20,1,1,1,3.0,6.0,223,350,0,0,7,1.0,17.0,B02,4,2,1,2,0.0,1992,2009,3,2.0,2,1.0,1.0,50,0,2.0,1.0
201800037446,5,29,1,2,1,1.0,3.0,12,920,0,0,31,5.0,17.0,B01,1,1,1,1,1.0,1997,2018,4,2.0,2,1.0,1.0,0,0,1.0,1.0
200800045628,8,5,5,2,1,1.0,5.0,88,60,0,0,30,1.0,0.0,B01,2,2,1,2,0.0,1993,2008,4,3.0,4,1.0,1.0,0,0,1.0,1.0
200800067937,11,11,5,2,1,2.0,6.0,118,750,0,0,32,1.0,1.0,A01,1,1,1,1,5.0,1980,2008,4,2.0,3,2.0,1.0,0,100,1.0,1.0
201700026630,5,25,1,1,1,1.0,2.0,278,350,0,0,7,4.0,1.0,B01,2,2,1,1,0.0,2001,2017,3,3.0,4,1.0,1.0,0,0,1.0,1.0
201400004240,3,29,1,1,1,1.0,6.0,117,820,0,0,7,2.0,14.0,A01,4,2,1,2,0.0,1991,2014,3,2.0,2,1.0,1.0,0,65,1.0,3.0
201300004872,5,22,1,2,1,1.0,6.0,738,20,0,0,17,1.0,1.0,A01,1,1,1,1,9.0,1961,2013,4,2.0,2,2.0,1.0,0,39,1.0,1.0
201300044630,10,6,1,2,2,1.0,6.0,81,940,0,0,7,7.0,15.0,A01,1,1,1,2,3.0,1981,2013,3,2.0,2,1.0,1.0,251,126,1.0,1.0
201300024732,6,3,1,2,1,1.0,2.0,172,340,0,0,33,1.0,1.0,A01,1,1,1,1,5.0,1972,2013,4,2.0,6,1.0,1.0,0,60,1.0,1.0
201800028576,10,19,5,2,1,1.0,1.0,304,540,0,0,37,1.0,1.0,B01,1,1,1,1,4.0,1968,2018,4,2.0,2,1.0,1.0,0,0,1.0,3.0
200900044756,5,17,1,2,1,1.0,2.0,201,130,0,0,7,3.0,17.0,A01,1,1,1,1,4.0,1969,2009,4,0.0,0,1.0,0.0,0,0,1.0,1.0
200500036981,6,5,1,2,3,2.0,2.0,176,950,0,0,7,1.0,1.0,A01,1,1,1,2,5.0,1981,2005,3,2.0,2,1.0,1.0,0,80,1.0,1.0
201400010955,3,18,1,2,2,1.0,3.0,88,60,0,0,7,1.0,1.0,A01,1,1,1,1,0.0,1943,2014,4,2.0,2,1.0,1.0,0,0,1.0,1.0
201800026854,6,30,1,2,1,1.0,4.0,234,450,0,0,10,4.0,2.0,B01,1,1,1,1,0.0,1991,2018,4,3.0,4,1.0,1.0,0,0,1.0,1.0
200500027394,5,28,3,2,1,1.0,3.0,88,60,0,0,7,2.0,15.0,A01,1,1,1,1,5.0,1979,2005,4,2.0,7,1.0,1.0,0,70,1.0,1.0
200800067862,11,5,1,2,1,8.0,7.0,118,750,0,0,32,0.0,1.0,A01,1,1,1,1,9.0,1950,2008,4,3.0,4,1.0,1.0,0,50,8.0,1.0
201600041398,3,16,5,2,1,1.0,3.0,66,930,0,0,7,2.0,0.0,A01,1,1,1,1,3.0,1978,2016,3,2.0,2,1.0,1.0,0,0,1.0,1.0
200900051215,4,23,1,2,1,1.0,3.0,70,930,0,0,10,7.0,3.0,A01,1,1,1,1,0.0,1978,2009,3,3.0,2,1.0,1.0,0,80,1.0,1.0
201200012209,9,1,1,1,1,1.0,2.0,67,130,0,0,7,2.0,1.0,A01,1,1,1,2,5.0,1936,2012,1,3.0,3,1.0,1.0,25,20,1.0,1.0
201300054375,10,29,2,2,4,1.0,2.0,116,750,0,0,7,1.0,2.0,A01,1,1,1,1,1.0,1983,2013,4,1.0,3,1.0,3.0,0,0,1.0,1.0
200700047472,8,5,2,1,1,1.0,7.0,127,740,0,0,7,1.0,1.0,A01,1,1,1,2,5.0,1974,2007,3,2.0,2,2.0,3.0,0,68,1.0,1.0
201800042248,3,10,5,2,3,2.0,3.0,73,940,0,0,34,3.0,13.0,A01,1,1,1,1,5.0,1995,2018,3,2.0,2,2.0,2.0,0,60,2.0,1.0
201200058842,7,26,1,2,4,1.0,3.0,119,750,0,0,33,8.0,17.0,A01,1,1,1,1,1.0,1975,2012,4,2.0,2,2.0,1.0,30,30,1.0,1.0
201100037318,5,25,1,2,1,1.0,6.0,113,630,0,0,7,1.0,1.0,A01,1,1,1,1,9.0,1957,2011,3,2.0,1,1.0,1.0,0,0,1.0,1.0
201200055335,6,11,1,2,7,1.0,3.0,110,750,0,0,7,3.0,1.0,B01,1,1,1,1,1.0,1970,2012,4,3.0,0,1.0,3.0,20,100,1.0,1.0
200800041813,7,1,1,2,2,1.0,3.0,386,690,0,0,7,8.0,15.0,B01,1,1,1,2,0.0,1986,2008,4,2.0,3,1.0,1.0,0,0,1.0,1.0
200500057202,9,11,5,1,3,1.0,3.0,1,130,0,0,7,7.0,1.0,B01,3,2,1,1,0.0,1977,2005,3,2.0,2,1.0,1.0,56,56,2.0,1.0
200900025343,6,6,1,2,3,2.0,3.0,231,210,0,0,7,6.0,15.0,B01,1,1,1,2,5.0,1974,2009,4,2.0,2,1.0,1.0,0,65,2.0,0.0
201400048374,11,4,2,1,1,1.0,2.0,50,920,0,0,7,1.0,1.0,A01,1,1,1,2,0.0,1992,2014,1,1.0,3,2.0,1.0,20,95,1.0,1.0
200800003105,1,26,5,2,1,9.0,7.0,288,350,0,0,2,0.0,1.0,A01,2,2,1,2,0.0,1991,2008,4,0.0,0,1.0,1.0,0,0,7.0,1.0
201000007300,7,30,1,2,1,1.0,2.0,238,10,0,0,30,4.0,2.0,A01,1,1,1,1,5.0,1992,2010,3,2.0,2,4.0,1.0,0,58,1.0,1.0
200800065756,11,21,5,2,1,1.0,3.0,4,920,0,0,33,0.0,0.0,A01,1,1,1,1,0.0,1981,2008,3,3.0,2,1.0,1.0,0,60,1.0,1.0
201100064445,3,6,1,2,1,1.0,4.0,120,750,0,0,7,1.0,2.0,A01,1,1,1,1,5.0,1975,2011,4,1.0,4,1.0,1.0,15,140,0.0,1.0
200600020832,4,5,1,2,1,2.0,6.0,113,630,0,0,7,2.0,15.0,A01,1,1,1,1,9.0,1946,2006,4,2.0,3,1.0,1.0,0,0,2.0,1.0
201100045550,12,17,1,2,3,1.0,6.0,4,920,0,0,7,3.0,15.0,A01,1,1,1,1,5.0,1957,2011,4,1.0,1,1.0,1.0,0,0,1.0,1.0
201500000057,5,6,1,2,1,1.0,6.0,86,590,0,0,7,3.0,1.0,A01,1,1,1,1,5.0,1963,2015,3,2.0,0,1.0,1.0,0,52,1.0,1.0
201200036791,1,28,2,1,1,1.0,6.0,270,710,0,0,7,8.0,1.0,A01,1,1,1,1,5.0,1980,2012,3,2.0,2,1.0,1.0,0,62,1.0,1.0
201200054557,1,4,1,2,2,1.0,6.0,108,750,0,0,34,0.0,7.0,Z01,0,3,1,2,5.0,1981,2012,4,1.0,2,1.0,1.0,0,190,1.0,1.0
201500041227,1,29,1,2,1,1.0,6.0,64,930,0,0,7,2.0,0.0,A01,1,1,1,2,1.0,1984,2015,4,2.0,3,1.0,1.0,0,50,1.0,1.0
201600030560,3,18,5,1,3,1.0,3.0,606,590,0,0,7,1.0,9.0,B01,1,1,1,2,0.0,1992,2016,4,2.0,2,1.0,1.0,0,0,1.0,1.0
201200026652,4,30,1,2,2,1.0,2.0,238,350,0,0,7,5.0,16.0,B01,1,1,1,1,4.0,1983,2012,4,2.0,2,1.0,1.0,0,0,1.0,1.0
200900059977,12,9,3,1,1,2.0,5.0,438,770,0,0,7,7.0,0.0,A01,1,1,1,1,5.0,1988,2009,1,1.0,3,1.0,2.0,15,105,2.0,1.0
201600048703,10,31,1,1,3,1.0,3.0,382,690,0,0,7,2.0,9.0,A01,1,1,1,1,0.0,1965,2016,4,1.0,1,1.0,1.0,0,25,1.0,1.0
200800053995,9,11,1,2,1,1.0,4.0,118,750,0,0,7,4.0,23.0,B01,3,2,1,2,0.0,1997,2008,4,1.0,3,1.0,1.0,0,90,1.0,1.0
201700038351,11,12,1,2,3,3.0,6.0,413,880,0,0,7,7.0,1.0,A01,2,2,1,2,5.0,1939,2017,4,2.0,2,1.0,1.0,0,0,0.0,0.0
200700083996,10,13,1,1,1,1.0,7.0,302,973,0,0,2,0.0,1.0,A01,1,1,1,2,0.0,1983,2007,3,2.0,2,1.0,0.0,0,82,1.0,1.0
201300018449,6,16,3,1,1,1.0,3.0,350,630,0,0,7,8.0,5.0,A01,1,1,1,1,5.0,1975,2013,3,2.0,2,1.0,2.0,0,0,1.0,1.0
200900073080,6,22,5,2,1,1.0,3.0,9,974,0,0,7,3.0,15.0,A01,1,1,1,1,9.0,1979,2009,4,2.0,2,1.0,1.0,0,70,1.0,1.0
200700020156,4,28,1,1,1,1.0,1.0,155,600,0,0,7,2.0,1.0,A01,1,1,1,1,5.0,1929,2007,4,2.0,0,2.0,3.0,0,33,2.0,1.0
201700034089,5,12,1,2,1,1.0,6.0,482,670,0,0,7,2.0,0.0,A01,0,3,1,1,0.0,1957,2017,4,2.0,2,1.0,1.0,0,56,1.0,1.0
201100006658,3,25,1,2,1,1.0,3.0,49,690,0,0,7,8.0,15.0,A01,1,1,1,2,1.0,1985,2011,3,2.0,2,0.0,1.0,0,40,1.0,1.0
201200054756,7,3,5,2,4,1.0,6.0,108,750,0,0,7,4.0,15.0,A01,1,1,1,1,0.0,1962,2012,4,3.0,2,2.0,1.0,0,0,1.0,1.0
200700052110,8,24,1,2,1,8.0,6.0,112,750,0,0,32,8.0,2.0,B01,1,1,1,1,5.0,1969,2007,4,2.0,3,1.0,1.0,0,93,1.0,1.0
200900063854,10,3,5,1,1,2.0,4.0,65,620,0,0,7,4.0,2.0,B01,2,2,1,1,5.0,1982,2009,3,3.0,5,1.0,1.0,10,105,2.0,1.0
201400025419,12,16,5,2,1,1.0,3.0,172,340,0,0,30,7.0,16.0,A01,1,1,1,1,4.0,1991,2014,3,2.0,4,1.0,1.0,0,70,1.0,1.0
201600048034,12,23,5,1,1,1.0,4.0,43,940,0,0,7,1.0,2.0,A01,1,1,1,1,5.0,1989,2016,1,3.0,4,1.0,1.0,0,70,1.0,1.0
201700035443,6,20,1,2,6,1.0,7.0,65,730,0,0,7,0.0,12.0,A01,1,1,1,2,4.0,1985,2017,3,1.0,1,2.0,2.0,0,0,1.0,1.0
200600025361,5,12,1,2,1,1.0,2.0,69,60,0,0,7,1.0,2.0,A01,1,1,1,2,2.0,1968,2006,4,2.0,2,2.0,1.0,0,0,1.0,1.0
201500048054,8,25,1,2,1,1.0,3.0,149,690,0,0,10,6.0,15.0,B01,1,1,1,1,4.0,1964,2015,4,2.0,3,2.0,1.0,0,137,1.0,1.0
200700017547,3,24,5,2,9,2.0,6.0,72,930,0,0,7,0.0,0.0,B01,1,1,1,1,0.0,1979,2007,9,2.0,4,1.0,0.0,0,0,2.0,1.0
200700069830,11,12,1,2,3,1.0,3.0,193,620,0,0,7,3.0,15.0,B01,1,1,1,1,5.0,1986,2007,4,3.0,2,1.0,1.0,0,70,1.0,1.0
200500044996,7,9,1,2,1,1.0,7.0,246,490,0,0,2,0.0,0.0,A01,1,1,1,1,0.0,1990,2005,4,2.0,0,1.0,0.0,0,0,1.0,1.0
200600073823,12,20,1,2,1,1.0,6.0,160,90,0,0,14,1.0,1.0,A01,1,1,1,1,0.0,1968,2006,3,2.0,2,1.0,1.0,0,70,1.0,1.0
201100064463,3,11,1,2,1,1.0,4.0,114,750,0,0,7,6.0,1.0,B01,1,1,1,1,4.0,1966,2011,4,1.0,3,1.0,1.0,15,105,1.0,1.0