num_acc,mois,jour,lum,agg,int,atm,col,com,dep,hr,mn,catv,choc,manv,num_veh,place,catu,grav,sexe,trajet,an_nais,annee,catr,circ,nbv,prof,plan,lartpc,larrout,surf,situ
201000053280,6,30,1,2,2,1.0,2.0,38,940,0,0,7,4.0,1.0,B01,1,1,1,1,4.0,1984,2010,4,2.0,1,2.0,1.0,0,0,1.0,1.0
200800014744,3,7,5,1,1,1.0,4.0,137,830,0,0,7,4.0,2.0,B01,1,1,1,1,9.0,1949,2008,1,3.0,4,1.0,1.0,14,140,1.0,1.0
200600034824,6,3,1,2,1,1.0,6.0,34,690,0,0,7,5.0,17.0,B01,1,1,1,1,5.0,1964,2006,4,0.0,2,1.0,1.0,0,70,1.0,1.0
201400056230,11,18,5,2,5,2.0,3.0,117,750,0,0,7,1.0,15.0,B01,1,1,1,1,4.0,1983,2014,4,2.0,2,1.0,1.0,0,0,2.0,1.0
201300049607,6,11,1,2,1,1.0,2.0,389,690,0,0,7,4.0,2.0,B01,1,1,1,1,0.0,1975,2013,4,2.0,2,1.0,1.0,0,60,1.0,1.0
201000002417,2,3,1,1,2,2.0,1.0,760,140,0,0,7,2.0,21.0,B02,1,1,1,2,5.0,1976,2010,3,2.0,2,2.0,1.0,0,55,2.0,1.0
200500058941,9,22,1,2,1,1.0,3.0,463,570,0,0,7,7.0,15.0,A01,1,1,1,1,9.0,1974,2005,4,2.0,3,1.0,3.0,25,150,1.0,1.0
200500056780,6,21,1,2,2,1.0,3.0,388,690,0,0,4,1.0,2.0,A01,1,1,1,1,0.0,1987,2005,4,2.0,3,1.0,1.0,0,0,1.0,1.0
201400057267,12,9,2,2,1,1.0,3.0,120,750,0,0,10,2.0,13.0,A01,1,1,1,1,4.0,1974,2014,4,2.0,2,1.0,1.0,0,60,7.0,1.0
200600012799,3,7,1,2,2,1.0,6.0,463,570,0,0,7,3.0,15.0,A01,1,1,1,1,1.0,1975,2006,4,2.0,0,1.0,1.0,0,60,1.0,1.0
201400026848,8,22,1,2,2,1.0,3.0,169,380,0,0,7,7.0,15.0,A01,1,1,1,2,0.0,1982,2014,4,2.0,0,1.0,1.0,0,0,1.0,1.0
200600055741,9,1,5,2,2,1.0,6.0,14,750,0,0,7,4.0,23.0,B01,0,3,1,2,5.0,1961,2006,4,2.0,4,1.0,1.0,0,120,1.0,1.0
201800047461,4,20,1,2,1,1.0,1.0,389,690,0,0,1,7.0,1.0,B01,1,1,1,1,0.0,1992,2018,4,2.0,3,1.0,1.0,0,0,1.0,3.0
201800022441,8,4,1,1,2,1.0,3.0,63,460,0,0,7,2.0,1.0,A01,1,1,1,1,3.0,1947,2018,3,2.0,2,1.0,1.0,0,0,1.0,1.0
201800021141,3,28,1,1,2,1.0,3.0,99,840,0,0,7,1.0,1.0,A01,1,1,1,2,1.0,1966,2018,3,2.0,2,1.0,1.0,0,0,1.0,1.0
201600047851,10,15,5,1,1,1.0,6.0,65,940,0,0,7,3.0,19.0,A01,1,1,1,1,5.0,1973,2016,1,3.0,6,1.0,1.0,15,210,2.0,1.0
200700009820,2,11,5,2,1,2.0,3.0,11,750,0,0,7,8.0,22.0,A01,1,1,1,2,5.0,1987,2007,4,2.0,4,1.0,1.0,0,120,2.0,1.0
200600078361,12,6,5,2,1,1.0,2.0,10,750,0,0,7,4.0,1.0,B01,1,1,1,1,5.0,1956,2006,4,2.0,4,1.0,1.0,0,120,1.0,1.0
201300018883,9,15,1,1,2,1.0,3.0,279,760,0,0,7,7.0,1.0,B02,3,2,1,2,0.0,2012,2013,3,2.0,2,1.0,1.0,0,0,1.0,1.0
201800025411,7,4,1,2,1,1.0,1.0,261,370,0,0,7,1.0,13.0,A01,1,1,1,1,5.0,1952,2018,3,2.0,2,1.0,1.0,0,0,1.0,1.0
200500009567,2,12,1,2,2,1.0,3.0,201,910,0,0,7,8.0,1.0,B01,1,1,1,2,0.0,1947,2005,4,2.0,2,1.0,1.0,0,0,1.0,1.0
200800061548,10,7,1,2,1,1.0,3.0,108,750,0,0,7,2.0,13.0,A01,1,1,1,2,0.0,1971,2008,4,2.0,4,1.0,1.0,0,120,1.0,1.0
201300050953,4,29,1,2,3,1.0,2.0,106,750,0,0,33,1.0,2.0,A01,1,1,1,1,1.0,1976,2013,4,1.0,4,1.0,1.0,4,166,1.0,1.0
201100017232,7,21,1,1,1,1.0,6.0,143,340,0,0,7,1.0,1.0,C03,3,2,1,1,0.0,1979,2011,1,1.0,3,1.0,1.0,29,140,1.0,1.0
201700051689,4,7,1,1,1,1.0,5.0,97,420,0,0,7,6.0,1.0,C01,1,1,1,2,5.0,1993,2017,1,3.0,6,1.0,1.0,15,108,1.0,1.0
200500068626,10,19,1,2,3,1.0,3.0,646,780,0,0,5,1.0,1.0,B01,1,1,1,1,2.0,1987,2005,4,2.0,2,1.0,1.0,0,90,1.0,1.0
201300010431,2,12,1,2,1,1.0,5.0,69,60,0,0,7,3.0,1.0,C01,3,2,1,1,5.0,1952,2013,4,2.0,2,1.0,3.0,0,0,1.0,1.0
201400042553,7,28,1,2,1,1.0,6.0,46,930,0,0,3,1.0,0.0,A01,1,1,1,1,5.0,1953,2014,4,2.0,2,1.0,1.0,0,0,1.0,1.0
201300021692,9,9,1,1,1,2.0,7.0,459,670,0,0,38,7.0,14.0,A01,5,2,1,1,0.0,1997,2013,3,2.0,2,1.0,1.0,0,49,2.0,3.0
201900002868,4,27,3,1,1,2.0,2.0,95424,95,0,0,7,2.0,1.0,A01,1,1,1,2,5.0,1998,2019,1,3.0,8,1.0,1.0,0,0,2.0,1.0
200600035245,6,13,1,2,2,1.0,3.0,13,750,0,0,2,1.0,1.0,B01,1,1,1,1,4.0,1982,2006,4,2.0,2,1.0,1.0,0,60,1.0,1.0
201300045207,8,14,5,2,1,1.0,6.0,4,201,0,0,33,3.0,1.0,A01,1,1,1,1,0.0,1985,2013,3,2.0,2,1.0,1.0,0,85,1.0,0.0
200600002805,1,31,1,2,1,1.0,3.0,15,750,0,0,7,8.0,11.0,A01,1,1,1,1,5.0,1967,2006,4,1.0,3,1.0,1.0,0,90,1.0,1.0
200900055268,11,16,1,2,1,2.0,5.0,56,250,0,0,7,1.0,1.0,C01,1,1,1,1,0.0,1968,2009,4,2.0,4,1.0,1.0,0,0,2.0,1.0
201100036078,11,6,2,2,3,1.0,3.0,512,590,0,0,7,1.0,1.0,A01,2,2,1,1,5.0,1988,2011,4,2.0,2,1.0,1.0,0,0,1.0,1.0
201300025960,9,11,1,2,1,1.0,6.0,214,370,0,0,7,3.0,1.0,A01,1,1,1,2,5.0,1983,2013,4,2.0,2,1.0,1.0,0,50,1.0,1.0
200900013200,4,25,3,1,1,2.0,7.0,192,400,0,0,7,9.0,1.0,A01,2,2,1,1,5.0,1990,2009,3,2.0,2,1.0,1.0,0,60,2.0,3.0
201100054067,10,21,1,1,1,1.0,3.0,53,930,0,0,7,2.0,1.0,B01,1,1,1,1,5.0,1957,2011,1,3.0,4,2.0,1.0,20,140,1.0,1.0
200700009507,2,14,1,1,1,1.0,4.0,224,680,0,0,7,4.0,2.0,C01,1,1,1,2,1.0,1966,2007,1,1.0,2,1.0,1.0,125,70,1.0,1.0
200700008811,2,27,1,2,1,2.0,3.0,18,410,0,0,2,1.0,1.0,B01,1,1,1,1,0.0,1986,2007,4,2.0,2,1.0,1.0,0,0,2.0,1.0
200600045840,8,5,1,1,1,1.0,5.0,217,740,0,0,7,1.0,2.0,B02,1,1,1,2,0.0,1975,2006,2,2.0,2,2.0,3.0,0,76,2.0,1.0
201800047748,10,15,1,2,1,1.0,3.0,389,690,0,0,32,1.0,1.0,B01,2,2,1,2,2.0,1996,2018,4,2.0,2,2.0,1.0,0,0,1.0,2.0
200800002495,1,8,5,2,1,1.0,7.0,392,590,0,0,7,1.0,1.0,A01,1,1,1,2,1.0,1967,2008,4,2.0,2,1.0,1.0,0,118,1.0,1.0
200600035069,6,2,1,2,2,7.0,3.0,6,750,0,0,7,2.0,15.0,A01,1,1,1,2,1.0,1978,2006,4,2.0,2,1.0,1.0,0,60,1.0,1.0
200700041346,7,8,1,1,1,3.0,6.0,33,800,0,0,7,3.0,16.0,A01,3,2,1,1,0.0,1947,2007,6,1.0,1,1.0,3.0,0,62,2.0,1.0
200900018861,3,2,2,2,3,1.0,3.0,37,940,0,0,7,8.0,15.0,B01,1,1,1,2,1.0,1941,2009,3,2.0,2,1.0,1.0,0,0,1.0,1.0
201500016556,11,15,1,1,1,1.0,3.0,304,140,0,0,99,2.0,1.0,B01,2,2,1,1,0.0,1958,2015,3,2.0,2,0.0,0.0,0,0,0.0,1.0
201600056565,6,28,1,2,1,1.0,6.0,120,750,0,0,10,4.0,20.0,A01,1,1,1,1,1.0,1966,2016,4,2.0,2,1.0,1.0,0,100,1.0,1.0
201200022058,12,11,3,1,1,1.0,7.0,106,220,0,0,7,7.0,14.0,A01,1,1,1,1,5.0,1981,2012,2,3.0,4,1.0,2.0,0,0,1.0,3.0
201300023602,3,23,1,2,5,1.0,3.0,63,330,0,0,7,1.0,1.0,B01,2,2,1,2,0.0,2000,2013,4,0.0,4,1.0,1.0,0,0,0.0,1.0
201300044759,7,22,1,2,2,1.0,3.0,18,950,0,0,1,1.0,1.0,A01,1,1,1,1,5.0,2000,2013,3,2.0,2,1.0,1.0,0,0,1.0,1.0
201300052542,10,29,5,2,1,1.0,6.0,111,750,0,0,30,2.0,18.0,A01,1,1,1,1,5.0,1988,2013,4,2.0,2,1.0,1.0,0,95,1.0,1.0
201800045427,11,7,3,1,1,1.0,5.0,488,950,0,0,7,1.0,14.0,A01,1,1,1,2,5.0,1993,2018,1,3.0,8,2.0,1.0,0,0,1.0,1.0
200500061170,9,12,1,2,2,1.0,2.0,62,920,0,0,7,1.0,1.0,A01,1,1,1,2,4.0,1979,2005,3,3.0,2,1.0,1.0,7,76,1.0,1.0
200500048861,8,16,1,1,1,1.0,3.0,181,70,0,0,7,0.0,0.0,A01,1,1,1,2,0.0,1969,2005,2,2.0,0,0.0,1.0,0,80,1.0,1.0
201200052257,4,2,1,2,1,1.0,6.0,388,690,0,0,7,2.0,16.0,B01,1,1,1,2,9.0,1989,2012,4,1.0,3,1.0,1.0,0,100,1.0,1.0
200600055399,9,25,2,2,9,2.0,3.0,445,640,0,0,7,6.0,2.0,A01,1,1,1,1,0.0,1959,2006,4,0.0,1,1.0,2.0,0,95,2.0,1.0
201800002629,1,17,1,1,1,2.0,3.0,286,30,0,0,15,8.0,1.0,B01,1,1,1,1,4.0,1967,2018,2,2.0,2,1.0,1.0,0,0,2.0,1.0
201200021767,3,21,1,2,1,1.0,3.0,166,210,0,0,7,3.0,20.0,A01,1,1,1,2,5.0,1939,2012,4,2.0,2,1.0,1.0,0,110,1.0,1.0
201800038129,7,28,1,2,1,1.0,4.0,36,920,0,0,10,1.0,19.0,A01,1,1,1,1,9.0,1971,2018,3,2.0,4,1.0,1.0,0,0,1.0,3.0
200800020638,4,20,1,2,4,1.0,3.0,181,720,0,0,7,5.0,15.0,A01,1,1,1,2,0.0,1973,2008,4,2.0,2,1.0,3.0,0,60,1.0,1.0
201500055526,5,26,1,2,3,1.0,3.0,120,750,0,0,7,2.0,15.0,B01,1,1,1,2,1.0,1950,2015,4,2.0,2,1.0,1.0,0,80,1.0,1.0
201200009511,5,31,1,1,1,1.0,1.0,546,910,0,0,7,3.0,15.0,B02,1,1,1,1,2.0,1993,2012,4,2.0,2,2.0,3.0,0,39,1.0,1.0
200500019300,4,10,1,2,1,1.0,6.0,189,300,0,0,7,1.0,2.0,A01,1,1,1,2,5.0,1967,2005,4,1.0,3,1.0,1.0,0,0,1.0,1.0
201200005103,4,4,1,2,2,1.0,3.0,722,20,0,0,7,8.0,15.0,B01,1,1,1,2,2.0,1977,2012,4,2.0,1,2.0,1.0,59,59,1.0,1.0
201700017320,8,24,1,2,4,1.0,1.0,374,680,0,0,1,1.0,15.0,A01,1,1,1,1,5.0,2000,2017,4,2.0,2,1.0,1.0,0,73,1.0,1.0
200900010666,3,28,1,2,2,2.0,6.0,9,590,0,0,7,1.0,1.0,B01,1,1,1,1,0.0,1937,2009,4,2.0,2,1.0,1.0,0,0,2.0,1.0
200600038261,7,8,1,2,9,1.0,3.0,31,190,0,0,7,3.0,15.0,B01,1,1,1,2,5.0,1952,2006,4,2.0,2,1.0,1.0,0,106,1.0,1.0
201700035327,10,18,1,2,1,2.0,6.0,181,720,0,0,7,1.0,1.0,A01,1,1,1,2,0.0,1986,2017,4,3.0,4,1.0,1.0,0,0,2.0,1.0
201400045149,4,2,1,2,3,1.0,3.0,68,940,0,0,7,3.0,15.0,B01,1,1,1,2,5.0,1988,2014,3,2.0,2,1.0,1.0,0,65,1.0,1.0
201000036029,8,6,1,2,2,1.0,3.0,107,560,0,0,7,2.0,0.0,A01,5,2,1,2,5.0,1997,2010,3,2.0,4,1.0,1.0,0,0,1.0,1.0
200500068277,10,26,1,2,1,1.0,6.0,2,750,0,0,10,4.0,4.0,A01,0,3,1,2,5.0,1925,2005,4,1.0,1,1.0,1.0,0,30,2.0,1.0
201300032399,11,8,1,2,1,1.0,6.0,335,640,0,0,30,1.0,1.0,A01,1,1,1,1,1.0,1973,2013,4,2.0,2,1.0,1.0,0,0,1.0,1.0
201300054531,2,21,1,2,2,1.0,6.0,117,750,0,0,32,3.0,17.0,A01,1,1,1,1,1.0,1982,2013,4,3.0,3,1.0,1.0,0,0,1.0,1.0
201500003752,7,7,1,1,1,1.0,5.0,196,120,0,0,10,3.0,0.0,A01,6,2,1,1,0.0,1999,2015,2,2.0,2,2.0,1.0,0,80,1.0,1.0
201500045620,6,27,1,1,1,1.0,6.0,64,930,0,0,33,8.0,1.0,A01,1,1,1,1,0.0,1980,2015,1,1.0,3,1.0,3.0,15,105,1.0,0.0
201800010293,7,4,1,2,1,1.0,6.0,56,130,0,0,7,1.0,0.0,A01,0,3,1,2,5.0,1949,2018,4,1.0,2,1.0,1.0,0,0,1.0,3.0
200700050922,8,31,1,2,1,1.0,2.0,89,840,0,0,7,4.0,2.0,B01,1,1,1,1,5.0,1967,2007,4,2.0,2,1.0,1.0,0,0,1.0,1.0
200800040216,7,21,1,2,1,1.0,6.0,440,650,0,0,7,1.0,1.0,A01,1,1,1,1,0.0,1937,2008,4,2.0,2,1.0,1.0,0,50,1.0,1.0
200700043707,7,4,1,2,1,1.0,4.0,113,630,0,0,7,6.0,2.0,C01,4,2,1,1,0.0,1958,2007,4,1.0,2,1.0,1.0,0,0,1.0,1.0
201200058662,12,13,2,2,2,2.0,6.0,118,750,0,0,7,3.0,4.0,A01,0,3,1,2,5.0,1946,2012,4,1.0,1,2.0,1.0,0,0,2.0,1.0
201600055972,8,16,1,2,3,7.0,3.0,118,750,0,0,7,7.0,15.0,A01,1,1,1,1,5.0,1961,2016,4,3.0,2,1.0,1.0,0,0,1.0,1.0
201100045273,9,25,1,2,1,1.0,7.0,645,910,0,0,1,0.0,0.0,A01,1,1,1,1,0.0,1958,2011,4,2.0,2,1.0,1.0,0,0,1.0,1.0
200900011473,5,31,1,1,3,1.0,3.0,143,600,0,0,33,2.0,17.0,A01,1,1,1,1,5.0,1987,2009,3,2.0,2,1.0,1.0,0,0,1.0,1.0
201000016154,7,11,1,2,1,1.0,6.0,83,60,0,0,7,8.0,1.0,A01,0,3,1,1,5.0,1999,2010,4,2.0,2,1.0,1.0,0,100,1.0,1.0
200700076282,7,28,1,1,1,2.0,6.0,640,780,0,0,7,1.0,2.0,A01,1,1,1,1,5.0,1974,2007,2,3.0,3,1.0,1.0,15,25,2.0,1.0
200800027104,5,2,1,2,1,1.0,3.0,110,750,0,0,7,2.0,1.0,B01,1,1,1,2,3.0,1986,2008,4,2.0,2,1.0,1.0,0,35,1.0,1.0
201800001678,10,8,1,1,1,1.0,1.0,408,20,0,0,7,3.0,1.0,B01,1,1,1,1,1.0,1979,2018,2,2.0,2,1.0,1.0,0,0,1.0,3.0
201900004854,10,20,5,2,1,2.0,3.0,13215,13,0,0,37,2.0,1.0,B01,10,3,1,1,1.0,1970,2019,4,1.0,1,1.0,1.0,0,0,2.0,1.0
201400054598,8,1,1,2,5,1.0,6.0,113,750,0,0,33,1.0,17.0,A01,0,3,1,2,5.0,1961,2014,4,2.0,3,1.0,1.0,105,105,1.0,1.0
201300031425,10,2,5,2,1,1.0,7.0,528,620,0,0,7,0.0,0.0,A01,1,1,1,1,0.0,1992,2013,3,2.0,2,1.0,0.0,0,0,1.0,1.0
200900021787,4,14,1,2,1,1.0,6.0,21,800,0,0,30,1.0,1.0,A01,2,2,1,2,5.0,1991,2009,4,2.0,2,1.0,1.0,0,0,1.0,1.0
201200004591,11,7,3,1,1,1.0,1.0,227,690,0,0,7,3.0,13.0,A01,1,1,1,2,5.0,1924,2012,3,2.0,2,2.0,3.0,70,70,1.0,1.0
200600053753,9,27,1,2,3,1.0,4.0,299,170,0,0,7,1.0,1.0,A01,1,1,1,2,5.0,1979,2006,3,2.0,2,1.0,1.0,0,60,1.0,1.0
201500041245,9,21,1,2,3,1.0,3.0,64,930,0,0,7,5.0,1.0,A01,1,1,1,1,9.0,1993,2015,4,3.0,4,1.0,1.0,0,0,1.0,1.0
200600012733,3,21,1,2,1,1.0,6.0,547,540,0,0,18,8.0,1.0,B01,1,1,1,1,4.0,1969,2006,4,2.0,2,2.0,3.0,0,0,1.0,1.0
201100065728,4,22,1,2,3,1.0,3.0,13,971,0,0,30,8.0,1.0,B01,1,1,1,1,9.0,1984,2011,3,2.0,0,3.0,1.0,0,24,1.0,1.0
201500019328,4,20,1,1,1,1.0,4.0,28,170,0,0,7,1.0,2.0,D01,1,1,1,2,3.0,1969,2015,2,2.0,4,2.0,1.0,0,0,1.0,1.0
201400043333,9,25,5,2,1,1.0,5.0,66,930,0,0,7,2.0,1.0,A01,1,1,1,1,0.0,1988,2014,3,2.0,3,2.0,1.0,0,0,1.0,1.0
201100008460,9,20,2,1,1,1.0,1.0,320,630,0,0,7,3.0,13.0,A01,1,1,1,2,3.0,1975,2011,3,2.0,2,1.0,2.0,0,50,1.0,1.0
200800037789,7,30,1,1,1,1.0,5.0,199,330,0,0,7,6.0,2.0,C03,4,2,1,1,0.0,2003,2008,3,0.0,2,1.0,1.0,0,40,1.0,1.0
200500083040,12,17,5,2,1,1.0,4.0,621,780,0,0,7,4.0,2.0,B01,1,1,1,1,5.0,1979,2005,2,3.0,4,1.0,2.0,15,67,1.0,1.0
200700021142,4,22,5,2,1,1.0,6.0,278,210,0,0,33,0.0,1.0,A01,0,3,1,2,5.0,1982,2007,4,2.0,2,1.0,1.0,0,100,1.0,0.0
200800040357,7,16,1,2,1,1.0,6.0,153,710,0,0,7,1.0,1.0,A01,1,1,1,1,5.0,1986,2008,4,2.0,4,1.0,1.0,30,140,1.0,1.0
201700051774,4,6,1,1,1,1.0,5.0,81,690,0,0,7,5.0,1.0,C01,1,1,1,1,5.0,1982,2017,1,3.0,4,2.0,1.0,25,105,1.0,1.0
201200009044,8,29,1,1,1,1.0,5.0,237,300,0,0,7,7.0,13.0,A01,1,1,1,2,5.0,1975,2012,3,2.0,2,3.0,1.0,0,60,1.0,3.0
200600068168,11,8,1,2,3,1.0,3.0,24,640,0,0,7,3.0,15.0,A01,1,1,1,2,3.0,1937,2006,3,2.0,2,1.0,1.0,0,0,1.0,1.0
200600029236,5,13,1,2,1,1.0,2.0,62,930,0,0,7,4.0,2.0,B01,1,1,1,2,4.0,1976,2006,4,2.0,2,1.0,1.0,0,50,1.0,1.0
200600018266,4,22,3,1,1,1.0,3.0,138,260,0,0,7,9.0,13.0,A01,1,1,1,1,4.0,1975,2006,1,3.0,0,1.0,1.0,0,0,1.0,1.0
200500020906,4,14,1,2,3,2.0,3.0,8,750,0,0,4,2.0,17.0,A01,1,1,1,1,5.0,1959,2005,4,2.0,4,1.0,1.0,0,120,2.0,1.0
200500042916,7,27,1,1,1,1.0,5.0,235,410,0,0,17,3.0,14.0,C03,1,1,1,1,4.0,1956,2005,2,2.0,2,2.0,1.0,0,78,1.0,1.0
200700055948,9,25,5,2,7,1.0,2.0,63,330,0,0,7,4.0,4.0,A01,2,2,1,1,0.0,1988,2007,4,1.0,2,1.0,2.0,0,76,1.0,1.0
201800056515,12,2,4,2,1,1.0,6.0,412,974,0,0,7,1.0,1.0,A01,2,2,1,2,5.0,1994,2018,9,2.0,2,2.0,1.0,0,0,1.0,3.0
201900057075,7,10,1,2,1,1.0,1.0,45284,45,0,0,38,1.0,23.0,A01,6,2,1,1,0.0,2000,2019,4,2.0,2,1.0,1.0,0,0,1.0,1.0
200600038410,7,1,1,2,1,1.0,2.0,85,280,0,0,7,1.0,1.0,A01,2,2,1,2,0.0,1923,2006,4,2.0,2,1.0,1.0,0,70,1.0,1.0
201300047175,10,1,1,1,1,1.0,2.0,50,920,0,0,7,5.0,0.0,B01,1,1,1,1,4.0,1979,2013,1,1.0,2,1.0,0.0,0,50,1.0,1.0
200900032324,11,16,1,2,1,8.0,6.0,113,750,0,0,30,1.0,17.0,A01,1,1,1,1,1.0,1986,2009,4,2.0,3,2.0,1.0,0,75,2.0,1.0
200800033459,6,30,1,2,3,1.0,3.0,482,670,0,0,7,8.0,15.0,B01,1,1,1,1,5.0,1985,2008,4,2.0,2,1.0,1.0,0,70,1.0,1.0
200700039239,6,18,1,2,1,1.0,6.0,119,750,0,0,33,1.0,1.0,A01,1,1,1,1,1.0,1982,2007,4,1.0,4,1.0,0.0,15,140,1.0,1.0
201600020435,1,2,1,1,1,7.0,5.0,20,870,0,0,7,4.0,23.0,B02,3,2,1,1,0.0,2015,2016,1,3.0,4,2.0,1.0,22,144,2.0,1.0
200800031368,6,7,1,2,1,1.0,6.0,88,60,0,0,7,1.0,1.0,A01,1,1,1,2,5.0,1976,2008,4,3.0,1,1.0,3.0,0,100,1.0,1.0
200900002504,1,12,5,2,1,1.0,6.0,85,870,0,0,7,9.0,1.0,A01,1,1,1,1,5.0,1988,2009,4,2.0,2,1.0,1.0,0,80,1.0,1.0
201600016257,6,29,1,2,3,1.0,3.0,56,130,0,0,7,3.0,15.0,A01,1,1,1,1,5.0,1974,2016,4,2.0,2,1.0,1.0,0,0,1.0,1.0
200500074509,11,4,5,2,9,2.0,6.0,113,630,0,0,7,3.0,1.0,A01,0,3,1,1,9.0,1982,2005,4,1.0,2,1.0,1.0,0,0,2.0,1.0
200700077366,12,13,1,2,3,1.0,3.0,189,300,0,0,7,1.0,1.0,B01,4,2,1,1,0.0,2007,2007,4,1.0,1,1.0,1.0,0,60,1.0,1.0
201300056952,7,11,4,1,1,1.0,1.0,29,971,0,0,7,1.0,0.0,B02,1,1,1,1,5.0,1957,2013,4,2.0,0,4.0,3.0,0,60,1.0,1.0
201500029285,8,26,1,2,3,1.0,5.0,463,570,0,0,7,2.0,1.0,C01,2,2,1,1,0.0,1976,2015,4,2.0,2,1.0,1.0,0,111,1.0,1.0
201800020244,6,14,1,2,9,1.0,6.0,33,180,0,0,7,7.0,2.0,A01,0,3,1,1,5.0,1949,2018,4,1.0,2,1.0,1.0,0,0,1.0,3.0
201500046306,3,17,3,1,1,1.0,3.0,90,780,0,0,7,8.0,2.0,B01,1,1,1,1,1.0,1972,2015,1,3.0,3,1.0,1.0,15,35,1.0,2.0
201600050070,4,26,1,1,1,3.0,2.0,666,570,0,0,7,4.0,2.0,B01,2,2,1,1,5.0,2001,2016,1,1.0,1,1.0,4.0,30,35,2.0,1.0
201600040999,3,17,1,2,6,1.0,6.0,51,930,0,0,7,2.0,12.0,A01,1,1,1,2,1.0,1961,2016,4,1.0,3,1.0,2.0,0,100,1.0,1.0
201300017182,7,28,1,1,1,7.0,1.0,119,160,0,0,7,1.0,1.0,B02,2,2,1,2,5.0,1972,2013,3,2.0,2,1.0,1.0,0,70,1.0,1.0
201000045523,8,10,1,2,1,1.0,2.0,137,830,0,0,7,6.0,23.0,B01,2,2,1,1,5.0,1977,2010,4,2.0,2,1.0,1.0,0,62,0.0,1.0
201600025603,11,8,3,2,1,1.0,4.0,202,360,0,0,7,1.0,0.0,C01,1,1,1,2,0.0,1979,2016,3,2.0,2,1.0,1.0,0,80,1.0,1.0
201300055086,8,21,5,2,2,1.0,3.0,118,750,0,0,7,3.0,12.0,A01,1,1,1,1,0.0,1986,2013,4,3.0,4,1.0,1.0,20,120,1.0,1.0
200500020295,4,15,2,2,5,1.0,3.0,41,620,0,0,7,3.0,15.0,A01,1,1,1,1,5.0,1986,2005,4,2.0,4,1.0,1.0,10,100,1.0,1.0
200900072609,2,12,1,1,1,1.0,5.0,4,974,0,0,17,2.0,1.0,A01,8,2,1,1,0.0,1971,2009,2,3.0,4,1.0,3.0,0,0,1.0,1.0
201000047204,10,27,5,2,6,1.0,3.0,223,910,0,0,10,3.0,0.0,A01,2,2,1,1,0.0,1962,2010,3,0.0,2,1.0,0.0,0,0,1.0,0.0
201800021153,1,21,1,2,1,2.0,6.0,163,790,0,0,7,1.0,0.0,A01,1,1,1,1,9.0,1960,2018,4,2.0,2,1.0,2.0,0,0,2.0,4.0
200500054455,9,26,1,1,1,1.0,3.0,325,720,0,0,7,3.0,1.0,A01,3,2,1,2,0.0,2005,2005,3,2.0,0,1.0,1.0,0,65,1.0,1.0
201000064067,10,31,5,2,2,1.0,3.0,115,750,0,0,7,7.0,1.0,A01,1,1,1,1,4.0,1969,2010,4,1.0,1,1.0,0.0,0,0,1.0,1.0
200800073801,12,4,5,2,2,1.0,3.0,112,750,0,0,7,1.0,1.0,B01,1,1,1,1,5.0,1947,2008,4,2.0,1,0.0,1.0,0,80,2.0,1.0
201400026252,2,24,1,2,1,1.0,7.0,233,370,0,0,7,1.0,1.0,A01,1,1,1,2,1.0,1960,2014,4,2.0,2,1.0,1.0,0,50,1.0,1.0
201700005673,9,8,1,2,1,1.0,4.0,123,60,0,0,7,4.0,1.0,A01,1,1,1,1,5.0,1948,2017,3,1.0,3,1.0,1.0,0,0,1.0,1.0
200900073948,9,12,1,2,1,1.0,6.0,11,974,0,0,7,1.0,1.0,B01,1,1,1,1,5.0,1961,2009,3,2.0,2,1.0,1.0,0,0,1.0,1.0
201400043684,7,2,1,2,1,1.0,2.0,2,940,0,0,7,7.0,1.0,B01,1,1,1,1,5.0,1957,2014,4,2.0,2,1.0,1.0,0,62,1.0,1.0
201600038650,5,12,1,2,1,1.0,5.0,49,920,0,0,37,8.0,16.0,B01,2,2,1,2,9.0,1979,2016,3,2.0,2,0.0,0.0,0,0,0.0,1.0
200500006441,1,8,1,1,1,2.0,6.0,617,910,0,0,10,8.0,1.0,A01,1,1,1,1,4.0,1956,2005,2,3.0,6,1.0,3.0,10,210,2.0,1.0
201500021669,12,4,1,2,1,1.0,4.0,19,290,0,0,7,1.0,1.0,A01,1,1,1,1,5.0,1994,2015,4,2.0,3,2.0,1.0,0,0,0.0,1.0
200600027011,5,26,1,2,1,1.0,7.0,147,500,0,0,7,1.0,0.0,A01,0,3,1,1,5.0,1985,2006,4,2.0,2,2.0,1.0,0,87,1.0,1.0
201200006907,5,20,2,1,1,1.0,1.0,592,510,0,0,7,1.0,13.0,A01,4,2,1,1,5.0,1992,2012,3,2.0,2,1.0,1.0,0,68,1.0,1.0
201700057926,7,6,5,2,1,6.0,7.0,112,750,0,0,7,1.0,20.0,A01,1,1,1,1,5.0,1977,2017,4,0.0,0,1.0,1.0,0,123,1.0,0.0
200900052101,6,2,1,2,1,2.0,6.0,434,390,0,0,7,3.0,1.0,A01,1,1,1,2,9.0,1943,2009,9,2.0,2,0.0,1.0,0,0,1.0,1.0
201100040757,2,2,1,2,1,1.0,1.0,351,760,0,0,7,3.0,1.0,A01,1,1,1,1,5.0,1931,2011,4,2.0,2,1.0,1.0,0,80,1.0,1.0