num_acc,mois,jour,lum,agg,int,atm,col,com,dep,hr,mn,catv,choc,manv,num_veh,place,catu,grav,sexe,trajet,an_nais,annee,catr,circ,nbv,prof,plan,lartpc,larrout,surf,situ
201300050747,1,23,1,2,1,1.0,3.0,105,750,0,0,33,1.0,1.0,B01,1,1,1,1,1.0,1978,2013,4,2.0,4,1.0,1.0,0,25,1.0,0.0
200700067991,11,15,1,2,1,1.0,3.0,55,130,0,0,7,2.0,15.0,A01,1,1,1,1,0.0,1975,2007,4,2.0,2,1.0,1.0,0,30,1.0,1.0
201200024511,12,2,1,2,1,1.0,6.0,555,310,0,0,3,3.0,1.0,A01,2,2,1,2,9.0,1990,2012,4,1.0,1,1.0,2.0,0,300,1.0,1.0
200800053287,9,24,1,2,1,1.0,6.0,112,750,0,0,30,1.0,1.0,A01,0,3,1,2,5.0,1960,2008,4,2.0,2,1.0,1.0,0,120,2.0,1.0
200600025732,5,7,1,2,1,1.0,2.0,55,130,0,0,7,4.0,2.0,A01,1,1,1,1,9.0,1984,2006,4,2.0,2,1.0,1.0,16,34,1.0,1.0
200900009558,2,25,1,1,1,1.0,6.0,335,450,0,0,33,1.0,1.0,A01,2,2,1,1,0.0,1992,2009,3,2.0,2,1.0,2.0,0,62,1.0,3.0
201200044385,4,19,1,2,1,7.0,2.0,27,930,0,0,7,4.0,2.0,B01,1,1,1,1,0.0,1993,2012,4,2.0,1,1.0,1.0,0,0,1.0,1.0
201800024991,10,31,1,1,1,1.0,4.0,238,350,0,0,7,5.0,23.0,C01,1,1,1,1,5.0,1968,2018,2,3.0,4,1.0,1.0,0,0,1.0,1.0
200800039115,7,1,1,2,1,1.0,6.0,555,310,0,0,31,1.0,0.0,A01,1,1,1,1,4.0,1965,2008,4,0.0,3,1.0,1.0,0,0,1.0,1.0
201700005364,7,7,1,1,1,1.0,1.0,315,450,0,0,10,3.0,5.0,A01,1,1,1,1,4.0,1981,2017,3,2.0,2,1.0,1.0,0,63,1.0,1.0
201000052805,4,20,1,2,2,1.0,3.0,28,940,0,0,7,2.0,1.0,A01,1,1,1,2,5.0,1960,2010,4,2.0,2,1.0,1.0,0,0,1.0,1.0
200900056270,11,16,1,2,1,2.0,7.0,122,370,0,0,30,8.0,1.0,A01,1,1,1,1,5.0,1990,2009,4,2.0,2,2.0,1.0,0,60,2.0,1.0
201600043061,7,4,1,2,1,1.0,2.0,21,940,0,0,7,4.0,2.0,B01,1,1,1,1,5.0,1989,2016,4,0.0,1,1.0,1.0,0,0,1.0,1.0
200600078709,12,4,1,2,1,1.0,5.0,261,800,0,0,7,4.0,1.0,D01,1,1,1,1,5.0,1962,2006,3,2.0,2,1.0,1.0,0,80,1.0,1.0
201000066236,3,15,5,2,5,1.0,3.0,112,750,0,0,7,1.0,1.0,A01,1,1,1,2,4.0,1983,2010,4,2.0,4,2.0,1.0,0,145,1.0,1.0
201200028185,5,15,1,1,1,1.0,3.0,226,410,0,0,7,9.0,1.0,B01,1,1,1,2,5.0,1951,2012,3,2.0,2,1.0,1.0,0,55,1.0,1.0
200600054133,9,14,1,2,2,1.0,6.0,555,310,0,0,18,2.0,15.0,A01,1,1,1,1,4.0,1955,2006,4,2.0,2,1.0,1.0,0,98,1.0,1.0
200800027948,5,10,1,1,1,1.0,1.0,485,610,0,0,7,3.0,13.0,A01,1,1,1,1,5.0,1934,2008,3,2.0,2,1.0,1.0,0,68,1.0,1.0
200600043806,7,16,2,1,1,1.0,7.0,293,580,0,0,7,9.0,1.0,A01,2,2,1,2,0.0,1987,2006,3,2.0,2,0.0,2.0,0,51,1.0,1.0
200700012805,3,27,1,1,2,7.0,3.0,120,670,0,0,7,1.0,19.0,B02,1,1,1,2,1.0,1973,2007,3,2.0,2,2.0,1.0,0,0,1.0,1.0
201100058047,7,19,5,2,2,1.0,3.0,102,750,0,0,7,1.0,1.0,A01,1,1,1,2,9.0,1984,2011,4,1.0,1,1.0,1.0,80,60,1.0,0.0
201300014144,1,3,5,2,1,1.0,2.0,55,130,0,0,7,4.0,1.0,B01,1,1,1,2,3.0,1941,2013,4,1.0,1,0.0,0.0,0,0,1.0,1.0
200900022353,7,3,1,2,3,1.0,3.0,7,490,0,0,7,7.0,15.0,A01,4,2,1,2,0.0,1997,2009,4,2.0,2,1.0,1.0,0,90,1.0,1.0
201000048375,1,23,1,2,1,2.0,3.0,25,920,0,0,7,2.0,1.0,B01,1,1,1,1,0.0,1956,2010,4,1.0,1,1.0,1.0,0,60,2.0,1.0
200500059355,9,29,1,2,2,1.0,3.0,445,640,0,0,2,1.0,1.0,B01,1,1,1,2,5.0,1988,2005,4,2.0,2,1.0,1.0,0,80,2.0,1.0
201700022381,8,9,1,1,1,1.0,4.0,113,220,0,0,7,4.0,23.0,B01,1,1,1,1,9.0,1969,2017,3,2.0,2,1.0,1.0,0,0,1.0,1.0
201100011605,7,16,3,1,1,1.0,1.0,19,40,0,0,7,3.0,13.0,A01,1,1,1,1,5.0,1992,2011,3,2.0,2,1.0,2.0,0,64,1.0,1.0
201700044230,1,2,1,2,2,1.0,3.0,22,940,0,0,7,1.0,1.0,B01,1,1,1,1,5.0,1996,2017,4,2.0,2,1.0,1.0,0,70,2.0,1.0
200900047829,12,4,1,2,6,2.0,3.0,157,860,0,0,2,4.0,19.0,B01,1,1,1,1,1.0,1986,2009,3,1.0,1,1.0,1.0,0,70,2.0,1.0
200700080557,12,16,5,1,1,1.0,4.0,214,130,0,0,7,0.0,2.0,B01,1,1,1,1,5.0,1934,2007,1,1.0,4,1.0,1.0,20,140,1.0,1.0
201200020936,7,24,5,2,1,1.0,6.0,306,170,0,0,33,0.0,0.0,B01,1,1,1,1,5.0,1956,2012,4,2.0,0,1.0,1.0,0,0,1.0,1.0
200700071882,11,8,1,1,1,1.0,2.0,275,690,0,0,15,1.0,2.0,A01,1,1,1,1,0.0,1948,2007,1,1.0,2,2.0,1.0,0,70,1.0,2.0
201100051483,10,4,1,2,2,1.0,3.0,58,940,0,0,10,1.0,1.0,A01,1,1,1,1,4.0,1989,2011,4,1.0,1,1.0,1.0,0,0,1.0,1.0
200900056358,10,22,1,2,1,1.0,2.0,49,920,0,0,10,1.0,1.0,A01,1,1,1,2,0.0,1951,2009,3,3.0,8,1.0,1.0,0,0,1.0,1.0
200700059310,9,19,1,2,2,1.0,3.0,108,750,0,0,1,1.0,1.0,A01,1,1,1,1,1.0,1965,2007,4,1.0,1,2.0,1.0,0,83,1.0,1.0
200900071029,11,17,5,1,1,1.0,5.0,28,940,0,0,7,5.0,1.0,B01,1,1,1,1,5.0,1963,2009,1,3.0,2,1.0,1.0,25,70,2.0,1.0
201100030509,12,17,5,2,1,2.0,6.0,185,380,0,0,7,3.0,1.0,A01,1,1,1,1,5.0,1964,2011,4,2.0,2,1.0,1.0,0,150,1.0,1.0
201000008853,8,30,1,2,1,1.0,2.0,156,30,0,0,7,4.0,23.0,C03,1,1,1,1,5.0,1991,2010,3,2.0,0,3.0,1.0,60,0,1.0,1.0
201400011863,6,23,1,1,1,1.0,2.0,64,380,0,0,7,3.0,2.0,A01,1,1,1,1,4.0,1965,2014,1,3.0,0,0.0,1.0,10,110,1.0,1.0
200500058581,9,4,1,2,1,1.0,6.0,109,440,0,0,2,3.0,1.0,A01,1,1,1,2,5.0,1985,2005,4,2.0,2,2.0,1.0,0,90,1.0,1.0
201400044650,3,30,1,1,1,1.0,3.0,21,940,0,0,7,2.0,2.0,B01,1,1,1,1,3.0,1991,2014,3,1.0,2,1.0,1.0,0,0,1.0,1.0
200900047567,3,31,1,2,2,1.0,6.0,46,930,0,0,7,3.0,1.0,A01,0,3,1,1,5.0,2000,2009,2,3.0,2,1.0,1.0,0,0,1.0,1.0
200900018935,3,15,1,2,3,1.0,3.0,73,940,0,0,7,1.0,15.0,A01,1,1,1,2,5.0,1922,2009,3,2.0,2,2.0,1.0,0,0,1.0,1.0
200800023539,5,24,5,2,1,1.0,6.0,55,130,0,0,32,1.0,21.0,A01,1,1,1,1,0.0,1980,2008,4,1.0,2,2.0,1.0,0,0,1.0,1.0
201100056293,4,4,1,2,1,1.0,6.0,385,690,0,0,7,0.0,24.0,C01,1,1,1,2,0.0,1964,2011,4,2.0,2,1.0,1.0,0,97,2.0,5.0
201000030056,10,20,1,2,1,7.0,7.0,32,340,0,0,7,1.0,1.0,A01,1,1,1,2,0.0,1972,2010,3,0.0,2,0.0,0.0,0,0,0.0,1.0
201400008626,11,15,1,1,1,7.0,2.0,207,110,0,0,7,1.0,1.0,A01,1,1,1,1,5.0,1941,2014,3,0.0,2,1.0,1.0,0,0,2.0,1.0
200500087345,11,29,1,2,1,1.0,2.0,411,974,0,0,7,3.0,21.0,A01,4,2,1,1,0.0,1969,2005,2,3.0,4,1.0,1.0,5,127,1.0,1.0
201500048923,11,23,5,2,1,1.0,6.0,383,690,0,0,7,1.0,1.0,A01,1,1,1,1,0.0,1995,2015,4,1.0,2,1.0,1.0,0,0,1.0,1.0
200700072710,11,14,5,2,2,1.0,3.0,119,750,0,0,34,8.0,1.0,B01,2,2,1,1,0.0,1984,2007,4,2.0,2,1.0,1.0,0,0,1.0,1.0
201500000199,9,23,3,1,1,1.0,1.0,160,620,0,0,7,3.0,1.0,B02,2,2,1,1,0.0,1951,2015,1,2.0,4,1.0,1.0,10,70,1.0,1.0
201200019665,7,7,1,2,1,1.0,6.0,418,890,0,0,7,3.0,15.0,A01,0,3,1,1,3.0,1962,2012,4,2.0,2,1.0,1.0,0,0,1.0,1.0
200800047880,8,7,3,1,1,1.0,6.0,40,110,0,0,10,2.0,0.0,A01,2,2,1,1,0.0,1984,2008,1,3.0,0,1.0,1.0,0,105,1.0,1.0
201200047878,1,14,5,2,4,1.0,3.0,18,950,0,0,34,1.0,17.0,A01,2,2,1,2,5.0,1987,2012,3,2.0,2,1.0,1.0,0,90,1.0,1.0
201800007686,10,13,1,1,1,8.0,2.0,69,110,0,0,7,4.0,1.0,B01,1,1,1,1,5.0,1963,2018,3,0.0,2,1.0,1.0,0,0,1.0,3.0
201400050493,11,21,4,2,1,1.0,4.0,388,690,0,0,7,7.0,20.0,C01,1,1,1,1,1.0,1962,2014,4,2.0,2,1.0,1.0,0,150,1.0,1.0
201500021152,1,25,3,1,1,1.0,1.0,229,280,0,0,10,3.0,1.0,B01,1,1,1,1,9.0,1948,2015,2,2.0,0,1.0,2.0,0,0,1.0,1.0
201600033086,7,16,5,2,3,1.0,6.0,266,690,0,0,30,9.0,15.0,A01,1,1,1,1,0.0,1995,2016,4,2.0,1,1.0,1.0,0,88,1.0,1.0
200700080586,12,19,1,2,3,1.0,2.0,101,750,0,0,7,5.0,1.0,B01,1,1,1,1,4.0,1975,2007,9,1.0,4,1.0,1.0,0,139,1.0,1.0
201300000333,6,2,1,1,1,1.0,3.0,216,800,0,0,7,1.0,1.0,B02,1,1,1,2,5.0,1946,2013,3,2.0,3,1.0,1.0,0,158,1.0,1.0
201100056460,4,15,1,2,2,1.0,3.0,387,690,0,0,7,2.0,1.0,A01,1,1,1,2,0.0,1950,2011,4,1.0,1,1.0,1.0,0,40,1.0,1.0
201800041011,3,28,1,2,1,3.0,2.0,70,930,0,0,34,2.0,13.0,B01,1,1,1,1,0.0,1958,2018,4,2.0,2,1.0,1.0,125,125,2.0,1.0
200500027514,5,2,1,2,1,1.0,6.0,55,130,0,0,7,1.0,0.0,A01,1,1,1,1,5.0,1982,2005,4,3.0,4,1.0,1.0,15,60,1.0,1.0
201500010990,8,13,5,2,2,1.0,3.0,88,60,0,0,2,1.0,0.0,B01,1,1,1,1,4.0,1994,2015,4,2.0,1,1.0,2.0,0,0,1.0,1.0
201800032382,2,28,1,2,1,8.0,4.0,266,690,0,0,7,1.0,2.0,A01,1,1,1,2,2.0,1997,2018,4,2.0,2,1.0,1.0,0,100,1.0,1.0
200600072994,11,21,1,1,1,1.0,5.0,455,780,0,0,7,8.0,2.0,C03,1,1,1,1,1.0,1971,2006,3,2.0,2,2.0,1.0,0,66,1.0,1.0
201800030675,7,14,5,2,1,8.0,6.0,122,640,0,0,33,0.0,16.0,A01,1,1,1,1,5.0,1974,2018,4,1.0,1,4.0,4.0,0,0,2.0,3.0
200800067730,11,15,5,2,1,1.0,1.0,386,690,0,0,33,1.0,2.0,B01,1,1,1,1,0.0,1950,2008,4,3.0,6,1.0,1.0,0,0,1.0,1.0
201200001472,8,16,1,2,1,1.0,2.0,468,140,0,0,7,3.0,1.0,A01,2,2,1,2,5.0,1956,2012,3,2.0,2,1.0,1.0,0,70,1.0,1.0
201400049618,3,28,1,2,1,1.0,2.0,386,690,0,0,7,4.0,2.0,B01,4,2,1,2,5.0,1957,2014,4,1.0,3,1.0,1.0,0,0,1.0,1.0
200500081619,12,9,5,2,1,1.0,3.0,368,570,0,0,20,2.0,17.0,B01,1,1,1,1,4.0,1986,2005,3,2.0,3,1.0,1.0,0,91,1.0,1.0
200500026766,5,27,1,1,1,1.0,1.0,299,510,0,0,17,0.0,1.0,B02,1,1,1,1,4.0,1979,2005,2,3.0,0,0.0,2.0,20,75,9.0,1.0
200500017110,3,12,4,2,3,1.0,3.0,144,830,0,0,7,2.0,1.0,B01,2,2,1,1,0.0,1981,2005,4,3.0,4,1.0,1.0,4,60,1.0,1.0
201300003729,7,9,1,1,1,1.0,1.0,47,90,0,0,7,1.0,1.0,B02,3,2,1,2,0.0,2005,2013,3,2.0,2,1.0,1.0,0,0,1.0,1.0
201800023775,7,20,3,1,1,3.0,6.0,128,410,0,0,7,8.0,1.0,A01,9,2,1,2,5.0,1986,2018,4,2.0,2,1.0,3.0,0,0,2.0,3.0
201500021781,1,5,1,2,1,1.0,2.0,232,290,0,0,7,4.0,23.0,B01,1,1,1,2,0.0,1994,2015,4,0.0,2,0.0,0.0,0,0,0.0,0.0
201500010717,2,21,1,2,1,2.0,6.0,88,60,0,0,7,7.0,1.0,A01,1,1,1,2,5.0,1939,2015,4,1.0,1,1.0,1.0,0,112,2.0,0.0
201800045062,7,7,1,1,1,1.0,3.0,48,930,0,0,33,7.0,3.0,A01,1,1,1,1,4.0,1982,2018,1,3.0,6,1.0,1.0,0,0,1.0,3.0
201300053346,12,30,1,2,2,1.0,6.0,113,750,0,0,7,2.0,1.0,A01,0,3,1,1,0.0,1985,2013,4,2.0,4,2.0,1.0,0,60,1.0,1.0
200700055103,9,16,1,2,5,1.0,6.0,55,130,0,0,99,7.0,15.0,A01,1,1,1,1,4.0,1953,2007,4,3.0,10,1.0,2.0,53,110,0.0,1.0
200500005871,1,14,1,2,1,1.0,3.0,1,930,0,0,7,3.0,2.0,A01,1,1,1,2,0.0,1942,2005,2,3.0,4,1.0,1.0,0,0,1.0,1.0
200900001875,3,21,5,2,2,1.0,3.0,104,750,0,0,30,2.0,1.0,B01,1,1,1,2,0.0,1992,2009,4,2.0,3,1.0,0.0,0,138,1.0,1.0
200700069449,11,3,1,2,3,1.0,2.0,395,540,0,0,7,4.0,23.0,B01,1,1,1,1,5.0,1961,2007,4,2.0,2,2.0,1.0,0,0,1.0,1.0
201400008320,10,23,1,2,1,1.0,1.0,54,840,0,0,14,2.0,10.0,A01,1,1,1,1,9.0,1968,2014,4,2.0,0,1.0,1.0,0,0,1.0,1.0
201000043460,12,17,3,2,1,1.0,6.0,296,770,0,0,7,7.0,1.0,A01,3,2,1,2,5.0,1955,2010,4,2.0,1,1.0,3.0,0,58,1.0,1.0
201400033480,11,16,5,2,3,1.0,3.0,482,670,0,0,2,8.0,1.0,A01,2,2,1,1,5.0,1989,2014,4,2.0,3,1.0,1.0,0,90,1.0,1.0
201300023224,12,23,1,2,1,1.0,3.0,555,310,0,0,7,3.0,10.0,B01,1,1,1,1,1.0,1980,2013,4,2.0,2,2.0,1.0,0,70,1.0,1.0
201300009480,1,27,3,1,1,1.0,6.0,249,280,0,0,7,2.0,1.0,A01,2,2,1,2,0.0,1991,2013,3,2.0,2,1.0,2.0,0,50,2.0,1.0
201100031797,11,29,3,1,1,1.0,5.0,109,440,0,0,7,8.0,11.0,A01,1,1,1,2,0.0,1993,2011,2,3.0,3,2.0,1.0,0,0,1.0,1.0
201400008523,8,12,1,1,3,1.0,5.0,224,340,0,0,7,3.0,1.0,B02,2,2,1,1,0.0,1960,2014,3,2.0,0,0.0,1.0,0,0,1.0,1.0
200600053901,9,18,1,2,1,1.0,6.0,557,240,0,0,20,0.0,24.0,A01,1,1,1,1,0.0,1975,2006,2,2.0,2,1.0,1.0,0,84,1.0,1.0
201300042051,12,2,5,2,1,1.0,6.0,33,930,0,0,10,1.0,1.0,A01,2,2,1,2,1.0,1987,2013,4,2.0,2,1.0,1.0,0,80,1.0,1.0
201700032297,5,2,1,2,2,1.0,3.0,57,600,0,0,31,1.0,19.0,A01,1,1,1,1,4.0,1994,2017,4,2.0,2,1.0,1.0,0,0,0.0,1.0
200700080199,12,10,1,1,1,3.0,3.0,36,920,0,0,31,3.0,2.0,A01,1,1,1,1,0.0,1980,2007,1,3.0,8,1.0,1.0,10,280,2.0,1.0
200900029022,3,18,1,2,2,1.0,3.0,208,130,0,0,33,2.0,17.0,B01,1,1,1,1,0.0,1977,2009,4,2.0,6,1.0,1.0,0,120,1.0,1.0
200600072080,11,24,5,1,9,1.0,3.0,11,420,0,0,10,2.0,15.0,B02,1,1,1,1,5.0,1979,2006,3,3.0,3,2.0,1.0,18,110,1.0,1.0
201300041612,11,24,5,2,2,1.0,6.0,32,930,0,0,7,1.0,1.0,A01,1,1,1,1,0.0,1993,2013,3,2.0,0,1.0,0.0,0,0,1.0,1.0
201600041389,3,9,1,2,1,3.0,2.0,66,930,0,0,14,4.0,1.0,A01,1,1,1,1,0.0,1992,2016,4,1.0,2,1.0,1.0,0,0,2.0,1.0
201300056509,7,10,1,2,1,1.0,2.0,112,750,0,0,7,1.0,2.0,A01,1,1,1,1,1.0,1983,2013,4,1.0,4,1.0,1.0,15,140,1.0,1.0
201100028510,3,2,5,2,3,1.0,3.0,172,340,0,0,30,7.0,0.0,A01,1,1,1,2,0.0,1995,2011,4,1.0,1,1.0,1.0,0,40,1.0,1.0
201500046897,1,24,1,1,1,1.0,5.0,689,910,0,0,7,6.0,1.0,A01,1,1,1,1,0.0,1987,2015,1,3.0,6,1.0,1.0,15,105,1.0,1.0
201800026898,8,20,1,2,1,1.0,4.0,302,450,0,0,7,3.0,2.0,C01,1,1,1,1,5.0,1991,2018,4,0.0,4,1.0,1.0,0,0,1.0,1.0
201300000433,4,2,1,1,1,1.0,5.0,462,600,0,0,7,8.0,0.0,C03,1,1,1,1,5.0,1968,2013,3,2.0,3,2.0,1.0,0,105,1.0,1.0
201800055490,7,8,1,2,1,1.0,3.0,120,750,11,20,34,3.0,3.0,B01,1,1,1,1,5.0,1981,2018,4,1.0,4,1.0,1.0,15,140,1.0,1.0
200600010152,2,20,3,2,1,2.0,6.0,223,910,0,0,7,2.0,1.0,A01,0,3,1,2,9.0,1985,2006,4,2.0,2,1.0,1.0,0,64,2.0,1.0
201400005550,9,15,1,1,1,1.0,4.0,115,630,0,0,10,1.0,2.0,C03,1,1,1,1,5.0,1956,2014,3,2.0,2,1.0,1.0,0,71,1.0,1.0
200500027264,5,20,2,2,1,1.0,1.0,104,60,0,0,5,8.0,1.0,B01,1,1,1,1,1.0,1954,2005,4,2.0,2,3.0,1.0,0,80,1.0,1.0
201700036377,1,17,1,2,3,1.0,2.0,495,770,0,0,7,4.0,1.0,B01,1,1,1,1,3.0,1952,2017,3,2.0,2,1.0,1.0,0,56,1.0,1.0
201100024239,3,15,1,1,2,1.0,5.0,274,240,0,0,7,1.0,15.0,B02,1,1,1,2,5.0,1940,2011,3,0.0,0,1.0,1.0,0,0,1.0,1.0
201400041658,1,18,2,2,1,1.0,3.0,7,930,0,0,7,5.0,10.0,B01,1,1,1,1,5.0,1979,2014,4,2.0,0,1.0,3.0,0,0,1.0,1.0
201000022856,6,7,5,2,1,1.0,7.0,55,130,0,0,30,1.0,2.0,A01,1,1,1,1,0.0,1994,2010,4,2.0,2,1.0,0.0,0,68,1.0,4.0
201400032441,1,16,2,2,2,1.0,2.0,445,640,0,0,7,4.0,1.0,B01,1,1,1,1,0.0,1963,2014,4,1.0,2,1.0,1.0,0,95,1.0,1.0
200600039508,7,21,1,2,1,1.0,5.0,724,620,0,0,7,3.0,1.0,B01,1,1,1,1,1.0,1979,2006,4,2.0,2,1.0,1.0,0,60,1.0,1.0
201000046961,4,17,1,2,1,1.0,3.0,215,910,0,0,7,8.0,18.0,B01,1,1,1,2,5.0,1974,2010,3,2.0,2,1.0,1.0,0,0,1.0,1.0
200700014855,3,19,2,1,3,2.0,5.0,233,370,0,0,7,3.0,1.0,A01,1,1,1,2,1.0,1964,2007,4,2.0,2,1.0,1.0,0,70,2.0,1.0
200800009029,2,6,1,2,2,1.0,3.0,498,620,0,0,7,1.0,1.0,A01,2,2,1,2,0.0,1989,2008,4,1.0,1,1.0,1.0,0,69,1.0,1.0
200900006545,2,25,5,2,2,1.0,6.0,261,370,0,0,7,8.0,1.0,B01,6,2,1,1,0.0,1964,2009,4,1.0,1,1.0,1.0,0,70,1.0,1.0
201500030209,10,22,1,2,1,2.0,6.0,339,590,0,0,7,2.0,15.0,A01,1,1,1,1,5.0,1940,2015,4,2.0,2,1.0,1.0,0,0,2.0,1.0
200600025530,5,30,1,2,1,1.0,3.0,88,60,0,0,7,3.0,15.0,A01,1,1,1,1,0.0,1986,2006,4,2.0,2,1.0,1.0,22,60,1.0,1.0
201400058453,9,6,5,2,1,1.0,3.0,11,973,0,0,7,7.0,16.0,A01,1,1,1,1,5.0,1973,2014,4,2.0,2,1.0,1.0,0,50,1.0,1.0
201000062916,9,1,5,2,3,1.0,3.0,112,750,0,0,1,1.0,18.0,B01,1,1,1,1,5.0,1973,2010,4,2.0,1,1.0,1.0,0,100,1.0,1.0
200900029341,3,24,5,2,1,1.0,3.0,383,690,0,0,7,3.0,9.0,A01,2,2,1,2,5.0,1954,2009,4,1.0,1,1.0,1.0,0,0,1.0,1.0
201700013177,10,31,1,1,2,1.0,3.0,112,530,0,0,7,1.0,1.0,B01,1,1,1,1,4.0,1966,2017,3,2.0,2,1.0,0.0,6,415,1.0,0.0
201200031726,7,26,1,2,1,1.0,3.0,143,590,0,0,10,3.0,2.0,B01,1,1,1,1,1.0,1984,2012,2,0.0,1,1.0,1.0,0,100,1.0,1.0
201800044216,9,11,1,1,1,1.0,2.0,52,940,0,0,33,1.0,2.0,A01,1,1,1,1,1.0,1966,2018,1,3.0,5,1.0,1.0,0,0,1.0,1.0
201400054445,2,11,5,2,2,9.0,1.0,113,750,0,0,7,3.0,15.0,A01,1,1,1,2,0.0,1989,2014,4,2.0,1,1.0,1.0,0,0,2.0,1.0
200900060695,12,31,3,1,1,1.0,1.0,188,740,0,0,10,1.0,1.0,B02,6,2,1,2,0.0,1976,2009,3,2.0,2,0.0,3.0,0,56,2.0,1.0
201700001746,3,8,1,1,1,2.0,3.0,239,810,0,0,7,3.0,1.0,B01,2,2,1,1,4.0,1990,2017,3,2.0,2,1.0,2.0,0,70,2.0,1.0
200900061620,12,27,1,1,1,1.0,1.0,283,730,0,0,7,3.0,17.0,A01,1,1,1,1,5.0,1981,2009,3,2.0,2,1.0,1.0,0,70,1.0,1.0
201200055082,4,17,1,2,7,3.0,6.0,109,750,0,0,32,8.0,1.0,A01,0,3,1,1,0.0,1943,2012,4,1.0,2,1.0,1.0,250,60,2.0,1.0
200900024928,7,7,1,1,1,1.0,7.0,73,280,0,0,7,7.0,1.0,A01,4,2,1,1,0.0,1977,2009,3,2.0,1,3.0,2.0,0,0,1.0,1.0
201100027310,2,26,5,2,2,1.0,3.0,63,330,0,0,7,0.0,1.0,B01,1,1,1,2,5.0,1983,2011,4,1.0,3,1.0,1.0,0,112,1.0,1.0
200800008218,2,27,1,2,1,1.0,6.0,13,320,0,0,7,2.0,1.0,A01,0,3,1,1,5.0,1974,2008,4,2.0,50,1.0,1.0,0,800,1.0,1.0
200600060993,10,21,1,2,1,1.0,6.0,31,190,0,0,7,1.0,1.0,A01,1,1,1,1,1.0,1984,2006,4,2.0,2,1.0,1.0,0,0,1.0,1.0
201100042579,1,21,5,2,1,1.0,6.0,725,800,0,0,7,1.0,1.0,A01,0,3,1,1,5.0,1972,2011,4,2.0,2,1.0,1.0,0,60,1.0,1.0
200600038067,7,26,1,2,1,1.0,5.0,55,130,0,0,7,4.0,1.0,B01,1,1,1,1,0.0,1971,2006,4,2.0,1,1.0,1.0,0,0,1.0,1.0
200800009691,2,27,1,2,2,1.0,3.0,657,910,0,0,7,8.0,2.0,A01,1,1,1,2,1.0,1986,2008,4,2.0,2,1.0,1.0,0,0,1.0,1.0
201800047177,2,22,5,2,1,3.0,6.0,33,202,0,0,7,2.0,2.0,A01,0,3,1,1,5.0,1973,2018,4,2.0,0,1.0,1.0,0,125,2.0,1.0
201600007631,3,6,1,1,1,4.0,1.0,440,250,0,0,7,1.0,0.0,B02,2,2,1,2,0.0,1993,2016,2,2.0,0,3.0,1.0,0,85,5.0,1.0
200500042878,7,4,1,1,1,1.0,1.0,240,370,0,0,7,1.0,1.0,A01,1,1,1,1,9.0,1963,2005,3,2.0,3,1.0,1.0,0,43,1.0,1.0
201200030628,4,1,5,2,1,1.0,6.0,547,540,0,0,7,1.0,1.0,A01,5,2,1,2,5.0,1993,2012,4,1.0,4,1.0,1.0,0,0,1.0,3.0
201800009410,7,18,1,2,1,1.0,4.0,55,130,0,0,7,1.0,2.0,A01,1,1,1,2,5.0,1955,2018,4,0.0,4,1.0,1.0,0,0,1.0,3.0
201600027918,12,31,1,2,1,1.0,7.0,602,500,0,0,7,2.0,14.0,A01,1,1,1,2,5.0,1995,2016,3,2.0,2,2.0,1.0,0,0,2.0,3.0
201800043918,4,13,1,1,1,1.0,4.0,373,770,0,0,15,4.0,2.0,C01,1,1,1,1,9.0,1964,2018,2,3.0,4,1.0,1.0,0,0,1.0,3.0
201000026745,8,31,1,1,1,1.0,2.0,220,280,0,0,7,6.0,0.0,B01,1,1,1,2,0.0,1983,2010,2,2.0,2,1.0,1.0,0,70,1.0,1.0
201500007302,7,4,1,1,1,1.0,3.0,81,700,0,0,10,8.0,15.0,A01,2,2,1,2,0.0,1952,2015,2,2.0,2,1.0,1.0,0,70,1.0,1.0
200900004208,3,16,3,1,1,1.0,6.0,158,860,0,0,10,1.0,14.0,A01,1,1,1,1,9.0,1937,2009,2,2.0,4,2.0,1.0,10,150,1.0,1.0
201200030369,3,13,1,2,2,1.0,3.0,454,510,0,0,7,1.0,1.0,A01,3,2,1,1,3.0,2009,2012,4,1.0,1,1.0,1.0,0,53,1.0,1.0
201500035831,10,30,5,2,1,1.0,6.0,194,860,0,0,32,1.0,1.0,A01,0,3,1,1,5.0,1980,2015,4,2.0,2,2.0,1.0,0,70,1.0,1.0
201200056475,5,8,1,2,3,1.0,6.0,113,750,0,0,7,7.0,1.0,A01,1,1,1,1,9.0,1992,2012,4,1.0,2,1.0,1.0,0,102,1.0,1.0
200600041980,7,14,1,1,1,1.0,2.0,907,620,0,0,7,0.0,0.0,B01,2,2,1,2,0.0,1984,2006,1,3.0,3,1.0,1.0,20,120,1.0,1.0
200600072898,11,12,3,1,1,1.0,4.0,13,380,0,0,7,4.0,1.0,E05,2,2,1,2,0.0,1980,2006,1,1.0,2,1.0,1.0,25,76,1.0,1.0
201800005788,9,14,1,2,2,1.0,6.0,88,60,0,0,7,3.0,0.0,A01,0,3,1,1,3.0,2015,2018,4,1.0,0,2.0,1.0,0,0,1.0,3.0