num_acc,mois,jour,lum,agg,int,atm,col,com,dep,hr,mn,catv,choc,manv,num_veh,place,catu,grav,sexe,trajet,an_nais,annee,catr,circ,nbv,prof,plan,lartpc,larrout,surf,situ
200800053029,9,24,1,1,1,1.0,1.0,449,170,0,0,7,2.0,1.0,A01,1,1,1,1,2.0,1989,2008,3,2.0,2,2.0,1.0,0,65,1.0,1.0
201600049805,8,4,1,1,1,1.0,2.0,96,330,0,0,7,1.0,2.0,A01,1,1,1,2,0.0,1990,2016,1,3.0,6,1.0,1.0,10,210,1.0,1.0
201400036110,3,13,1,1,1,1.0,6.0,158,780,0,0,7,1.0,0.0,A01,1,1,1,1,1.0,1986,2014,6,2.0,1,0.0,0.0,30,30,1.0,1.0
200600065264,10,2,1,1,1,2.0,3.0,500,950,0,0,10,3.0,2.0,B01,1,1,1,1,4.0,1969,2006,1,2.0,3,1.0,1.0,0,105,2.0,1.0
201800057102,11,5,1,2,1,1.0,3.0,302,973,18,0,32,8.0,1.0,B01,1,1,1,1,9.0,1991,2018,3,2.0,0,1.0,1.0,0,0,1.0,3.0
201000040650,5,9,1,2,2,2.0,3.0,482,670,0,0,7,7.0,1.0,B01,3,2,1,2,5.0,1921,2010,4,2.0,2,2.0,1.0,0,150,2.0,1.0
201600034016,11,7,2,2,1,2.0,3.0,540,760,0,0,14,8.0,1.0,A01,1,1,1,1,4.0,1985,2016,4,1.0,4,1.0,1.0,0,140,2.0,1.0
200800031186,6,25,1,1,1,1.0,3.0,404,630,0,0,7,6.0,2.0,B02,1,1,1,1,5.0,1952,2008,1,1.0,0,1.0,1.0,70,25,1.0,1.0
200800017929,4,16,1,2,1,1.0,2.0,202,10,0,0,7,5.0,15.0,B02,1,1,1,1,5.0,1953,2008,3,2.0,2,1.0,1.0,0,75,1.0,1.0
201200026773,8,1,1,2,1,1.0,7.0,278,350,0,0,2,0.0,1.0,A01,1,1,1,2,1.0,1979,2012,4,2.0,2,1.0,1.0,0,0,1.0,1.0
201400041997,12,12,2,2,1,6.0,2.0,47,930,0,0,7,1.0,1.0,A01,1,1,1,2,0.0,1973,2014,4,0.0,1,1.0,1.0,0,0,2.0,1.0
201100043307,4,6,1,2,1,1.0,1.0,62,830,0,0,7,1.0,13.0,A01,1,1,1,1,5.0,1943,2011,4,2.0,2,2.0,4.0,0,0,1.0,1.0
201200014508,1,31,1,2,1,2.0,1.0,2,130,0,0,7,3.0,1.0,A01,1,1,1,2,5.0,1973,2012,4,2.0,1,2.0,2.0,0,55,2.0,1.0
201300021713,1,2,3,1,1,8.0,6.0,272,210,0,0,10,3.0,1.0,A01,2,2,1,1,0.0,1993,2013,1,3.0,2,1.0,1.0,20,95,1.0,1.0
201400005561,4,19,5,2,1,1.0,3.0,231,630,0,0,1,8.0,1.0,B02,1,1,1,2,5.0,2001,2014,3,2.0,2,1.0,1.0,0,73,1.0,4.0
201200053831,11,12,5,2,5,1.0,3.0,103,750,0,0,37,1.0,15.0,B01,1,1,1,1,4.0,1978,2012,4,2.0,3,2.0,1.0,0,115,1.0,1.0
200800045438,8,21,1,2,2,1.0,3.0,53,10,0,0,10,3.0,1.0,B01,2,2,1,2,0.0,1928,2008,3,2.0,4,1.0,1.0,0,0,1.0,1.0
201000064792,3,11,5,2,5,1.0,6.0,117,750,0,0,33,8.0,17.0,A01,1,1,1,1,5.0,1952,2010,4,2.0,2,1.0,1.0,0,0,1.0,1.0
200900037528,10,17,1,1,1,1.0,5.0,230,290,0,0,7,3.0,1.0,B02,1,1,1,1,5.0,1983,2009,3,2.0,2,2.0,1.0,0,60,1.0,1.0
201000051510,5,4,1,2,1,1.0,6.0,14,930,0,0,7,7.0,1.0,A01,0,3,1,2,2.0,1995,2010,2,2.0,3,1.0,1.0,15,100,1.0,1.0
201900057955,3,24,5,2,3,1.0,3.0,67482,67,0,0,2,1.0,1.0,A01,2,2,1,2,5.0,1970,2019,4,2.0,2,1.0,1.0,0,0,1.0,1.0
200900029375,8,5,1,2,1,1.0,3.0,125,640,0,0,7,2.0,14.0,A01,1,1,1,1,5.0,1960,2009,3,2.0,2,1.0,2.0,0,60,1.0,1.0
200800076422,8,10,3,2,1,1.0,6.0,407,974,0,0,37,2.0,1.0,A01,0,3,1,1,9.0,1969,2008,4,2.0,2,1.0,1.0,0,75,1.0,1.0
200800067002,11,22,1,2,1,6.0,6.0,55,130,0,0,2,1.0,0.0,B01,1,1,1,1,0.0,1981,2008,4,1.0,3,1.0,1.0,32,90,1.0,1.0
201300053802,7,25,1,2,1,1.0,6.0,115,750,0,0,7,3.0,7.0,A01,0,3,1,2,5.0,1989,2013,4,1.0,2,1.0,1.0,0,0,1.0,1.0
201700045763,12,14,1,2,1,9.0,6.0,81,940,0,0,7,1.0,2.0,A01,2,2,1,2,0.0,1994,2017,3,2.0,2,1.0,1.0,0,62,1.0,1.0
201800002932,7,23,1,2,3,1.0,3.0,348,670,0,0,7,3.0,1.0,A01,1,1,1,1,5.0,1999,2018,4,2.0,2,1.0,1.0,0,0,1.0,1.0
201000042506,6,27,1,2,3,1.0,3.0,217,760,0,0,7,5.0,15.0,B01,1,1,1,1,5.0,1980,2010,3,2.0,2,2.0,1.0,0,83,1.0,1.0
200600054702,9,14,1,2,3,2.0,3.0,1,470,0,0,7,6.0,9.0,A01,1,1,1,1,3.0,1986,2006,4,3.0,2,3.0,1.0,0,60,2.0,1.0
200600002625,1,11,1,2,1,1.0,4.0,12,750,0,0,7,1.0,2.0,B01,1,1,1,1,5.0,1966,2006,4,3.0,4,1.0,1.0,15,120,1.0,1.0
201900003094,8,14,1,1,2,1.0,3.0,44044,44,0,0,7,1.0,1.0,A01,1,1,1,2,0.0,1991,2019,3,2.0,2,1.0,1.0,0,0,1.0,1.0
201100049207,4,8,2,2,5,1.0,6.0,55,930,0,0,7,7.0,1.0,A01,1,1,1,1,9.0,1966,2011,2,2.0,2,1.0,1.0,0,0,1.0,1.0
201200050357,10,11,3,1,1,2.0,2.0,402,780,0,0,7,1.0,0.0,A01,3,2,1,2,0.0,1990,2012,1,3.0,3,1.0,1.0,15,35,2.0,1.0
200700013415,3,15,1,2,1,1.0,6.0,553,380,0,0,7,3.0,15.0,A01,1,1,1,2,1.0,1977,2007,4,2.0,0,1.0,3.0,0,69,1.0,1.0
200900031763,6,12,1,2,2,2.0,3.0,238,350,0,0,37,8.0,1.0,B01,1,1,1,1,4.0,1964,2009,4,2.0,2,1.0,1.0,0,60,2.0,1.0
201400032610,9,10,1,2,1,1.0,6.0,445,640,0,0,7,1.0,1.0,A01,1,1,1,2,5.0,1928,2014,4,2.0,2,1.0,1.0,0,64,1.0,1.0
201000020854,3,19,1,2,1,1.0,6.0,55,130,0,0,7,3.0,1.0,A01,0,3,1,1,5.0,2001,2010,4,1.0,1,1.0,1.0,0,50,1.0,1.0
200500037262,6,2,1,1,1,1.0,3.0,65,940,0,0,17,5.0,1.0,B01,1,1,1,1,0.0,1973,2005,1,1.0,4,1.0,3.0,0,140,1.0,1.0
201600039176,11,7,4,2,1,2.0,6.0,63,920,0,0,7,2.0,1.0,A01,1,1,1,2,1.0,1972,2016,4,2.0,2,2.0,1.0,0,70,2.0,1.0
201900006434,4,24,1,2,1,1.0,6.0,80021,80,0,0,37,1.0,1.0,A01,10,3,1,1,0.0,1970,2019,4,2.0,2,1.0,1.0,0,0,1.0,1.0
201700022478,9,26,1,1,1,1.0,6.0,278,220,0,0,7,3.0,0.0,B01,1,1,1,2,9.0,1985,2017,4,2.0,2,1.0,4.0,0,60,1.0,1.0
201600002834,12,27,1,1,1,1.0,5.0,38,240,0,0,7,3.0,21.0,B02,2,2,1,2,3.0,1967,2016,3,2.0,2,1.0,3.0,0,0,0.0,1.0
201800048970,8,4,5,1,1,1.0,4.0,96,330,0,0,7,4.0,1.0,C01,2,2,1,1,5.0,1962,2018,1,3.0,7,1.0,1.0,0,0,1.0,1.0
200500085011,3,3,1,1,1,8.0,1.0,301,973,0,0,7,3.0,0.0,B02,1,1,1,2,1.0,1966,2005,2,2.0,2,3.0,3.0,0,61,1.0,1.0
201400027789,9,20,1,2,3,1.0,3.0,109,440,0,0,7,1.0,7.0,A01,3,2,1,1,0.0,1977,2014,4,1.0,1,1.0,1.0,0,0,1.0,1.0
201800029297,4,19,1,2,1,1.0,6.0,17,590,0,0,33,0.0,17.0,A01,1,1,1,1,1.0,1972,2018,4,2.0,2,1.0,1.0,0,0,1.0,3.0
200800073632,12,11,5,2,1,1.0,6.0,108,750,0,0,10,2.0,1.0,A01,0,3,1,2,0.0,1965,2008,4,2.0,8,1.0,1.0,136,272,1.0,1.0
200800004931,1,3,5,2,4,1.0,6.0,69,940,0,0,7,1.0,2.0,A01,1,1,1,1,1.0,1963,2008,3,2.0,1,1.0,1.0,0,0,2.0,1.0
201300045806,1,23,1,1,1,1.0,6.0,306,950,0,0,7,1.0,1.0,A01,1,1,1,1,5.0,1977,2013,1,3.0,6,1.0,1.0,25,210,1.0,1.0
201000022394,9,2,1,2,1,1.0,6.0,55,130,0,0,7,1.0,1.0,A01,0,3,1,1,5.0,1961,2010,4,1.0,1,2.0,3.0,0,0,1.0,1.0
200500046812,7,25,1,2,1,1.0,2.0,85,870,0,0,7,4.0,1.0,B01,2,2,1,2,0.0,1982,2005,4,2.0,2,1.0,1.0,0,70,1.0,1.0
201800051775,7,8,1,2,2,1.0,3.0,111,750,13,50,2,1.0,17.0,B01,2,2,1,2,5.0,2001,2018,4,1.0,1,1.0,1.0,0,70,1.0,1.0
201700053115,8,30,1,2,2,1.0,3.0,104,750,0,0,7,8.0,18.0,A01,1,1,1,2,9.0,1937,2017,4,1.0,2,1.0,2.0,0,120,1.0,1.0
200600014997,3,2,1,1,1,8.0,2.0,51,930,0,0,7,5.0,12.0,B01,1,1,1,1,1.0,1966,2006,1,3.0,6,1.0,1.0,15,210,2.0,1.0
200800032879,6,14,1,2,1,1.0,6.0,395,540,0,0,10,1.0,1.0,A01,1,1,1,1,5.0,1985,2008,4,2.0,2,2.0,1.0,0,0,1.0,1.0
201200054791,7,24,4,2,1,1.0,7.0,108,750,0,0,32,7.0,1.0,A01,1,1,1,1,0.0,1993,2012,4,2.0,4,1.0,1.0,15,320,1.0,1.0
201600011725,7,29,1,1,1,1.0,2.0,138,600,0,0,14,5.0,23.0,B02,1,1,1,1,5.0,1960,2016,1,3.0,10,1.0,1.0,10,400,1.0,1.0
201400050058,11,18,1,1,1,1.0,6.0,63,330,0,0,7,1.0,0.0,B01,1,1,1,2,5.0,1969,2014,1,3.0,6,2.0,1.0,10,210,1.0,1.0
201000047155,6,2,1,1,1,1.0,7.0,433,910,0,0,2,8.0,14.0,A01,1,1,1,1,0.0,1989,2010,2,3.0,4,1.0,1.0,0,0,2.0,1.0
201500039923,6,28,1,2,1,1.0,6.0,7,930,0,0,7,2.0,21.0,A01,1,1,1,1,0.0,1975,2015,4,2.0,2,1.0,0.0,0,0,1.0,1.0
201700055960,1,7,1,2,1,2.0,6.0,116,750,0,0,7,1.0,1.0,A01,1,1,1,2,1.0,1962,2017,4,2.0,1,1.0,1.0,0,0,1.0,1.0
200900001555,3,5,1,2,1,8.0,3.0,107,750,0,0,10,2.0,9.0,A01,1,1,1,1,4.0,1976,2009,4,1.0,1,1.0,1.0,0,100,1.0,1.0
201600028266,2,26,5,2,2,1.0,6.0,454,510,0,0,7,1.0,0.0,Z01,0,3,1,1,9.0,1940,2016,4,3.0,2,3.0,1.0,0,0,1.0,1.0
200900021573,5,14,1,2,1,1.0,3.0,520,240,0,0,7,8.0,19.0,A01,1,1,1,2,1.0,1988,2009,3,2.0,2,1.0,1.0,0,75,1.0,1.0
201400054209,8,7,2,2,4,2.0,3.0,112,750,0,0,7,8.0,13.0,A01,1,1,1,2,5.0,1982,2014,4,1.0,2,1.0,3.0,0,40,2.0,1.0
201300014230,2,8,5,2,1,1.0,6.0,55,130,0,0,2,0.0,1.0,B01,1,1,1,1,0.0,1995,2013,4,2.0,0,0.0,1.0,0,0,1.0,1.0
200800058229,10,10,5,2,2,1.0,3.0,147,420,0,0,7,1.0,15.0,B01,1,1,1,1,1.0,1969,2008,9,2.0,2,1.0,1.0,0,95,1.0,1.0
201700011010,12,17,5,2,3,1.0,3.0,55,130,0,0,7,1.0,2.0,B01,1,1,1,1,0.0,1975,2017,4,1.0,2,1.0,1.0,0,0,1.0,1.0
201100036111,6,16,1,2,1,8.0,6.0,526,590,0,0,7,1.0,1.0,A01,1,1,1,1,0.0,1966,2011,4,1.0,1,1.0,2.0,210,50,2.0,1.0
201100066589,3,21,1,1,1,1.0,1.0,11,974,0,0,7,1.0,0.0,A01,1,1,1,2,0.0,1958,2011,2,2.0,4,1.0,0.0,0,70,0.0,0.0
200900058991,8,23,1,2,3,1.0,3.0,4,60,0,0,7,0.0,15.0,A01,1,1,1,2,5.0,1938,2009,4,1.0,1,0.0,0.0,0,0,0.0,0.0
201800010041,11,6,1,2,1,2.0,6.0,55,130,0,0,7,0.0,0.0,B01,2,2,1,2,5.0,1987,2018,4,2.0,4,1.0,1.0,0,0,2.0,2.0
200800009711,2,29,1,2,1,1.0,3.0,228,910,0,0,7,8.0,18.0,A01,1,1,1,2,5.0,1963,2008,4,1.0,3,1.0,3.0,0,30,1.0,1.0
201100056403,3,6,3,1,1,1.0,2.0,666,570,0,0,10,2.0,21.0,A01,1,1,1,1,1.0,1986,2011,1,1.0,2,1.0,3.0,29,87,1.0,1.0
200700072134,11,5,1,2,1,1.0,5.0,108,750,0,0,33,1.0,11.0,B01,1,1,1,1,5.0,1965,2007,4,2.0,6,1.0,1.0,85,280,1.0,1.0
200500076609,11,22,1,2,1,1.0,2.0,50,930,0,0,7,1.0,2.0,A01,1,1,1,2,1.0,1975,2005,2,3.0,4,1.0,1.0,23,242,1.0,1.0
201600050584,3,29,1,1,1,1.0,6.0,71,130,0,0,7,0.0,0.0,A01,1,1,1,2,2.0,1982,2016,1,1.0,2,1.0,1.0,20,70,1.0,1.0
201100056793,1,22,1,1,1,1.0,6.0,29,690,0,0,7,2.0,1.0,A01,1,1,1,2,5.0,1985,2011,3,3.0,1,2.0,1.0,10,35,1.0,2.0
200600058675,10,1,1,1,1,1.0,3.0,164,400,0,0,10,1.0,17.0,A01,4,2,1,1,0.0,1999,2006,3,2.0,0,0.0,1.0,0,73,1.0,1.0
200600034142,6,16,3,1,1,1.0,7.0,121,520,0,0,2,4.0,1.0,A01,1,1,1,1,5.0,1987,2006,3,2.0,2,2.0,1.0,0,65,1.0,1.0
200700041698,7,5,1,2,3,1.0,3.0,29,60,0,0,32,8.0,1.0,B01,1,1,1,2,5.0,1971,2007,3,2.0,2,1.0,1.0,0,71,1.0,1.0
200600062371,10,5,1,2,1,2.0,3.0,350,590,0,0,30,1.0,1.0,B01,1,1,1,2,1.0,1983,2006,4,1.0,4,1.0,1.0,0,0,2.0,1.0
200700063401,10,19,1,1,2,1.0,2.0,281,350,0,0,7,4.0,23.0,B01,2,2,1,2,0.0,1948,2007,4,2.0,0,1.0,1.0,0,0,1.0,1.0
200700067988,11,10,1,2,2,1.0,3.0,55,130,0,0,32,0.0,0.0,B01,1,1,1,1,5.0,1959,2007,4,2.0,4,1.0,0.0,0,130,1.0,0.0
201800013008,12,4,2,2,1,1.0,3.0,313,450,0,0,38,8.0,1.0,B01,8,2,1,2,2.0,2003,2018,3,2.0,2,1.0,2.0,0,0,1.0,1.0
201500052353,4,14,1,2,7,1.0,3.0,111,750,0,0,7,2.0,1.0,A01,1,1,1,2,9.0,1994,2015,4,1.0,2,1.0,1.0,0,100,1.0,1.0
201700037330,6,2,1,2,9,1.0,2.0,129,830,0,0,20,4.0,2.0,B01,1,1,1,2,1.0,1996,2017,4,0.0,1,0.0,0.0,0,0,1.0,1.0
201200001668,5,28,1,1,1,1.0,4.0,364,500,0,0,33,1.0,21.0,G01,1,2,1,2,5.0,1992,2012,3,2.0,2,3.0,3.0,55,55,9.0,3.0
200800033938,6,28,5,2,1,1.0,6.0,194,860,0,0,2,1.0,14.0,A01,1,1,1,2,9.0,1989,2008,4,2.0,2,3.0,1.0,0,0,1.0,1.0
200900073460,3,14,1,1,1,1.0,6.0,13,971,0,0,7,0.0,0.0,B01,1,1,1,2,0.0,1981,2009,2,2.0,2,1.0,1.0,0,0,1.0,0.0
200600057081,9,7,1,2,1,1.0,6.0,36,920,0,0,7,4.0,4.0,A01,1,1,1,2,5.0,1980,2006,4,2.0,1,1.0,1.0,0,50,1.0,1.0
200900062564,10,20,1,2,2,1.0,3.0,12,920,0,0,30,8.0,1.0,B01,1,1,1,1,0.0,1987,2009,4,2.0,2,1.0,1.0,0,0,1.0,0.0
201100032623,9,2,1,2,1,1.0,7.0,15,490,0,0,1,1.0,1.0,A01,1,1,1,2,5.0,1995,2011,4,2.0,2,1.0,1.0,0,64,0.0,0.0
201500053335,11,27,1,2,3,1.0,6.0,113,750,0,0,7,7.0,1.0,A01,0,3,1,1,2.0,2004,2015,4,2.0,4,1.0,1.0,0,0,1.0,1.0
200700031390,5,21,1,2,1,1.0,6.0,252,950,0,0,7,3.0,9.0,A01,1,1,1,1,5.0,1973,2007,3,2.0,2,1.0,1.0,0,50,1.0,1.0
201000035031,11,29,1,2,1,1.0,7.0,218,500,0,0,38,8.0,1.0,A01,7,2,1,2,2.0,1995,2010,3,3.0,2,1.0,1.0,10,70,1.0,1.0
201400007007,8,20,1,1,2,1.0,1.0,83,580,0,0,13,1.0,1.0,B02,1,1,1,1,4.0,1963,2014,4,2.0,2,2.0,1.0,0,34,1.0,1.0
201300019897,6,6,1,2,1,1.0,2.0,33,180,0,0,7,3.0,1.0,A01,1,1,1,2,1.0,1991,2013,4,2.0,2,1.0,1.0,0,65,1.0,1.0
201200039372,12,29,1,1,1,1.0,2.0,9,830,0,0,7,4.0,1.0,B01,1,1,1,1,5.0,1993,2012,3,2.0,2,2.0,3.0,0,63,1.0,1.0
201300020948,6,24,1,2,1,7.0,2.0,278,590,0,0,14,6.0,2.0,B02,1,1,1,1,4.0,1968,2013,3,2.0,2,1.0,1.0,41,88,1.0,1.0
201600043938,8,4,1,2,1,1.0,6.0,81,940,0,0,10,2.0,1.0,A01,0,3,1,2,9.0,1982,2016,4,2.0,1,1.0,1.0,0,60,1.0,1.0
201300016273,11,11,5,2,1,6.0,1.0,26,130,0,0,7,3.0,13.0,A01,1,1,1,1,0.0,1992,2013,3,2.0,0,2.0,2.0,0,58,1.0,0.0
200800047018,8,31,3,1,1,1.0,1.0,36,470,0,0,10,1.0,1.0,B02,1,1,1,1,5.0,1980,2008,3,2.0,2,2.0,1.0,0,65,1.0,1.0
201800016663,6,22,1,2,6,1.0,3.0,149,420,0,0,7,1.0,9.0,A01,1,1,1,1,0.0,1971,2018,4,2.0,2,1.0,1.0,0,0,1.0,1.0
201300002503,8,5,1,1,2,1.0,3.0,391,330,0,0,21,6.0,19.0,B02,1,1,1,1,5.0,1940,2013,3,2.0,2,1.0,1.0,0,0,1.0,1.0
201800003348,10,20,1,2,3,1.0,6.0,70,40,0,0,7,7.0,16.0,A01,0,3,1,2,5.0,1941,2018,3,1.0,2,1.0,1.0,0,0,1.0,1.0
201200016137,9,28,5,2,1,1.0,3.0,55,130,0,0,31,3.0,0.0,B01,1,1,1,1,0.0,1987,2012,9,2.0,0,1.0,1.0,0,50,1.0,0.0
201000033633,12,11,1,2,1,1.0,6.0,162,440,0,0,7,3.0,1.0,A01,1,1,1,1,3.0,1976,2010,4,2.0,4,1.0,2.0,0,0,1.0,1.0
201800022965,3,11,4,1,1,1.0,1.0,555,310,0,0,7,1.0,5.0,A01,2,2,1,2,0.0,2003,2018,1,3.0,2,1.0,2.0,0,0,1.0,1.0
200900054900,12,7,1,2,2,2.0,6.0,44,360,0,0,7,1.0,1.0,A01,1,1,1,2,0.0,1956,2009,4,2.0,2,2.0,1.0,0,60,2.0,1.0
201400036321,4,11,1,2,1,1.0,3.0,256,800,0,0,7,6.0,9.0,B01,1,1,1,1,5.0,1984,2014,3,2.0,2,1.0,1.0,0,0,1.0,1.0
200800039853,7,30,1,2,1,1.0,6.0,463,570,0,0,7,4.0,1.0,B01,4,2,1,2,0.0,2004,2008,3,3.0,5,1.0,3.0,0,138,1.0,1.0
200600050521,8,25,1,1,1,1.0,6.0,507,590,0,0,7,0.0,0.0,B01,1,1,1,2,0.0,1950,2006,1,3.0,3,1.0,1.0,20,120,1.0,1.0
201500054068,4,23,5,2,1,1.0,6.0,116,750,0,0,37,2.0,1.0,A01,1,1,1,1,4.0,1985,2015,4,2.0,3,1.0,1.0,0,0,1.0,1.0
201700046083,3,30,1,2,1,1.0,6.0,539,950,0,0,7,3.0,1.0,A01,1,1,1,2,3.0,1980,2017,4,2.0,2,1.0,1.0,0,0,1.0,1.0
200900027124,10,18,5,2,3,1.0,7.0,111,750,0,0,32,0.0,21.0,A01,1,1,1,1,5.0,1962,2009,4,1.0,1,1.0,1.0,0,30,1.0,1.0
200900036061,5,23,1,2,1,1.0,6.0,88,60,0,0,7,0.0,0.0,A01,1,1,1,1,0.0,1963,2009,4,3.0,2,1.0,1.0,0,0,1.0,1.0
201400009911,12,27,1,1,1,9.0,5.0,98,370,0,0,7,1.0,13.0,A01,1,1,1,1,5.0,1955,2014,3,2.0,2,1.0,1.0,33,38,7.0,1.0
201800018136,11,9,1,1,1,1.0,1.0,685,800,0,0,7,3.0,1.0,A01,1,1,1,1,1.0,1988,2018,3,2.0,2,3.0,1.0,0,0,2.0,1.0
200900044771,1,27,5,2,1,1.0,6.0,44,920,0,0,32,1.0,0.0,A01,1,1,1,1,4.0,1985,2009,4,1.0,0,0.0,0.0,0,0,0.0,0.0
201900006202,2,7,1,2,2,1.0,6.0,75101,75,0,0,10,3.0,1.0,A01,10,3,1,1,0.0,2004,2019,4,2.0,3,1.0,1.0,0,0,1.0,1.0
200700002638,1,19,2,2,1,1.0,6.0,555,310,0,0,34,1.0,7.0,A01,1,1,1,1,9.0,1967,2007,4,2.0,3,1.0,1.0,0,105,1.0,1.0
200800016494,3,27,1,2,1,1.0,3.0,176,710,0,0,7,2.0,15.0,A01,3,2,1,2,0.0,1935,2008,3,2.0,0,1.0,1.0,0,90,1.0,1.0
201100014464,5,28,3,2,2,1.0,3.0,258,410,0,0,7,2.0,1.0,A01,3,2,1,2,0.0,1992,2011,3,2.0,0,1.0,1.0,0,45,1.0,1.0
200800042577,7,17,1,2,2,1.0,6.0,120,750,0,0,7,3.0,1.0,A01,1,1,1,1,5.0,1988,2008,4,2.0,2,1.0,1.0,0,60,1.0,1.0
201700052290,5,30,1,1,1,1.0,5.0,55,130,0,0,7,1.0,2.0,B01,1,1,1,1,9.0,1943,2017,1,1.0,3,1.0,1.0,30,105,1.0,1.0
201200041524,3,16,1,2,1,1.0,2.0,4,920,0,0,33,1.0,1.0,A01,1,1,1,1,0.0,1974,2012,4,2.0,2,1.0,1.0,0,0,1.0,1.0
200700014680,3,29,1,2,2,8.0,3.0,63,330,0,0,31,1.0,1.0,B01,1,1,1,1,0.0,1969,2007,4,1.0,1,1.0,1.0,0,0,1.0,1.0
201600034627,9,11,3,1,1,1.0,1.0,490,780,0,0,7,1.0,1.0,B01,3,2,1,1,5.0,1999,2016,3,2.0,2,1.0,3.0,0,0,1.0,1.0
201500053805,8,13,5,2,2,2.0,3.0,115,750,0,0,7,3.0,15.0,A01,1,1,1,1,0.0,1990,2015,4,1.0,3,1.0,1.0,0,100,2.0,1.0
201600054286,8,26,1,2,1,1.0,3.0,114,750,0,0,33,3.0,18.0,A01,1,1,1,1,0.0,1957,2016,4,1.0,1,1.0,0.0,40,30,1.0,1.0
201800007939,7,26,2,2,1,7.0,6.0,202,120,0,0,7,2.0,2.0,A01,1,1,1,1,1.0,1987,2018,4,2.0,2,1.0,1.0,0,0,1.0,1.0
201200029570,4,27,1,2,1,2.0,5.0,7,490,0,0,7,1.0,2.0,C01,1,1,1,2,5.0,1985,2012,4,2.0,3,1.0,1.0,0,80,2.0,1.0
200600012024,3,14,1,2,1,1.0,6.0,189,300,0,0,7,1.0,15.0,A01,1,1,1,2,1.0,1967,2006,4,2.0,5,1.0,2.0,0,0,1.0,1.0
201000067407,5,19,3,1,1,1.0,7.0,22,972,0,0,7,3.0,0.0,A01,1,1,1,1,5.0,1965,2010,3,0.0,0,2.0,4.0,0,65,1.0,1.0
201300058071,10,29,1,1,1,2.0,2.0,9,974,0,0,7,4.0,2.0,B01,1,1,1,2,0.0,1993,2013,2,3.0,4,1.0,1.0,0,0,1.0,1.0
201300021246,10,10,2,1,1,2.0,5.0,223,410,0,0,14,1.0,1.0,F06,1,1,1,1,4.0,1982,2013,1,3.0,6,1.0,1.0,8,210,2.0,1.0
201500045457,5,5,1,1,1,1.0,4.0,66,930,0,0,7,1.0,0.0,C01,1,1,1,1,0.0,1972,2015,1,1.0,3,1.0,1.0,15,105,1.0,1.0
201300030192,6,6,1,2,1,1.0,3.0,9,590,0,0,1,1.0,1.0,B01,1,1,1,1,0.0,1975,2013,4,2.0,2,1.0,1.0,0,0,1.0,1.0
201000068689,9,23,1,2,1,1.0,6.0,2,973,0,0,7,0.0,0.0,A01,0,3,1,2,0.0,1962,2010,4,1.0,2,1.0,1.0,0,0,1.0,1.0
200500047629,7,8,1,2,1,1.0,3.0,33,202,0,0,13,3.0,9.0,B01,1,1,1,1,4.0,1964,2005,4,2.0,2,1.0,1.0,0,80,1.0,1.0
201300008843,12,27,1,1,1,1.0,5.0,40,201,0,0,7,3.0,1.0,B02,1,1,1,1,5.0,1969,2013,2,2.0,2,2.0,4.0,0,0,2.0,0.0
201800030785,4,17,1,2,1,1.0,6.0,445,640,0,0,7,0.0,9.0,A01,0,3,1,2,3.0,1977,2018,4,2.0,2,1.0,1.0,0,0,1.0,3.0
201100014390,6,26,1,1,1,1.0,5.0,69,370,0,0,7,3.0,1.0,B02,2,2,1,2,0.0,1946,2011,3,2.0,0,0.0,2.0,0,62,1.0,1.0
200900006802,3,20,1,2,1,1.0,6.0,260,640,0,0,7,2.0,1.0,A01,1,1,1,2,1.0,1980,2009,4,2.0,2,1.0,1.0,0,70,1.0,1.0
201300024318,12,12,1,2,1,1.0,3.0,63,330,0,0,7,3.0,10.0,B01,1,1,1,2,0.0,1967,2013,4,1.0,0,1.0,3.0,0,0,1.0,1.0
201300038171,12,20,5,2,4,1.0,6.0,345,910,0,0,7,1.0,15.0,A01,0,3,1,2,5.0,1962,2013,3,1.0,1,2.0,1.0,0,0,1.0,1.0
201800002404,12,5,1,2,2,1.0,3.0,304,420,0,0,7,2.0,6.0,B01,1,1,1,1,3.0,1979,2018,3,1.0,1,1.0,1.0,0,0,1.0,1.0
201000054313,9,23,5,2,1,1.0,6.0,582,950,0,0,7,2.0,2.0,A01,1,1,1,2,5.0,1950,2010,3,2.0,2,1.0,1.0,0,120,1.0,1.0
201000044481,12,16,3,2,8,2.0,7.0,329,790,0,0,30,1.0,0.0,A01,1,1,1,1,4.0,1962,2010,3,3.0,0,1.0,0.0,0,0,2.0,1.0
201800039292,8,21,1,2,1,1.0,3.0,66,930,0,0,33,1.0,18.0,B01,1,1,1,1,1.0,1976,2018,2,1.0,1,1.0,1.0,0,0,1.0,1.0
200500060162,9,25,5,2,1,1.0,2.0,19,750,0,0,4,1.0,1.0,A01,1,1,1,1,5.0,1979,2005,4,2.0,2,1.0,1.0,0,60,1.0,1.0
200700069708,11,28,2,2,2,1.0,6.0,560,590,0,0,31,1.0,1.0,A01,2,2,1,2,0.0,1987,2007,4,2.0,4,1.0,1.0,0,80,1.0,1.0
200500006249,1,21,3,2,1,1.0,3.0,4,201,0,0,7,2.0,17.0,A01,1,1,1,2,9.0,1986,2005,2,3.0,4,1.0,1.0,0,71,1.0,1.0