num_acc,mois,jour,lum,agg,int,atm,col,com,dep,hr,mn,catv,choc,manv,num_veh,place,catu,grav,sexe,trajet,an_nais,annee,catr,circ,nbv,prof,plan,lartpc,larrout,surf,situ
201600052225,3,9,1,2,2,2.0,6.0,108,750,0,0,7,0.0,1.0,A01,1,1,1,1,4.0,1973,2016,4,2.0,2,1.0,1.0,0,0,2.0,1.0
201000068323,7,3,5,1,1,1.0,6.0,9,972,0,0,7,4.0,4.0,A01,1,1,1,1,5.0,1947,2010,3,1.0,0,2.0,1.0,0,0,1.0,1.0
201400031905,11,6,2,1,1,1.0,4.0,637,620,0,0,7,3.0,1.0,B01,1,1,1,2,1.0,1958,2014,3,2.0,2,3.0,1.0,0,100,2.0,1.0
201200052695,9,17,1,1,1,1.0,2.0,282,690,0,0,7,4.0,23.0,A01,1,1,1,2,1.0,1974,2012,3,3.0,2,1.0,1.0,10,70,1.0,1.0
200500027033,5,13,1,1,9,8.0,2.0,510,950,0,0,18,4.0,0.0,B02,1,1,1,1,4.0,1965,2005,2,3.0,2,1.0,1.0,0,72,2.0,1.0
201000013615,1,13,2,2,1,1.0,1.0,168,660,0,0,7,3.0,1.0,A01,1,1,1,1,1.0,1932,2010,4,0.0,0,0.0,1.0,0,0,1.0,1.0
200500087426,12,18,2,1,1,1.0,6.0,212,972,0,0,7,3.0,1.0,A01,1,1,1,1,5.0,1979,2005,4,2.0,2,2.0,1.0,0,40,1.0,1.0
200900029536,6,19,1,1,1,1.0,2.0,132,840,0,0,7,6.0,24.0,A01,1,1,1,1,0.0,1945,2009,3,2.0,0,1.0,1.0,0,0,1.0,5.0
201700011091,12,2,1,1,1,1.0,1.0,56,130,0,0,7,1.0,13.0,A01,1,1,1,1,0.0,1946,2017,4,2.0,2,1.0,1.0,0,0,1.0,1.0
200700048892,8,27,1,2,2,1.0,3.0,102,130,0,0,7,1.0,1.0,A01,4,2,1,2,0.0,1986,2007,4,2.0,2,1.0,1.0,0,50,1.0,1.0
201300007132,8,21,1,1,1,1.0,4.0,410,250,0,0,7,1.0,1.0,D04,1,1,1,2,5.0,1983,2013,2,2.0,2,1.0,1.0,0,71,1.0,1.0
201800047141,12,21,1,1,1,2.0,5.0,37,940,0,0,7,6.0,11.0,A01,1,1,1,2,0.0,1972,2018,1,3.0,0,2.0,1.0,0,0,1.0,3.0
201600021261,3,16,5,2,1,1.0,4.0,281,260,0,0,7,4.0,23.0,C01,1,1,1,1,0.0,1987,2016,4,2.0,2,1.0,1.0,0,90,1.0,1.0
201900050262,8,24,1,1,1,1.0,3.0,67371,67,0,0,7,8.0,1.0,A01,1,1,1,2,0.0,1982,2019,3,2.0,2,2.0,3.0,0,0,1.0,1.0
201900052162,8,21,1,2,4,1.0,5.0,75116,75,0,0,10,2.0,13.0,A01,1,1,1,1,4.0,1989,2019,4,1.0,1,1.0,1.0,0,0,1.0,1.0
200600038596,7,3,1,2,3,1.0,3.0,13,320,0,0,14,2.0,16.0,A01,1,1,1,1,4.0,1972,2006,3,2.0,3,1.0,1.0,0,108,1.0,1.0
201100050695,12,3,1,2,1,2.0,2.0,28,940,0,0,7,1.0,1.0,A01,1,1,1,2,5.0,1990,2011,3,0.0,2,1.0,1.0,0,60,2.0,1.0
200900073398,6,17,1,1,1,2.0,1.0,7,973,0,0,14,1.0,1.0,B02,1,1,1,1,4.0,1978,2009,3,2.0,2,1.0,3.0,0,64,2.0,1.0
200600020270,4,28,1,1,6,1.0,3.0,18,410,0,0,7,1.0,9.0,A01,1,1,1,1,5.0,1942,2006,3,1.0,2,1.0,3.0,0,0,1.0,1.0
201700009622,5,13,1,2,1,1.0,6.0,55,130,0,0,7,7.0,15.0,A01,1,1,1,1,5.0,1975,2017,4,1.0,1,1.0,0.0,0,60,1.0,1.0
201200038911,6,26,1,2,3,1.0,3.0,724,800,0,0,7,1.0,1.0,B01,2,2,1,1,4.0,1987,2012,3,2.0,2,1.0,1.0,0,0,1.0,1.0
201400028242,5,31,1,2,2,1.0,3.0,323,470,0,0,7,3.0,15.0,B01,1,1,1,1,5.0,1973,2014,3,0.0,0,2.0,1.0,0,0,1.0,1.0
201500006371,1,30,1,2,1,1.0,6.0,94,680,0,0,14,2.0,1.0,A01,1,1,1,1,4.0,1984,2015,3,2.0,2,1.0,1.0,0,57,1.0,1.0
201000016444,3,17,1,2,1,1.0,2.0,88,60,0,0,7,4.0,2.0,B01,1,1,1,2,5.0,1950,2010,3,3.0,2,2.0,1.0,0,30,1.0,1.0
201800055620,10,1,1,2,1,1.0,6.0,115,750,0,0,33,1.0,3.0,A01,1,1,1,2,1.0,1960,2018,4,1.0,3,1.0,1.0,0,0,1.0,1.0
201300016466,7,22,5,2,9,1.0,3.0,117,130,0,0,7,2.0,1.0,A01,1,1,1,2,5.0,1979,2013,6,2.0,2,1.0,1.0,0,0,1.0,1.0
201500037891,1,23,5,2,6,1.0,6.0,24,920,0,0,33,2.0,17.0,A01,0,3,1,2,5.0,1990,2015,3,2.0,2,1.0,1.0,0,0,1.0,0.0
201100043875,10,26,3,1,3,1.0,3.0,157,860,0,0,10,1.0,1.0,B01,1,1,1,1,1.0,1977,2011,3,2.0,2,1.0,1.0,0,70,8.0,1.0
200800006943,2,2,1,1,1,1.0,6.0,106,110,0,0,7,1.0,13.0,A01,2,2,1,1,0.0,1969,2008,3,2.0,2,1.0,2.0,0,73,1.0,1.0
200600011295,3,9,1,2,1,1.0,3.0,88,60,0,0,7,2.0,11.0,A01,1,1,1,1,5.0,1984,2006,4,1.0,2,1.0,1.0,0,70,1.0,1.0
200700080237,12,21,3,1,1,1.0,4.0,90,780,0,0,10,4.0,2.0,C01,1,1,1,1,4.0,1979,2007,1,3.0,3,1.0,1.0,5,75,1.0,1.0
200800022065,4,18,5,2,1,2.0,6.0,104,750,0,0,7,1.0,1.0,A01,1,1,1,2,1.0,1982,2008,4,1.0,2,1.0,3.0,0,140,2.0,1.0
201300052504,10,1,1,2,7,2.0,3.0,111,750,0,0,33,1.0,1.0,B01,1,1,1,1,0.0,1988,2013,4,1.0,6,1.0,2.0,0,400,1.0,1.0
201100051693,5,13,1,2,1,1.0,6.0,77,940,0,0,7,8.0,13.0,A01,1,1,1,1,9.0,1991,2011,3,2.0,2,1.0,1.0,0,50,1.0,1.0
200700061064,10,13,3,1,1,1.0,1.0,465,250,0,0,7,1.0,1.0,B02,4,2,1,2,0.0,2000,2007,3,2.0,2,1.0,3.0,0,70,1.0,1.0
200900040870,12,12,5,2,3,1.0,3.0,108,750,0,0,32,7.0,1.0,B01,1,1,1,1,0.0,1983,2009,4,2.0,3,3.0,1.0,0,0,1.0,1.0
200600075472,12,2,5,2,1,2.0,6.0,55,130,0,0,7,1.0,2.0,A01,1,1,1,1,0.0,1969,2006,4,1.0,2,2.0,1.0,0,0,1.0,1.0
201200018402,1,3,1,1,1,6.0,3.0,545,140,0,0,17,2.0,13.0,A01,1,1,1,1,4.0,1950,2012,3,2.0,2,2.0,1.0,0,67,1.0,1.0
201500055017,9,16,5,2,2,1.0,3.0,118,750,0,0,10,1.0,1.0,A01,1,1,1,1,4.0,1969,2015,4,1.0,1,2.0,1.0,0,0,2.0,1.0
201800033286,3,30,1,2,3,2.0,6.0,65,730,0,0,7,1.0,1.0,A01,0,3,1,2,2.0,2001,2018,4,2.0,2,1.0,2.0,0,0,2.0,1.0
201200042817,10,11,1,2,3,8.0,6.0,49,920,0,0,7,1.0,15.0,A01,1,1,1,1,5.0,1982,2012,3,2.0,2,1.0,1.0,0,70,2.0,1.0
201100031873,5,9,1,2,1,1.0,1.0,184,440,0,0,10,1.0,1.0,B01,1,1,1,2,1.0,1963,2011,4,1.0,2,1.0,1.0,0,0,1.0,1.0
200900017769,6,6,5,2,1,3.0,7.0,448,270,0,0,7,1.0,1.0,A01,1,1,1,2,5.0,1969,2009,3,2.0,2,2.0,1.0,10,60,2.0,1.0
201300024970,11,27,5,2,1,1.0,6.0,172,340,0,0,7,4.0,4.0,A01,0,3,1,2,3.0,1941,2013,6,2.0,2,1.0,1.0,0,60,1.0,1.0
200800010161,2,8,5,2,1,1.0,6.0,33,940,0,0,7,5.0,4.0,B01,1,1,1,1,0.0,1984,2008,4,2.0,2,2.0,1.0,0,78,1.0,1.0
200600062261,10,12,1,1,1,1.0,6.0,260,560,0,0,7,1.0,13.0,A01,1,1,1,1,3.0,1925,2006,4,2.0,2,2.0,2.0,0,90,1.0,1.0
200500024887,5,26,1,1,1,1.0,1.0,188,350,0,0,5,3.0,10.0,A01,1,1,1,1,5.0,1988,2005,3,2.0,1,1.0,3.0,0,56,1.0,1.0
201000007956,4,30,1,1,1,1.0,3.0,110,380,0,0,7,3.0,13.0,A01,1,1,1,1,1.0,1988,2010,3,2.0,0,1.0,1.0,0,60,1.0,1.0
201800000075,6,15,2,1,2,1.0,1.0,218,590,0,0,7,1.0,1.0,B01,1,1,1,2,5.0,1978,2018,2,2.0,2,1.0,1.0,0,0,1.0,1.0
201500046742,11,1,1,1,1,5.0,2.0,362,780,0,0,10,1.0,2.0,A01,1,1,1,1,4.0,1985,2015,1,1.0,3,2.0,1.0,0,0,1.0,1.0
201100018445,9,17,2,1,1,1.0,6.0,91,130,0,0,7,1.0,1.0,A01,1,1,1,1,5.0,1993,2011,3,2.0,2,1.0,3.0,0,60,1.0,3.0
201500017728,8,5,1,1,1,1.0,1.0,334,380,0,0,7,1.0,1.0,B02,1,1,1,1,5.0,1969,2015,3,2.0,1,2.0,2.0,0,45,1.0,1.0
201900001096,2,15,1,1,1,1.0,2.0,93005,93,0,0,7,1.0,2.0,A01,1,1,1,1,0.0,1982,2019,1,3.0,6,1.0,1.0,0,0,1.0,1.0
201700011136,5,19,1,1,1,1.0,1.0,103,130,0,0,7,1.0,1.0,A01,1,1,1,1,5.0,1994,2017,3,2.0,2,1.0,1.0,0,60,1.0,1.0
201500057330,11,4,1,1,1,1.0,1.0,113,971,0,0,7,0.0,0.0,B01,1,1,1,2,1.0,1974,2015,4,0.0,0,2.0,2.0,0,0,1.0,0.0
201900009715,3,23,1,1,3,1.0,3.0,44111,44,0,0,38,2.0,1.0,B01,1,1,1,2,4.0,1961,2019,3,2.0,2,1.0,1.0,0,0,1.0,1.0
200500061241,9,19,1,2,1,1.0,6.0,5,930,0,0,7,3.0,1.0,A01,0,3,1,2,0.0,1957,2005,4,0.0,1,1.0,0.0,0,80,1.0,1.0
200700004618,1,21,1,2,3,1.0,3.0,108,770,0,0,37,2.0,1.0,A01,1,1,1,1,4.0,1960,2007,4,2.0,2,1.0,1.0,0,62,1.0,1.0
201600035199,12,2,5,2,1,1.0,1.0,69,830,0,0,7,1.0,13.0,A01,1,1,1,1,0.0,1991,2016,3,2.0,2,0.0,0.0,0,0,0.0,1.0
201800036461,8,5,5,2,1,1.0,2.0,21,910,0,0,7,5.0,2.0,B01,1,1,1,1,9.0,1982,2018,2,1.0,1,1.0,2.0,0,0,1.0,3.0
200600037249,6,9,1,1,1,1.0,3.0,521,910,0,0,7,6.0,11.0,A01,1,1,1,1,0.0,1958,2006,1,3.0,6,1.0,1.0,10,210,1.0,1.0
200500026981,5,1,1,1,1,1.0,6.0,299,600,0,0,7,1.0,1.0,A01,1,1,1,2,5.0,1963,2005,1,1.0,2,0.0,1.0,10,70,1.0,0.0
201800013346,6,16,1,1,3,1.0,5.0,31,500,0,0,7,1.0,1.0,B01,1,1,1,1,1.0,1973,2018,3,2.0,2,1.0,1.0,0,0,1.0,1.0
200600070713,11,11,1,1,1,2.0,3.0,36,920,0,0,7,3.0,2.0,A01,1,1,1,1,5.0,1982,2006,1,1.0,3,2.0,3.0,25,105,2.0,1.0
201200030540,1,3,5,2,4,3.0,3.0,395,540,0,0,7,2.0,1.0,A01,4,2,1,1,5.0,1989,2012,4,1.0,2,1.0,3.0,0,0,2.0,1.0
201200056838,5,14,1,2,2,1.0,6.0,114,750,0,0,7,1.0,1.0,A01,1,1,1,2,5.0,1976,2012,4,2.0,5,1.0,1.0,40,150,1.0,1.0
201000053333,10,28,1,2,1,1.0,5.0,73,940,0,0,7,3.0,21.0,A01,1,1,1,1,5.0,1955,2010,4,2.0,2,1.0,1.0,0,0,1.0,1.0
201300022915,6,8,1,1,1,1.0,2.0,555,310,0,0,7,4.0,2.0,B01,2,2,1,2,0.0,1986,2013,1,2.0,2,1.0,1.0,0,60,1.0,1.0
201700058874,3,24,1,2,1,1.0,6.0,304,973,0,0,7,1.0,1.0,A01,1,1,1,2,3.0,1996,2017,4,2.0,2,1.0,1.0,0,54,1.0,1.0
200700061761,10,9,5,1,1,1.0,1.0,722,20,0,0,7,1.0,1.0,A01,1,1,1,1,5.0,1943,2007,4,2.0,2,1.0,0.0,0,40,1.0,1.0
201600025000,2,14,5,2,5,1.0,3.0,238,350,0,0,7,1.0,15.0,A01,1,1,1,1,5.0,1993,2016,4,2.0,2,1.0,1.0,0,0,1.0,1.0
200700063268,10,31,1,2,1,1.0,3.0,69,330,0,0,2,1.0,1.0,B01,1,1,1,1,5.0,1991,2007,4,2.0,2,1.0,1.0,0,95,1.0,1.0
201900002209,5,6,1,1,4,1.0,4.0,13059,13,0,0,7,3.0,26.0,C01,1,1,1,2,5.0,1998,2019,3,2.0,2,2.0,2.0,0,0,1.0,1.0
201000040830,8,17,1,2,3,2.0,2.0,482,670,0,0,7,4.0,2.0,B01,1,1,1,1,5.0,1970,2010,4,2.0,3,1.0,1.0,0,110,2.0,1.0
200800022628,4,28,1,1,1,2.0,1.0,152,690,0,0,7,7.0,13.0,A01,1,1,1,2,1.0,1988,2008,1,2.0,2,3.0,2.0,0,60,2.0,1.0
200500046988,7,19,1,2,1,1.0,3.0,40,920,0,0,7,3.0,2.0,B01,1,1,1,2,3.0,1977,2005,3,1.0,2,1.0,1.0,0,90,1.0,1.0
201600022886,5,8,1,2,1,1.0,5.0,555,310,0,0,7,3.0,1.0,C01,1,1,1,1,9.0,1995,2016,4,2.0,3,1.0,1.0,0,102,1.0,1.0
200600028395,5,25,1,2,1,1.0,6.0,18,750,0,0,7,8.0,10.0,A01,1,1,1,1,5.0,1986,2006,4,2.0,4,1.0,1.0,0,120,1.0,1.0
201300023786,6,6,1,2,1,1.0,6.0,318,330,0,0,7,1.0,1.0,A01,1,1,1,2,1.0,1974,2013,4,1.0,1,1.0,1.0,0,0,1.0,1.0
200600041925,7,30,1,1,1,2.0,3.0,617,910,0,0,7,1.0,12.0,A01,4,2,1,2,0.0,2005,2006,2,3.0,6,1.0,2.0,0,210,2.0,2.0
201600048558,8,4,1,2,1,1.0,2.0,384,690,0,0,7,5.0,2.0,B01,1,1,1,1,0.0,1969,2016,4,2.0,2,1.0,1.0,0,90,1.0,1.0
200500047156,7,25,1,2,1,2.0,5.0,48,930,0,0,7,1.0,13.0,A01,1,1,1,1,0.0,1972,2005,4,2.0,1,1.0,1.0,50,50,1.0,1.0
201100022483,7,9,1,2,1,1.0,2.0,15,160,0,0,7,1.0,1.0,A01,1,1,1,1,5.0,1982,2011,4,2.0,2,1.0,1.0,50,90,1.0,1.0
200600067002,11,22,5,2,2,3.0,6.0,63,330,0,0,7,1.0,16.0,A01,0,3,1,2,0.0,1959,2006,4,3.0,2,1.0,1.0,0,0,2.0,1.0
200500029808,5,28,5,2,1,1.0,1.0,181,720,0,0,1,1.0,1.0,B01,1,1,1,1,5.0,1988,2005,9,2.0,1,2.0,1.0,0,56,1.0,1.0
200700053406,9,29,3,1,2,1.0,3.0,8,10,0,0,7,1.0,1.0,A01,1,1,1,2,5.0,1984,2007,3,0.0,0,1.0,1.0,0,70,1.0,1.0
201200044953,4,14,1,2,2,1.0,3.0,48,930,0,0,30,1.0,0.0,B01,1,1,1,2,1.0,1990,2012,3,0.0,2,1.0,1.0,0,0,1.0,1.0
201000044655,6,8,1,2,1,1.0,6.0,21,800,0,0,7,1.0,1.0,A01,1,1,1,1,5.0,1978,2010,4,2.0,3,1.0,1.0,0,0,1.0,1.0
201900000524,10,25,1,1,1,1.0,1.0,39326,39,0,0,7,3.0,1.0,B01,7,2,1,2,5.0,2010,2019,3,2.0,2,1.0,3.0,0,0,1.0,1.0
201300006079,5,23,1,1,1,1.0,3.0,517,880,0,0,17,8.0,1.0,A01,1,1,1,1,4.0,1965,2013,3,2.0,2,0.0,3.0,0,68,1.0,1.0
200900059866,10,11,1,2,2,1.0,5.0,53,770,0,0,7,1.0,0.0,E01,1,1,1,1,1.0,1977,2009,3,0.0,0,0.0,0.0,0,0,0.0,0.0
200900068856,7,25,1,2,1,1.0,4.0,55,930,0,0,7,1.0,2.0,C01,1,1,1,1,1.0,1987,2009,2,2.0,6,1.0,1.0,0,180,1.0,1.0
201300055536,2,13,5,2,7,1.0,3.0,120,750,0,0,33,8.0,1.0,B01,1,1,1,1,1.0,1971,2013,4,0.0,2,1.0,0.0,60,50,1.0,1.0
200900013944,4,9,1,1,2,1.0,3.0,37,202,0,0,7,8.0,1.0,B01,1,1,1,2,9.0,1958,2009,2,4.0,4,1.0,3.0,100,100,1.0,1.0
200600043916,7,11,1,1,1,1.0,5.0,245,700,0,0,7,8.0,21.0,C03,2,2,1,1,0.0,1966,2006,2,2.0,2,2.0,2.0,0,69,1.0,1.0
200500003374,1,7,5,2,2,1.0,3.0,261,370,0,0,7,5.0,1.0,A01,1,1,1,1,5.0,1981,2005,4,2.0,1,1.0,1.0,0,50,1.0,1.0
201500007996,1,6,1,2,1,1.0,6.0,42,830,0,0,7,3.0,1.0,A01,1,1,1,1,9.0,1970,2015,3,2.0,2,1.0,1.0,0,70,1.0,1.0
200700078760,12,14,1,2,5,1.0,6.0,66,680,0,0,7,2.0,15.0,A01,0,3,1,1,5.0,1938,2007,4,2.0,2,1.0,1.0,0,60,1.0,1.0
201100055147,8,23,1,1,1,1.0,4.0,161,910,0,0,7,4.0,2.0,C01,1,1,1,2,5.0,1982,2011,1,3.0,6,1.0,1.0,15,105,1.0,1.0
201400051837,11,28,5,2,4,1.0,6.0,101,750,0,0,30,7.0,1.0,A01,2,2,1,2,5.0,1982,2014,4,0.0,3,1.0,0.0,0,90,1.0,1.0
201600046577,12,27,1,1,1,1.0,2.0,18,950,0,0,7,1.0,1.0,A01,1,1,1,2,5.0,1991,2016,1,3.0,8,1.0,1.0,0,0,1.0,0.0
200700078874,12,24,5,2,3,1.0,3.0,119,740,0,0,7,7.0,1.0,B01,2,2,1,1,0.0,1986,2007,4,2.0,2,1.0,1.0,0,96,1.0,1.0
201200006936,8,13,1,1,1,1.0,6.0,14,510,0,0,7,3.0,1.0,A01,2,2,1,2,5.0,1936,2012,3,2.0,2,1.0,3.0,0,40,1.0,3.0
201400056234,11,21,1,2,1,1.0,6.0,117,750,0,0,33,1.0,1.0,A01,0,3,1,2,4.0,1966,2014,4,2.0,2,1.0,1.0,0,0,1.0,1.0
201400018523,11,5,1,2,1,1.0,1.0,180,410,0,0,33,0.0,2.0,A01,1,1,1,1,5.0,1964,2014,3,2.0,2,1.0,1.0,21,58,1.0,1.0
201800054401,5,4,1,2,7,1.0,3.0,119,750,19,15,7,1.0,1.0,B01,1,1,1,1,5.0,1992,2018,4,2.0,2,1.0,1.0,0,0,1.0,1.0
201200033476,1,23,1,2,1,1.0,1.0,108,620,0,0,7,2.0,5.0,A01,1,1,1,1,2.0,1992,2012,3,2.0,2,1.0,1.0,0,0,1.0,1.0
201500031110,5,8,1,2,1,2.0,3.0,113,630,0,0,7,3.0,15.0,B01,1,1,1,1,0.0,1969,2015,3,2.0,3,2.0,1.0,0,0,2.0,1.0
200500077392,11,16,1,2,1,1.0,5.0,387,690,0,0,7,6.0,1.0,B01,1,1,1,1,5.0,1973,2005,4,2.0,4,1.0,1.0,0,117,1.0,1.0
201700026409,12,21,1,1,1,2.0,2.0,238,350,0,0,7,4.0,1.0,B01,2,2,1,1,0.0,1993,2017,2,1.0,2,1.0,1.0,0,0,2.0,1.0
200700072781,11,2,1,2,1,1.0,6.0,115,750,0,0,7,5.0,1.0,B01,1,1,1,1,5.0,1965,2007,4,1.0,1,3.0,1.0,0,99,1.0,1.0
200700062852,10,2,1,2,2,1.0,6.0,57,260,0,0,7,1.0,1.0,A01,1,1,1,1,2.0,1966,2007,2,2.0,2,1.0,2.0,0,50,1.0,1.0
201200052248,3,21,1,2,2,1.0,3.0,388,690,0,0,33,8.0,18.0,A01,1,1,1,1,5.0,1965,2012,4,2.0,2,1.0,1.0,0,0,1.0,1.0
200500020941,4,26,1,2,1,1.0,3.0,5,750,0,0,7,8.0,15.0,A01,1,1,1,1,1.0,1965,2005,4,2.0,4,1.0,1.0,0,120,1.0,1.0
200600045781,8,5,1,1,3,1.0,3.0,174,380,0,0,7,8.0,19.0,B02,1,1,1,2,3.0,1946,2006,2,2.0,0,2.0,2.0,0,71,1.0,1.0
200600008636,2,9,1,2,1,1.0,6.0,7,490,0,0,7,1.0,1.0,A01,0,3,1,1,5.0,1986,2006,4,1.0,1,1.0,1.0,0,57,1.0,1.0
200900000137,1,19,1,2,1,2.0,6.0,109,750,0,0,7,2.0,1.0,Z01,0,3,1,2,3.0,1976,2009,4,1.0,4,1.0,1.0,0,0,2.0,1.0
200500044116,7,7,1,2,1,1.0,6.0,415,170,0,0,2,1.0,1.0,A01,1,1,1,1,5.0,1980,2005,4,2.0,2,1.0,1.0,0,60,1.0,1.0
201400058487,10,19,1,1,1,3.0,1.0,10,974,0,0,14,2.0,1.0,A01,1,1,1,1,5.0,1974,2014,2,2.0,2,2.0,4.0,0,47,2.0,1.0
200700083319,8,21,1,2,6,1.0,6.0,125,971,0,0,10,5.0,16.0,A01,1,1,1,2,4.0,1979,2007,3,0.0,1,1.0,0.0,0,45,0.0,0.0
201200004683,6,13,1,1,1,1.0,1.0,188,690,0,0,10,1.0,1.0,B02,1,1,1,1,1.0,1958,2012,3,0.0,2,2.0,1.0,0,80,1.0,1.0
200800000447,1,19,1,1,1,1.0,4.0,492,510,0,0,7,8.0,24.0,E05,1,1,1,1,5.0,1965,2008,3,2.0,2,1.0,1.0,0,61,1.0,1.0
201500049558,2,21,1,1,1,3.0,6.0,235,690,0,0,7,3.0,1.0,A01,1,1,1,1,0.0,1989,2015,1,3.0,3,2.0,2.0,10,105,2.0,1.0
201100051851,6,28,1,2,2,1.0,3.0,67,940,0,0,33,8.0,1.0,B01,1,1,1,1,9.0,1970,2011,3,2.0,2,1.0,1.0,0,0,1.0,1.0
201000024515,5,11,1,1,1,1.0,6.0,415,170,0,0,7,1.0,0.0,A01,1,1,1,1,0.0,1980,2010,2,2.0,0,0.0,0.0,0,60,1.0,1.0
201200057060,2,3,1,2,3,1.0,6.0,115,750,0,0,7,5.0,4.0,A01,0,3,1,2,0.0,1926,2012,4,1.0,1,1.0,1.0,0,66,1.0,1.0
201500028021,5,29,1,2,6,1.0,3.0,147,500,0,0,1,0.0,1.0,A01,1,1,1,2,1.0,1964,2015,3,2.0,2,2.0,1.0,0,0,1.0,1.0
201300031150,10,31,1,2,1,7.0,1.0,570,620,0,0,7,2.0,11.0,A01,1,1,1,1,3.0,1973,2013,4,2.0,2,2.0,2.0,0,78,1.0,1.0
201100029133,1,11,1,2,5,1.0,3.0,238,350,0,0,7,1.0,15.0,A01,1,1,1,2,5.0,1978,2011,4,2.0,2,1.0,1.0,0,0,1.0,1.0
201500053809,8,28,1,2,2,1.0,6.0,115,750,0,0,7,2.0,16.0,A01,1,1,1,1,5.0,1952,2015,4,2.0,2,1.0,1.0,0,60,1.0,1.0
200800059327,10,21,1,2,1,1.0,6.0,259,690,0,0,7,2.0,0.0,A01,0,3,1,1,2.0,2001,2008,4,2.0,2,1.0,0.0,0,65,1.0,1.0
201800037317,10,13,1,2,1,1.0,2.0,4,920,0,0,7,4.0,2.0,B01,1,1,1,2,0.0,1964,2018,4,2.0,0,1.0,1.0,0,0,1.0,1.0
201300024495,10,4,1,1,6,2.0,2.0,32,340,0,0,7,4.0,1.0,B01,2,2,1,2,4.0,1978,2013,3,2.0,0,1.0,1.0,0,0,2.0,1.0
201300020970,3,14,1,2,6,1.0,3.0,198,260,0,0,7,8.0,1.0,A01,1,1,1,2,5.0,1969,2013,3,4.0,2,1.0,0.0,0,0,1.0,1.0
200800070744,12,7,5,1,1,1.0,2.0,415,170,0,0,7,4.0,2.0,B01,1,1,1,1,0.0,1967,2008,2,2.0,2,1.0,1.0,0,0,1.0,1.0
200700034747,6,29,1,2,1,1.0,6.0,55,130,0,0,7,1.0,1.0,A01,1,1,1,1,5.0,1958,2007,4,0.0,0,1.0,2.0,0,60,1.0,1.0
201600010140,10,22,1,2,1,1.0,6.0,3,370,0,0,7,4.0,4.0,A01,0,3,1,2,5.0,1970,2016,6,0.0,0,1.0,1.0,0,0,1.0,0.0
200600062550,10,11,1,1,3,1.0,5.0,907,620,0,0,14,1.0,1.0,B01,1,1,1,1,4.0,1959,2006,2,2.0,2,1.0,1.0,29,114,1.0,1.0
201800047415,3,13,5,2,1,1.0,2.0,385,690,0,0,7,5.0,2.0,B01,1,1,1,2,5.0,1974,2018,4,1.0,2,2.0,2.0,0,35,1.0,1.0
200500080547,12,10,5,2,2,1.0,3.0,56,250,0,0,7,2.0,1.0,B01,1,1,1,1,5.0,1945,2005,4,1.0,1,1.0,1.0,0,0,1.0,1.0
201300049633,8,6,1,2,1,1.0,3.0,389,690,0,0,7,3.0,15.0,B01,1,1,1,1,5.0,1943,2013,4,2.0,3,1.0,1.0,0,78,1.0,1.0
200700002486,1,5,3,2,1,2.0,6.0,19,290,0,0,7,1.0,1.0,A01,0,3,1,2,9.0,2000,2007,9,3.0,4,1.0,1.0,0,0,2.0,1.0
200700083033,7,23,1,1,1,1.0,1.0,226,972,0,0,7,3.0,13.0,A01,1,1,1,1,5.0,1979,2007,3,2.0,2,1.0,2.0,0,60,1.0,1.0
201000029485,9,4,1,2,2,1.0,7.0,39,330,0,0,7,1.0,15.0,A01,1,1,1,1,0.0,1932,2010,4,2.0,2,1.0,1.0,0,0,1.0,0.0
201800005724,7,12,1,2,3,1.0,3.0,88,60,0,0,7,3.0,15.0,A01,1,1,1,1,0.0,1976,2018,4,2.0,2,1.0,1.0,0,0,1.0,3.0
201500047611,12,23,3,1,1,1.0,2.0,345,910,0,0,7,4.0,2.0,B01,1,1,1,1,0.0,1959,2015,1,3.0,6,3.0,1.0,10,35,1.0,1.0
200700076147,12,7,3,1,1,4.0,7.0,372,760,0,0,7,2.0,1.0,A01,1,1,1,1,0.0,1978,2007,1,1.0,2,1.0,1.0,10,70,7.0,1.0
200600041723,7,21,1,2,2,1.0,1.0,51,950,0,0,7,1.0,1.0,B01,1,1,1,1,0.0,1978,2006,2,2.0,2,1.0,1.0,0,80,1.0,1.0
201100055590,4,1,1,2,1,1.0,2.0,382,690,0,0,37,2.0,2.0,A01,1,1,1,1,4.0,1957,2011,4,1.0,3,1.0,1.0,164,131,1.0,1.0
200700036593,6,27,5,2,1,1.0,6.0,266,690,0,0,32,1.0,1.0,A01,1,1,1,1,5.0,1992,2007,4,2.0,3,1.0,1.0,0,77,1.0,1.0
200900021700,4,19,1,1,1,1.0,3.0,237,720,0,0,7,7.0,1.0,B02,2,2,1,2,0.0,1961,2009,1,1.0,2,2.0,1.0,25,75,1.0,1.0
200900037928,4,14,1,2,2,1.0,1.0,602,500,0,0,7,1.0,1.0,A01,1,1,1,2,3.0,1965,2009,4,2.0,2,1.0,2.0,0,83,1.0,1.0
200900006514,1,18,1,1,1,1.0,6.0,252,470,0,0,7,1.0,15.0,A01,2,2,1,1,0.0,1978,2009,3,2.0,2,1.0,2.0,0,68,2.0,0.0
201400031962,4,10,1,2,1,1.0,6.0,498,620,0,0,7,1.0,1.0,A01,1,1,1,2,2.0,1993,2014,4,1.0,1,1.0,1.0,0,36,1.0,1.0