num_acc,mois,jour,lum,agg,int,atm,col,com,dep,hr,mn,catv,choc,manv,num_veh,place,catu,grav,sexe,trajet,an_nais,annee,catr,circ,nbv,prof,plan,lartpc,larrout,surf,situ
201700039502,6,13,1,2,1,1.0,2.0,12,920,0,0,31,4.0,1.0,B01,1,1,1,1,3.0,1983,2017,3,1.0,1,1.0,1.0,0,0,1.0,1.0
200700043962,7,4,2,2,3,2.0,2.0,266,690,0,0,7,1.0,1.0,A01,1,1,1,1,5.0,1984,2007,4,2.0,4,1.0,1.0,0,74,2.0,1.0
200600074309,12,13,3,1,1,5.0,2.0,38,210,0,0,17,0.0,2.0,B02,1,1,1,1,4.0,1986,2006,2,2.0,2,1.0,3.0,0,0,2.0,1.0
201200036867,5,19,1,2,1,2.0,5.0,181,720,0,0,7,4.0,1.0,C01,1,1,1,1,0.0,1972,2012,4,2.0,2,1.0,1.0,0,0,2.0,1.0
200600004095,1,2,1,1,1,1.0,4.0,521,910,0,0,7,5.0,2.0,C01,2,2,1,2,0.0,1992,2006,2,3.0,6,1.0,0.0,15,210,0.0,0.0
201500029926,8,12,2,1,1,1.0,6.0,220,590,0,0,7,0.0,0.0,Z01,0,3,1,2,0.0,1962,2015,4,0.0,2,1.0,0.0,0,0,1.0,0.0
200500018523,4,28,1,2,1,1.0,6.0,104,60,0,0,5,3.0,1.0,A01,1,1,1,1,5.0,1978,2005,2,1.0,2,1.0,1.0,0,68,1.0,1.0
201700053772,5,30,1,2,2,1.0,6.0,108,750,0,0,7,1.0,1.0,A01,1,1,1,1,5.0,1998,2017,4,1.0,0,1.0,1.0,0,0,1.0,1.0
201500034302,1,12,1,2,1,1.0,6.0,362,780,0,0,7,1.0,1.0,A01,1,1,1,2,0.0,1989,2015,3,3.0,3,2.0,1.0,40,137,1.0,1.0
201700016769,3,31,3,1,1,3.0,1.0,166,350,0,0,7,3.0,9.0,A01,2,2,1,1,5.0,2002,2017,3,2.0,2,1.0,1.0,0,0,2.0,1.0
201600001096,4,11,1,1,1,1.0,4.0,171,290,0,0,7,4.0,1.0,B02,2,2,1,2,0.0,1944,2016,3,2.0,2,1.0,1.0,68,0,1.0,1.0
200600067080,11,2,1,2,1,1.0,3.0,172,340,0,0,7,8.0,1.0,A01,1,1,1,2,3.0,1929,2006,4,3.0,2,2.0,0.0,10,80,1.0,1.0
201600055518,6,29,1,2,1,1.0,2.0,117,750,0,0,34,0.0,1.0,B01,1,1,1,1,4.0,1972,2016,4,2.0,8,2.0,0.0,0,0,1.0,1.0
201400014579,4,30,1,2,1,1.0,2.0,55,130,0,0,7,2.0,2.0,A01,3,2,1,2,5.0,1968,2014,4,0.0,0,1.0,1.0,0,0,1.0,1.0
201700003768,9,1,1,2,6,1.0,3.0,97,130,0,0,7,8.0,9.0,A01,1,1,1,1,5.0,1951,2017,4,2.0,2,1.0,0.0,0,15,1.0,0.0
200900034732,8,30,1,1,1,1.0,1.0,132,730,0,0,10,2.0,1.0,B02,2,2,1,1,0.0,1983,2009,3,2.0,2,2.0,2.0,0,64,1.0,1.0
201000034662,5,21,1,2,1,1.0,4.0,99,490,0,0,7,1.0,1.0,B01,1,1,1,2,0.0,1963,2010,3,3.0,4,1.0,1.0,0,0,1.0,1.0
200500025434,5,4,5,2,1,1.0,6.0,273,310,0,0,7,7.0,2.0,A01,2,2,1,1,0.0,1988,2005,3,2.0,2,1.0,2.0,0,60,1.0,3.0
201100020448,7,27,5,2,1,1.0,7.0,55,130,0,0,32,7.0,1.0,A01,1,1,1,1,1.0,1974,2011,4,2.0,6,2.0,1.0,0,222,1.0,1.0
201800056582,3,6,5,1,1,1.0,2.0,101,971,18,30,1,1.0,14.0,B01,1,1,1,1,0.0,1986,2018,3,2.0,3,1.0,1.0,0,90,1.0,1.0
200700004362,1,22,1,2,3,1.0,3.0,8,750,0,0,7,7.0,1.0,A01,1,1,1,1,5.0,1981,2007,4,1.0,8,1.0,1.0,0,240,1.0,1.0
200700062480,10,15,1,2,4,1.0,3.0,55,130,0,0,30,8.0,7.0,B01,1,1,1,1,0.0,1988,2007,2,1.0,2,1.0,1.0,0,80,1.0,0.0
201000033327,3,5,1,2,1,1.0,6.0,162,440,0,0,7,2.0,1.0,A01,1,1,1,2,1.0,1987,2010,4,2.0,2,1.0,1.0,20,60,2.0,1.0
201200059232,9,14,1,2,1,1.0,7.0,120,750,0,0,1,0.0,1.0,A01,2,2,1,2,2.0,2004,2012,4,2.0,1,1.0,1.0,0,90,1.0,1.0
201500044250,11,27,1,2,2,1.0,3.0,257,950,0,0,7,8.0,1.0,B01,2,2,1,1,5.0,1999,2015,4,1.0,1,1.0,1.0,0,0,1.0,1.0
201100030842,9,4,1,2,1,1.0,6.0,183,420,0,0,7,2.0,15.0,A01,1,1,1,2,5.0,1987,2011,3,2.0,2,1.0,1.0,0,0,1.0,1.0
201100056995,7,27,1,1,1,1.0,6.0,283,690,0,0,7,7.0,17.0,B01,1,1,1,1,4.0,1980,2011,1,1.0,2,1.0,1.0,0,70,1.0,1.0
201700039384,11,5,1,2,7,1.0,6.0,7,920,0,0,10,4.0,20.0,A01,1,1,1,1,1.0,1970,2017,9,1.0,1,1.0,1.0,0,0,1.0,3.0
200700014894,3,21,1,2,1,2.0,7.0,563,380,0,0,7,3.0,9.0,A01,1,1,1,2,3.0,1978,2007,6,0.0,0,1.0,0.0,0,0,1.0,0.0
200800048413,9,22,1,1,1,1.0,7.0,391,570,0,0,7,3.0,1.0,A01,1,1,1,2,2.0,1990,2008,3,3.0,2,1.0,2.0,0,53,1.0,1.0
200700040235,7,21,1,1,1,1.0,7.0,59,260,0,0,39,0.0,1.0,A01,1,1,1,1,4.0,1973,2007,3,2.0,2,2.0,1.0,0,65,1.0,1.0
201400037358,6,8,1,2,1,1.0,3.0,194,860,0,0,1,3.0,19.0,A01,1,1,1,2,0.0,1991,2014,3,2.0,4,1.0,1.0,80,140,1.0,1.0
200800031929,6,25,1,1,1,1.0,3.0,415,170,0,0,7,1.0,1.0,B01,4,2,1,1,0.0,2001,2008,2,2.0,2,1.0,1.0,0,0,1.0,1.0
200500012394,3,22,1,1,1,2.0,1.0,173,440,0,0,9,2.0,13.0,A01,1,1,1,1,4.0,1952,2005,3,2.0,0,1.0,2.0,0,55,2.0,1.0
200900062330,11,25,1,2,1,1.0,6.0,526,540,0,0,7,7.0,2.0,A01,1,1,1,1,5.0,1935,2009,4,2.0,2,2.0,1.0,0,60,1.0,1.0
201000026643,2,28,1,2,1,1.0,3.0,70,280,0,0,7,8.0,10.0,A01,1,1,1,1,0.0,1990,2010,3,0.0,2,1.0,1.0,0,70,1.0,1.0
201700023731,11,15,2,2,6,2.0,3.0,19,290,0,0,33,7.0,1.0,B01,1,1,1,1,1.0,1963,2017,3,1.0,0,2.0,1.0,0,0,2.0,1.0
200700012384,3,24,1,1,1,2.0,3.0,584,310,0,0,7,2.0,19.0,B02,1,1,1,1,5.0,1964,2007,3,2.0,2,1.0,1.0,0,0,2.0,1.0
200500074992,11,15,5,2,1,2.0,6.0,19,750,0,0,4,1.0,1.0,A01,1,1,1,1,5.0,1965,2005,4,1.0,2,1.0,1.0,0,60,2.0,1.0
200500027878,5,2,1,2,2,1.0,3.0,200,170,0,0,7,8.0,1.0,B01,1,1,1,1,1.0,1949,2005,4,2.0,2,1.0,1.0,0,90,1.0,1.0
200800000376,1,26,5,1,1,1.0,1.0,42,740,0,0,7,3.0,1.0,B02,1,1,1,1,5.0,1968,2008,3,2.0,0,1.0,1.0,3,102,1.0,1.0
200500079294,12,21,3,1,1,1.0,1.0,448,770,0,0,7,3.0,15.0,B02,1,1,1,2,4.0,1964,2005,2,2.0,0,1.0,1.0,9,0,1.0,1.0
200700007688,2,3,1,2,1,1.0,6.0,88,60,0,0,7,8.0,17.0,B01,2,2,1,2,0.0,1976,2007,3,2.0,2,1.0,1.0,0,90,1.0,1.0
200500031513,5,15,1,2,1,1.0,7.0,44,940,0,0,7,9.0,6.0,A01,4,2,1,1,0.0,1988,2005,9,1.0,1,1.0,0.0,0,72,1.0,1.0
201100053813,6,23,1,1,1,1.0,5.0,351,950,0,0,7,9.0,2.0,C01,1,1,1,1,4.0,1968,2011,2,1.0,2,1.0,1.0,15,35,1.0,1.0
200500035783,6,11,1,2,1,1.0,2.0,402,760,0,0,7,4.0,2.0,B01,1,1,1,2,5.0,1963,2005,2,2.0,2,1.0,1.0,0,80,9.0,1.0
200700018852,4,8,1,2,1,1.0,5.0,236,330,0,0,7,3.0,23.0,C03,1,1,1,2,5.0,1963,2007,3,2.0,0,1.0,1.0,0,70,1.0,1.0
200900000429,1,24,2,2,5,1.0,3.0,112,750,0,0,7,1.0,1.0,A01,1,1,1,1,5.0,1939,2009,4,2.0,0,1.0,1.0,10,100,1.0,1.0
201100052073,5,11,1,2,6,1.0,7.0,582,950,0,0,2,8.0,1.0,A01,1,1,1,1,5.0,1993,2011,4,1.0,2,1.0,2.0,0,57,1.0,1.0
200700022553,4,27,1,2,8,1.0,2.0,440,650,0,0,7,4.0,2.0,B01,1,1,1,2,0.0,1981,2007,4,2.0,2,1.0,1.0,0,105,1.0,1.0
201300048362,4,13,5,2,3,1.0,6.0,386,690,0,0,33,1.0,2.0,A01,1,1,1,1,5.0,1988,2013,4,1.0,3,1.0,1.0,0,0,1.0,1.0
201500053229,8,27,5,2,7,3.0,5.0,113,750,0,0,7,3.0,1.0,C01,1,1,1,1,1.0,1982,2015,4,0.0,2,1.0,1.0,0,0,2.0,1.0
201200001458,2,7,5,2,1,8.0,6.0,47,140,0,0,7,1.0,1.0,A01,1,1,1,1,1.0,1962,2012,3,3.0,4,2.0,3.0,56,140,2.0,1.0
201700052878,1,30,1,2,2,2.0,3.0,102,750,0,0,31,0.0,1.0,B01,1,1,1,1,4.0,1988,2017,4,2.0,4,1.0,1.0,0,0,2.0,1.0
200900068554,6,19,1,1,1,1.0,3.0,51,930,0,0,7,3.0,1.0,B01,3,2,1,2,5.0,1974,2009,1,3.0,4,1.0,1.0,20,145,1.0,1.0
201400043785,12,4,1,2,3,1.0,3.0,75,940,0,0,7,7.0,1.0,A01,1,1,1,1,4.0,1966,2014,4,2.0,1,1.0,1.0,0,0,1.0,1.0
201700013747,12,2,1,1,1,8.0,3.0,271,180,0,0,33,3.0,13.0,A01,1,1,1,1,0.0,1969,2017,4,2.0,2,1.0,4.0,0,45,1.0,1.0
201200021989,8,10,1,1,1,1.0,4.0,278,220,0,0,14,1.0,2.0,E01,1,1,1,1,4.0,1973,2012,2,2.0,4,1.0,1.0,20,70,1.0,1.0
201700009019,2,2,5,2,1,2.0,3.0,55,130,0,0,7,3.0,1.0,B01,1,1,1,2,5.0,1997,2017,4,2.0,3,2.0,1.0,0,90,2.0,1.0
200500077200,11,17,3,1,1,2.0,2.0,589,910,0,0,17,4.0,1.0,A01,1,1,1,1,4.0,1962,2005,1,3.0,6,1.0,1.0,20,210,2.0,1.0
201900006119,2,7,1,2,9,1.0,6.0,6088,6,0,0,7,0.0,0.0,A01,10,3,1,2,0.0,1956,2019,4,1.0,2,1.0,1.0,0,0,1.0,1.0
201900055422,10,24,2,2,2,2.0,3.0,76351,76,0,0,7,7.0,15.0,A01,3,2,1,2,0.0,2014,2019,4,2.0,8,1.0,1.0,0,0,1.0,1.0
201000062899,8,2,1,2,1,1.0,6.0,112,750,0,0,30,4.0,12.0,A01,1,1,1,1,1.0,1978,2010,4,1.0,3,2.0,1.0,0,90,2.0,1.0
201200052062,8,22,1,1,1,1.0,2.0,498,570,0,0,14,6.0,2.0,B01,2,2,1,1,0.0,1986,2012,1,3.0,4,2.0,1.0,25,140,1.0,1.0
201300054454,12,12,5,2,1,1.0,3.0,116,750,0,0,1,8.0,19.0,B01,1,1,1,1,5.0,2001,2013,4,2.0,3,1.0,1.0,0,0,1.0,0.0
201200037707,6,15,1,2,1,8.0,7.0,320,770,0,0,32,0.0,2.0,A01,1,1,1,1,2.0,1997,2012,3,2.0,2,2.0,1.0,20,60,2.0,1.0
201100060603,9,8,1,2,4,1.0,3.0,112,750,0,0,32,7.0,1.0,B01,1,1,1,1,0.0,1962,2011,4,1.0,3,1.0,1.0,0,0,1.0,1.0
201800014604,12,29,1,1,1,1.0,3.0,41,150,0,0,7,1.0,1.0,A01,4,2,1,1,5.0,1990,2018,2,2.0,3,2.0,1.0,0,0,1.0,1.0
201300031096,9,24,1,1,1,1.0,4.0,764,620,0,0,33,8.0,2.0,A01,1,1,1,1,5.0,1961,2013,3,3.0,2,1.0,1.0,0,0,1.0,1.0
201500057479,4,15,3,1,1,1.0,4.0,213,972,0,0,7,1.0,2.0,A01,1,1,1,1,0.0,1992,2015,1,3.0,4,2.0,0.0,0,0,1.0,1.0
200500020999,4,19,1,2,1,1.0,3.0,6,750,0,0,5,2.0,1.0,B01,1,1,1,1,4.0,1965,2005,4,2.0,2,1.0,1.0,0,60,1.0,1.0
200800058597,10,7,1,2,1,2.0,4.0,98,560,0,0,7,1.0,1.0,A01,1,1,1,1,4.0,1972,2008,9,2.0,2,1.0,1.0,0,0,2.0,1.0
201300021350,5,28,3,1,1,1.0,2.0,287,760,0,0,14,5.0,2.0,B02,1,1,1,1,4.0,1992,2013,1,3.0,4,0.0,1.0,0,0,1.0,1.0
200500039172,6,4,1,2,1,1.0,1.0,139,80,0,0,7,2.0,19.0,A01,1,1,1,1,5.0,1969,2005,3,2.0,2,1.0,2.0,0,85,1.0,1.0
201600055090,8,23,5,2,7,1.0,3.0,116,750,0,0,38,2.0,16.0,B01,1,1,1,1,4.0,1950,2016,4,1.0,0,1.0,2.0,0,0,1.0,1.0
201700011555,10,17,1,1,1,7.0,2.0,445,880,0,0,7,4.0,2.0,B01,1,1,1,2,5.0,1945,2017,3,2.0,2,1.0,1.0,0,70,1.0,1.0
201600031650,7,5,1,2,1,1.0,5.0,129,640,0,0,7,1.0,2.0,A01,1,1,1,2,0.0,1979,2016,3,2.0,2,1.0,1.0,0,76,1.0,1.0
201300001968,6,12,1,1,2,1.0,3.0,2,490,0,0,7,8.0,19.0,A01,1,1,1,1,1.0,1989,2013,3,2.0,0,1.0,1.0,0,52,1.0,1.0
201400029593,11,25,5,2,3,1.0,1.0,547,540,0,0,7,3.0,15.0,B01,1,1,1,2,5.0,1959,2014,4,2.0,3,2.0,1.0,0,0,1.0,1.0
201000016876,7,28,5,2,1,1.0,1.0,88,60,0,0,7,1.0,1.0,B01,1,1,1,1,0.0,1983,2010,4,1.0,1,2.0,1.0,0,0,1.0,1.0
200600022472,4,4,1,2,2,1.0,3.0,27,930,0,0,7,1.0,15.0,A01,1,1,1,1,0.0,1953,2006,2,2.0,2,1.0,1.0,0,0,1.0,1.0
201000026035,8,24,5,2,2,1.0,3.0,56,250,0,0,7,8.0,1.0,B01,1,1,1,1,5.0,1983,2010,3,2.0,2,2.0,1.0,0,70,1.0,1.0
201500048514,4,18,4,2,1,1.0,6.0,259,690,0,0,7,6.0,23.0,B01,3,2,1,1,0.0,2007,2015,3,1.0,2,1.0,1.0,0,57,1.0,5.0
201700056117,5,7,1,2,1,1.0,3.0,116,750,0,0,1,7.0,17.0,B01,1,1,1,1,1.0,1985,2017,4,2.0,3,1.0,1.0,0,0,2.0,1.0
201700052695,12,24,3,1,1,1.0,5.0,26,130,0,0,7,1.0,2.0,E01,1,1,1,2,1.0,1978,2017,1,1.0,2,1.0,1.0,25,70,1.0,1.0
200900050197,12,5,5,2,1,2.0,1.0,181,720,0,0,7,3.0,1.0,B01,1,1,1,1,0.0,1984,2009,3,2.0,2,2.0,1.0,0,0,2.0,1.0
201600023137,9,30,5,2,1,1.0,6.0,555,310,0,0,2,1.0,1.0,A01,1,1,1,1,4.0,1996,2016,4,1.0,0,0.0,0.0,0,0,0.0,1.0
201200025504,10,11,1,2,1,1.0,3.0,318,330,0,0,7,2.0,1.0,B01,1,1,1,2,1.0,1990,2012,4,2.0,2,1.0,3.0,0,0,1.0,1.0
201000038959,4,29,5,2,1,1.0,6.0,113,630,0,0,7,1.0,14.0,A01,1,1,1,1,0.0,1986,2010,3,3.0,4,1.0,1.0,30,140,1.0,4.0
200600064905,10,14,5,2,1,1.0,7.0,2,940,0,0,37,1.0,1.0,A01,1,1,1,1,4.0,1966,2006,4,1.0,1,1.0,0.0,0,59,1.0,1.0
201400037587,4,26,5,2,1,2.0,1.0,85,870,0,0,7,3.0,1.0,B01,3,2,1,1,5.0,1988,2014,4,2.0,2,2.0,3.0,0,60,2.0,1.0
201200010717,9,20,1,2,1,1.0,6.0,29,60,0,0,7,4.0,0.0,B01,1,1,1,1,0.0,1992,2012,4,1.0,1,1.0,1.0,0,100,0.0,1.0
201100001276,2,19,1,1,1,2.0,7.0,44,270,0,0,7,1.0,1.0,A01,3,2,1,2,0.0,1989,2011,3,2.0,2,2.0,2.0,0,0,2.0,3.0
201500039943,9,23,1,2,1,1.0,6.0,7,930,0,0,3,1.0,2.0,A01,1,1,1,1,1.0,1987,2015,3,2.0,2,1.0,1.0,0,0,2.0,1.0
200700072140,11,8,1,2,5,1.0,3.0,108,750,0,0,33,8.0,12.0,B01,1,1,1,1,1.0,1982,2007,3,1.0,4,1.0,1.0,0,384,0.0,1.0
201200040144,8,20,1,2,1,1.0,6.0,85,870,0,0,2,4.0,2.0,A01,1,1,1,1,5.0,1990,2012,4,2.0,2,1.0,3.0,0,60,1.0,1.0
200600066716,11,18,1,2,1,1.0,6.0,19,290,0,0,7,1.0,1.0,B01,1,1,1,1,5.0,1968,2006,9,2.0,2,1.0,1.0,0,0,1.0,1.0
201600049814,8,12,1,1,1,1.0,4.0,318,330,0,0,7,4.0,2.0,B01,1,1,1,1,9.0,1937,2016,1,3.0,4,1.0,1.0,15,140,1.0,1.0
201200036086,10,12,1,2,2,8.0,3.0,34,690,0,0,10,3.0,1.0,B01,1,1,1,1,4.0,1965,2012,4,4.0,4,1.0,1.0,0,75,1.0,1.0
200800061175,10,15,1,1,1,2.0,7.0,350,590,0,0,7,0.0,14.0,A01,1,1,1,1,0.0,1989,2008,3,3.0,6,0.0,0.0,20,105,2.0,1.0
201900009855,2,4,3,1,1,1.0,2.0,30344,30,0,0,7,1.0,2.0,B01,1,1,1,2,1.0,1994,2019,3,2.0,2,1.0,1.0,0,0,1.0,1.0
200500004459,1,26,1,2,5,1.0,3.0,91,690,0,0,7,0.0,18.0,A01,1,1,1,2,5.0,1967,2005,3,3.0,2,1.0,2.0,800,830,1.0,1.0
201300013969,4,11,1,2,1,1.0,6.0,55,130,0,0,7,7.0,16.0,B01,1,1,1,1,0.0,1956,2013,3,2.0,2,1.0,1.0,0,60,1.0,1.0
200500078189,12,19,1,1,1,1.0,2.0,126,240,0,0,7,1.0,16.0,B02,1,1,1,2,5.0,1954,2005,2,2.0,2,1.0,2.0,0,75,1.0,1.0
201700041137,1,21,5,2,1,1.0,6.0,77,920,0,0,7,6.0,9.0,A01,1,1,1,1,9.0,1971,2017,3,2.0,2,1.0,1.0,0,73,1.0,1.0
201500044808,8,29,1,1,1,1.0,2.0,33,940,0,0,7,1.0,2.0,A01,1,1,1,1,5.0,1985,2015,1,3.0,3,1.0,1.0,0,0,1.0,1.0
201600058775,8,19,1,2,6,1.0,3.0,302,973,0,0,7,3.0,1.0,A01,1,1,1,2,0.0,1958,2016,4,1.0,2,1.0,0.0,0,120,1.0,1.0
201500055983,9,27,1,2,1,1.0,6.0,119,750,0,0,7,1.0,1.0,A01,0,3,1,1,0.0,2004,2015,4,2.0,2,2.0,1.0,0,58,1.0,1.0
200900062239,4,15,1,1,1,1.0,6.0,512,590,0,0,7,0.0,1.0,A01,1,1,1,1,0.0,1935,2009,4,3.0,3,1.0,1.0,0,0,1.0,1.0
201500046569,7,28,1,1,1,2.0,6.0,640,780,0,0,7,3.0,0.0,B01,1,1,1,1,1.0,1989,2015,1,0.0,3,1.0,1.0,15,35,1.0,1.0
200600073222,12,23,1,1,9,2.0,2.0,403,600,0,0,7,1.0,2.0,A01,2,2,1,2,0.0,1946,2006,3,2.0,2,1.0,1.0,0,50,1.0,1.0
201400056621,12,19,2,2,1,2.0,2.0,118,750,0,0,37,0.0,2.0,A01,1,1,1,1,4.0,1975,2014,4,1.0,2,1.0,1.0,0,0,2.0,1.0
201600029687,12,7,1,1,1,1.0,6.0,672,570,0,0,7,1.0,16.0,A01,0,3,1,2,5.0,1950,2016,3,3.0,4,1.0,3.0,60,98,1.0,1.0
201500033978,4,18,2,2,1,1.0,6.0,285,770,0,0,7,1.0,1.0,A01,1,1,1,1,5.0,1997,2015,3,2.0,0,2.0,2.0,0,57,1.0,1.0
200600078966,12,7,1,2,1,1.0,3.0,10,900,0,0,7,1.0,9.0,A01,1,1,1,2,4.0,1947,2006,4,2.0,2,1.0,1.0,0,0,1.0,1.0
201600029378,12,7,2,2,6,5.0,3.0,121,560,0,0,1,8.0,0.0,B01,1,1,1,2,2.0,2004,2016,4,2.0,2,1.0,1.0,0,0,2.0,1.0
201800034039,8,6,1,2,1,1.0,7.0,540,760,0,0,7,9.0,1.0,A01,1,1,1,1,5.0,1988,2018,3,2.0,2,2.0,3.0,0,0,1.0,3.0
200700020487,4,21,1,2,1,1.0,7.0,69,60,0,0,30,1.0,14.0,A01,2,2,1,2,0.0,1991,2007,3,2.0,2,2.0,1.0,0,0,1.0,1.0
200800010856,2,9,1,2,1,1.0,3.0,111,750,0,0,2,1.0,1.0,B01,1,1,1,1,0.0,1989,2008,4,3.0,2,1.0,1.0,20,60,1.0,0.0
201100008910,12,17,3,1,1,6.0,1.0,433,570,0,0,7,1.0,1.0,B02,3,2,1,1,0.0,1987,2011,3,3.0,4,0.0,1.0,10,100,2.0,1.0
201300004084,6,22,1,1,1,1.0,1.0,203,810,0,0,7,1.0,1.0,B02,1,1,1,1,5.0,1955,2013,3,2.0,2,1.0,3.0,0,64,1.0,1.0
201100025273,10,20,3,1,1,1.0,4.0,404,280,0,0,10,9.0,2.0,B01,1,1,1,1,1.0,1964,2011,2,0.0,2,1.0,1.0,0,0,2.0,1.0
201700056942,5,2,1,2,2,1.0,3.0,118,750,0,0,1,1.0,1.0,B01,1,1,1,1,0.0,1977,2017,4,1.0,0,1.0,1.0,0,0,1.0,1.0
200900066454,6,6,2,2,2,2.0,3.0,650,780,0,0,14,3.0,15.0,B01,3,2,1,1,4.0,1984,2009,3,3.0,4,1.0,1.0,16,120,2.0,1.0
200800021131,4,30,1,2,2,1.0,6.0,44,920,0,0,7,3.0,13.0,A01,0,3,1,2,1.0,1986,2008,4,1.0,1,1.0,1.0,0,0,1.0,1.0
201200051802,5,25,1,1,1,1.0,6.0,550,330,0,0,33,8.0,3.0,B01,1,1,1,2,1.0,1976,2012,1,3.0,4,1.0,1.0,15,140,1.0,1.0
201200040389,5,10,1,2,1,1.0,2.0,387,890,0,0,33,1.0,0.0,A01,1,1,1,1,1.0,1965,2012,4,2.0,4,1.0,1.0,0,72,1.0,1.0
200700041830,7,10,1,2,1,1.0,3.0,88,60,0,0,7,3.0,11.0,B01,1,1,1,1,5.0,1952,2007,4,1.0,5,1.0,1.0,0,116,0.0,1.0
201200037096,11,22,2,2,2,3.0,1.0,217,760,0,0,33,1.0,2.0,A01,1,1,1,1,5.0,1962,2012,3,2.0,2,1.0,1.0,0,110,2.0,1.0
201200026497,1,4,1,2,6,1.0,3.0,238,350,0,0,7,7.0,1.0,B01,1,1,1,2,5.0,1961,2012,4,2.0,2,1.0,1.0,0,0,1.0,1.0
201000027540,9,10,1,1,1,1.0,4.0,28,300,0,0,7,4.0,2.0,B01,1,1,1,1,5.0,1955,2010,2,2.0,2,4.0,1.0,0,68,1.0,1.0
201800019536,11,6,1,2,1,2.0,6.0,102,160,0,0,33,1.0,1.0,A01,0,3,1,2,1.0,1966,2018,3,2.0,2,1.0,1.0,0,81,2.0,1.0
201100009020,8,12,1,1,1,1.0,5.0,641,570,0,0,15,0.0,2.0,C03,1,1,1,1,4.0,1956,2011,3,2.0,2,0.0,3.0,70,0,2.0,0.0
200800043453,8,29,1,2,1,1.0,6.0,54,940,0,0,7,3.0,1.0,A01,1,1,1,2,3.0,1988,2008,4,1.0,1,2.0,1.0,0,42,1.0,1.0
201500007624,8,1,1,1,1,1.0,5.0,1,40,0,0,7,8.0,0.0,B02,1,1,1,1,5.0,1947,2015,2,2.0,2,0.0,1.0,70,0,1.0,1.0
201500035249,4,14,1,2,6,1.0,3.0,137,830,0,0,13,8.0,15.0,B01,1,1,1,1,0.0,1982,2015,3,2.0,2,1.0,1.0,0,80,1.0,1.0
200900037083,9,13,3,1,1,1.0,2.0,268,290,0,0,7,2.0,2.0,A01,8,2,1,1,0.0,1992,2009,2,1.0,2,1.0,1.0,0,76,1.0,1.0
200700051231,8,2,1,2,1,1.0,4.0,27,930,0,0,7,5.0,0.0,A01,1,1,1,1,0.0,1961,2007,3,1.0,1,1.0,1.0,0,0,1.0,0.0
200600038943,7,8,2,2,2,1.0,2.0,55,440,0,0,7,4.0,2.0,B01,1,1,1,2,5.0,1987,2006,4,2.0,2,1.0,1.0,0,60,1.0,1.0
200500076780,11,23,1,2,1,1.0,4.0,28,940,0,0,7,1.0,2.0,A01,1,1,1,1,0.0,1975,2005,2,3.0,4,0.0,0.0,0,120,0.0,1.0
200500016159,3,23,1,2,1,1.0,2.0,256,690,0,0,18,4.0,23.0,B01,1,1,1,1,4.0,1956,2005,4,2.0,2,1.0,1.0,0,68,1.0,1.0
201600045229,12,16,1,1,1,1.0,3.0,17,940,0,0,14,2.0,12.0,A01,1,1,1,1,4.0,1957,2016,1,3.0,4,1.0,1.0,0,0,0.0,1.0
201700022273,7,6,1,1,2,2.0,3.0,309,590,0,0,7,3.0,1.0,B01,2,2,1,2,5.0,1963,2017,3,0.0,0,0.0,0.0,0,0,0.0,0.0
201600003448,7,10,1,1,2,1.0,3.0,232,170,0,0,7,8.0,1.0,A01,2,2,1,1,5.0,2003,2016,3,2.0,2,1.0,2.0,0,59,9.0,1.0
201000067107,9,23,1,2,1,1.0,4.0,112,750,0,0,7,4.0,1.0,C01,1,1,1,1,4.0,1968,2010,4,1.0,4,1.0,1.0,15,140,1.0,1.0
200500039247,6,29,1,1,4,1.0,3.0,603,210,0,0,7,7.0,1.0,A01,1,1,1,1,5.0,1984,2005,3,2.0,2,2.0,2.0,0,80,1.0,1.0
201300020196,1,28,2,2,1,2.0,2.0,31,190,0,0,2,1.0,1.0,A01,1,1,1,1,2.0,1997,2013,4,2.0,2,1.0,1.0,0,0,2.0,1.0
201500017977,3,2,1,1,1,2.0,5.0,374,680,0,0,10,1.0,1.0,C03,1,1,1,1,4.0,1992,2015,3,2.0,2,1.0,1.0,0,68,2.0,1.0
201500047514,11,11,1,1,1,1.0,7.0,43,940,0,0,33,8.0,1.0,A01,1,1,1,1,5.0,1983,2015,1,3.0,4,1.0,1.0,15,140,1.0,1.0
200500065858,10,13,1,2,2,1.0,3.0,189,300,0,0,7,2.0,23.0,B01,1,1,1,2,9.0,1966,2005,4,2.0,2,1.0,1.0,0,0,1.0,1.0
201900057413,7,9,1,1,1,1.0,5.0,92025,92,0,0,33,3.0,3.0,B01,1,1,1,1,5.0,1978,2019,1,1.0,4,1.0,1.0,0,0,1.0,1.0
200600073339,12,2,2,2,6,8.0,3.0,360,350,0,0,7,8.0,9.0,A01,1,1,1,1,5.0,1939,2006,9,0.0,1,0.0,2.0,0,0,2.0,1.0
201200057199,7,2,1,2,1,1.0,2.0,115,750,0,0,7,4.0,23.0,B01,1,1,1,2,5.0,1943,2012,4,2.0,2,1.0,1.0,0,85,1.0,1.0
201000028013,2,24,1,2,1,1.0,1.0,555,310,0,0,7,3.0,1.0,B01,1,1,1,2,5.0,1961,2010,4,2.0,2,1.0,1.0,0,70,1.0,1.0