num_acc,mois,jour,lum,agg,int,atm,col,com,dep,hr,mn,catv,choc,manv,num_veh,place,catu,grav,sexe,trajet,an_nais,annee,catr,circ,nbv,prof,plan,lartpc,larrout,surf,situ
200600027966,5,10,1,2,2,1.0,6.0,12,750,0,0,7,1.0,1.0,A01,1,1,1,2,4.0,1973,2006,4,2.0,2,1.0,1.0,0,60,1.0,1.0
200800016266,3,2,1,1,2,1.0,3.0,250,740,0,0,7,8.0,1.0,B02,1,1,1,1,5.0,1944,2008,3,2.0,2,1.0,1.0,0,65,1.0,1.0
200500079936,12,27,1,2,1,1.0,3.0,88,60,0,0,2,8.0,2.0,B01,1,1,1,1,1.0,1961,2005,4,3.0,3,1.0,1.0,30,30,1.0,1.0
201300017430,11,5,3,2,1,8.0,6.0,95,450,0,0,7,7.0,1.0,A01,1,1,1,1,5.0,1990,2013,3,2.0,2,1.0,1.0,0,64,2.0,1.0
200700083191,7,1,5,2,1,1.0,3.0,302,973,0,0,2,0.0,0.0,A01,2,2,1,2,0.0,1979,2007,4,2.0,2,1.0,1.0,0,0,2.0,0.0
201100037190,3,8,1,2,1,1.0,4.0,113,630,0,0,7,4.0,23.0,C01,1,1,1,2,4.0,1976,2011,4,1.0,3,2.0,1.0,0,100,1.0,1.0
200600020780,4,24,1,1,2,1.0,7.0,570,620,0,0,7,0.0,9.0,A01,1,1,1,2,0.0,1986,2006,3,2.0,2,1.0,1.0,0,0,1.0,0.0
201800000233,3,31,1,1,1,1.0,5.0,16,800,0,0,7,3.0,1.0,C01,1,1,1,1,3.0,1957,2018,3,2.0,2,3.0,1.0,0,0,1.0,1.0
201600013844,1,6,2,2,1,1.0,3.0,55,130,0,0,7,3.0,15.0,A01,1,1,1,1,5.0,1952,2016,4,2.0,2,1.0,1.0,0,120,1.0,1.0
200700080290,12,17,1,1,1,1.0,4.0,174,910,0,0,17,0.0,0.0,A01,1,1,1,1,9.0,1951,2007,2,3.0,4,1.0,1.0,10,140,1.0,1.0
200800057815,10,18,2,2,1,1.0,3.0,555,310,0,0,7,7.0,0.0,A01,2,2,1,1,0.0,1942,2008,4,2.0,2,1.0,1.0,0,60,1.0,1.0
201100050918,10,25,1,2,2,1.0,3.0,76,940,0,0,10,7.0,1.0,A01,1,1,1,1,4.0,1987,2011,3,2.0,2,1.0,1.0,0,0,1.0,1.0
201900052013,9,24,1,2,1,1.0,6.0,30189,30,0,0,7,3.0,1.0,C01,1,1,1,1,4.0,1971,2019,4,3.0,5,1.0,1.0,0,0,1.0,1.0
201700043187,7,31,1,2,1,1.0,6.0,66,930,0,0,40,2.0,1.0,A01,1,1,1,1,4.0,1968,2017,9,2.0,0,1.0,1.0,0,0,1.0,1.0
201300035915,3,4,1,2,1,1.0,6.0,21,800,0,0,7,0.0,1.0,A01,1,1,1,1,0.0,1987,2013,4,2.0,2,1.0,1.0,0,0,1.0,1.0
201800028105,9,14,1,2,1,8.0,6.0,454,510,0,0,7,1.0,1.0,A01,1,1,1,1,0.0,1950,2018,4,2.0,3,1.0,1.0,0,0,1.0,3.0
200600008496,2,24,5,2,1,4.0,3.0,270,420,0,0,7,3.0,13.0,A01,1,1,1,1,5.0,1984,2006,4,2.0,0,1.0,4.0,0,60,2.0,1.0
200700023771,4,6,1,2,1,1.0,4.0,7,840,0,0,7,4.0,23.0,C01,2,2,1,2,0.0,1959,2007,2,2.0,4,1.0,1.0,0,130,1.0,0.0
201700032054,6,17,1,2,1,1.0,6.0,599,590,0,0,7,1.0,1.0,A01,0,3,1,2,0.0,1992,2017,3,2.0,2,1.0,1.0,0,0,1.0,1.0
201600036596,6,10,1,1,1,1.0,5.0,114,910,0,0,33,1.0,1.0,A01,1,1,1,1,9.0,1975,2016,2,3.0,4,1.0,1.0,0,70,1.0,1.0
201500041086,10,29,5,2,3,1.0,3.0,53,930,0,0,7,3.0,15.0,A01,1,1,1,2,0.0,1962,2015,4,2.0,1,1.0,2.0,0,0,1.0,1.0
201600045970,7,11,1,1,1,1.0,4.0,18,950,0,0,7,4.0,2.0,B01,1,1,1,1,5.0,1980,2016,1,3.0,8,1.0,1.0,0,0,1.0,1.0
201500036347,7,20,1,2,2,1.0,5.0,10,900,0,0,7,1.0,1.0,B01,1,1,1,1,9.0,1923,2015,4,0.0,2,1.0,1.0,0,60,1.0,0.0
201400016363,4,11,2,2,9,1.0,7.0,108,130,0,0,33,1.0,1.0,A01,1,1,1,1,5.0,1976,2014,4,2.0,0,1.0,1.0,0,70,1.0,1.0
201600025189,6,18,2,2,1,1.0,7.0,51,350,0,0,33,8.0,1.0,A01,1,1,1,1,0.0,1968,2016,4,2.0,2,1.0,2.0,0,0,1.0,1.0
201900051908,8,20,1,2,6,3.0,6.0,74010,74,0,0,7,1.0,16.0,A01,10,3,1,2,5.0,1996,2019,9,2.0,2,1.0,1.0,0,0,2.0,1.0
201500037230,7,1,1,1,2,1.0,3.0,432,910,0,0,2,7.0,1.0,B01,1,1,1,1,4.0,1976,2015,4,2.0,2,1.0,1.0,0,0,1.0,1.0
201300040231,5,21,1,2,1,1.0,6.0,63,920,0,0,7,2.0,1.0,A01,0,3,1,2,2.0,2003,2013,3,2.0,2,1.0,1.0,0,60,1.0,1.0
201600037454,4,26,1,2,1,1.0,3.0,12,920,0,0,30,5.0,15.0,A01,1,1,1,1,5.0,1984,2016,2,2.0,0,1.0,1.0,0,0,1.0,1.0
201800057356,9,4,1,2,4,1.0,3.0,411,974,11,30,7,2.0,1.0,B01,1,1,1,1,1.0,1959,2018,4,2.0,3,1.0,3.0,0,0,1.0,3.0
201100013613,1,14,3,1,1,3.0,5.0,252,770,0,0,10,3.0,14.0,B02,4,2,1,1,5.0,2003,2011,3,2.0,0,1.0,1.0,0,75,2.0,1.0
200600023218,3,2,1,2,3,1.0,6.0,109,440,0,0,7,1.0,1.0,A01,0,3,1,1,1.0,1977,2006,4,2.0,2,1.0,1.0,0,0,1.0,1.0
201100001853,8,15,1,2,6,1.0,6.0,282,220,0,0,7,1.0,1.0,A01,1,1,1,1,5.0,1956,2011,3,2.0,2,1.0,2.0,0,0,1.0,1.0
201800050914,7,31,1,2,3,1.0,3.0,107,750,17,30,30,1.0,1.0,B01,1,1,1,1,0.0,1991,2018,4,1.0,2,1.0,1.0,0,0,1.0,1.0
201700021328,11,15,5,2,1,1.0,2.0,306,170,0,0,7,1.0,2.0,A01,1,1,1,2,9.0,1995,2017,4,2.0,2,1.0,1.0,0,104,1.0,1.0
201600004366,3,11,1,1,1,1.0,1.0,233,690,0,0,7,3.0,1.0,B02,1,1,1,1,9.0,1995,2016,3,2.0,0,1.0,1.0,0,0,1.0,1.0
200600011900,3,24,1,2,1,1.0,2.0,56,250,0,0,7,1.0,1.0,A01,1,1,1,1,4.0,1977,2006,4,2.0,4,1.0,1.0,0,90,1.0,1.0
200500059206,9,30,1,2,1,1.0,6.0,193,620,0,0,7,2.0,1.0,B01,1,1,1,1,5.0,1986,2005,4,2.0,2,1.0,1.0,0,70,1.0,1.0
200500038602,6,26,2,1,1,1.0,3.0,86,690,0,0,7,3.0,14.0,B02,1,1,1,1,5.0,1971,2005,2,3.0,3,2.0,1.0,10,75,1.0,1.0
201600046264,10,15,1,1,1,1.0,2.0,176,950,0,0,7,4.0,2.0,B01,1,1,1,1,3.0,1978,2016,1,3.0,6,1.0,1.0,0,0,1.0,1.0
200600035694,6,29,1,2,1,1.0,3.0,18,750,0,0,5,3.0,7.0,A01,1,1,1,1,4.0,1960,2006,4,2.0,4,1.0,1.0,0,120,1.0,1.0
201100033065,5,27,1,2,2,1.0,7.0,416,500,0,0,7,1.0,15.0,A01,1,1,1,2,1.0,1969,2011,3,2.0,3,1.0,1.0,0,0,1.0,1.0
201500042445,7,17,1,2,1,1.0,6.0,28,940,0,0,7,1.0,1.0,A01,1,1,1,1,0.0,1980,2015,4,0.0,2,0.0,0.0,0,60,0.0,0.0
201200024284,6,25,1,2,1,1.0,6.0,555,310,0,0,7,3.0,1.0,A01,1,1,1,1,5.0,1985,2012,4,2.0,2,1.0,1.0,0,95,1.0,1.0
201700055998,2,11,2,2,5,1.0,3.0,116,750,0,0,7,7.0,16.0,A01,1,1,1,2,0.0,1967,2017,4,2.0,1,1.0,1.0,0,0,2.0,1.0
201500022471,1,24,1,2,1,1.0,7.0,69,310,0,0,7,1.0,0.0,A01,2,2,1,2,0.0,1995,2015,3,3.0,0,1.0,1.0,0,0,1.0,1.0
201700026576,5,14,3,1,1,8.0,2.0,353,350,0,0,7,4.0,1.0,B01,1,1,1,1,5.0,1972,2017,2,3.0,4,1.0,1.0,0,0,2.0,1.0
200700055872,9,9,1,2,1,1.0,2.0,63,330,0,0,7,1.0,1.0,A01,1,1,1,2,0.0,1967,2007,4,3.0,4,1.0,1.0,22,179,1.0,1.0
201300020740,6,11,1,2,6,1.0,6.0,322,240,0,0,7,1.0,1.0,A01,0,3,1,2,1.0,1956,2013,3,1.0,2,1.0,1.0,300,100,1.0,1.0
200600065019,10,18,1,2,1,2.0,3.0,73,940,0,0,7,1.0,1.0,B01,1,1,1,1,0.0,1973,2006,4,2.0,0,1.0,1.0,0,0,2.0,1.0
201500026492,11,28,1,2,1,1.0,4.0,218,420,0,0,7,1.0,1.0,A01,1,1,1,1,3.0,1982,2015,4,2.0,1,1.0,1.0,0,0,1.0,1.0
200500012071,2,26,5,1,1,1.0,2.0,290,690,0,0,7,4.0,24.0,B01,1,1,1,2,5.0,1983,2005,1,3.0,3,1.0,1.0,20,116,1.0,3.0
201200049411,6,7,1,1,1,1.0,2.0,351,950,0,0,7,4.0,2.0,A01,1,1,1,1,4.0,1974,2012,2,3.0,2,1.0,1.0,15,70,1.0,1.0
201700001520,4,8,1,1,3,1.0,5.0,219,170,0,0,33,7.0,1.0,A01,1,1,1,1,5.0,1968,2017,3,2.0,2,1.0,0.0,10,10,1.0,0.0
200500059282,9,30,1,2,1,1.0,3.0,113,630,0,0,7,2.0,15.0,A01,2,2,1,2,0.0,1934,2005,4,1.0,1,1.0,1.0,0,70,1.0,1.0
201100025792,7,12,1,1,1,1.0,6.0,232,290,0,0,7,1.0,1.0,A01,1,1,1,2,0.0,1991,2011,3,3.0,4,1.0,0.0,0,0,0.0,0.0
201300027778,6,26,1,2,1,1.0,2.0,7,490,0,0,7,4.0,1.0,B01,4,2,1,2,5.0,2005,2013,4,3.0,2,1.0,1.0,0,80,1.0,1.0
201200047780,4,5,1,2,1,1.0,3.0,81,940,0,0,32,7.0,2.0,A01,1,1,1,1,0.0,1990,2012,4,2.0,4,2.0,1.0,180,137,1.0,1.0
200500028547,5,22,1,2,1,1.0,6.0,122,370,0,0,7,1.0,1.0,A01,2,2,1,2,0.0,1953,2005,9,2.0,2,1.0,1.0,0,49,1.0,1.0
201000015500,9,3,5,2,1,1.0,6.0,123,60,0,0,31,0.0,1.0,A01,0,3,1,1,1.0,1981,2010,4,2.0,2,0.0,1.0,0,0,1.0,1.0
201500055923,8,1,1,2,1,1.0,1.0,112,750,0,0,7,2.0,5.0,A01,1,1,1,2,0.0,1948,2015,4,2.0,5,0.0,0.0,0,191,0.0,1.0
200700071013,11,3,5,2,6,1.0,2.0,13,930,0,0,7,1.0,1.0,A01,4,2,1,2,0.0,1952,2007,3,1.0,1,1.0,3.0,0,30,1.0,1.0
201700027387,9,14,1,2,1,1.0,6.0,261,370,0,0,10,4.0,20.0,A01,1,1,1,1,4.0,1975,2017,4,2.0,1,1.0,1.0,0,0,1.0,1.0
201600055433,4,15,1,2,7,1.0,6.0,117,750,0,0,7,1.0,13.0,A01,1,1,1,1,4.0,1982,2016,4,2.0,2,1.0,1.0,0,0,1.0,0.0
200800056391,10,29,1,1,1,2.0,7.0,188,202,0,0,7,9.0,1.0,A01,1,1,1,2,4.0,1988,2008,3,2.0,2,2.0,3.0,0,51,2.0,3.0
201000048208,7,24,1,2,3,1.0,3.0,23,920,0,0,32,1.0,17.0,B01,1,1,1,1,5.0,1992,2010,4,2.0,2,1.0,1.0,0,80,1.0,1.0
201700047824,9,1,1,1,1,1.0,4.0,212,950,0,0,7,4.0,23.0,B01,1,1,1,1,1.0,1969,2017,1,3.0,6,1.0,1.0,0,0,1.0,1.0
200500018359,1,16,5,2,1,1.0,6.0,80,940,0,0,7,0.0,1.0,A01,0,3,1,2,9.0,1934,2005,3,2.0,2,1.0,0.0,0,93,1.0,1.0
200700004456,1,30,1,2,1,1.0,6.0,6,750,0,0,7,3.0,21.0,A01,1,1,1,2,5.0,1946,2007,4,2.0,3,1.0,1.0,0,90,1.0,1.0
201600020873,4,28,1,2,1,1.0,4.0,278,220,0,0,7,4.0,0.0,C01,1,1,1,2,0.0,1942,2016,4,2.0,2,1.0,1.0,0,50,1.0,1.0
200900010863,3,5,1,2,1,2.0,2.0,227,570,0,0,7,4.0,23.0,B01,1,1,1,1,1.0,1988,2009,4,2.0,3,2.0,1.0,0,106,2.0,1.0
201100064701,7,5,1,2,1,1.0,3.0,120,750,0,0,10,7.0,12.0,A01,1,1,1,1,4.0,1965,2011,4,1.0,4,1.0,1.0,15,140,1.0,1.0
201600029734,4,30,5,2,1,2.0,6.0,194,580,0,0,7,1.0,1.0,A01,1,1,1,1,5.0,1947,2016,4,2.0,2,1.0,1.0,0,0,2.0,1.0
200500001075,1,3,2,2,9,9.0,6.0,152,540,0,0,7,1.0,2.0,C03,1,2,1,1,0.0,1992,2005,4,2.0,0,1.0,1.0,0,60,7.0,1.0
201100044772,2,10,2,2,1,1.0,2.0,201,910,0,0,7,4.0,23.0,B01,2,2,1,1,4.0,1976,2011,2,2.0,2,1.0,1.0,0,0,1.0,1.0
201400055509,4,10,1,2,7,1.0,3.0,116,750,0,0,10,5.0,16.0,A01,1,1,1,1,4.0,1967,2014,4,2.0,2,1.0,1.0,0,0,1.0,1.0
201800006987,8,10,5,1,3,1.0,3.0,122,330,0,0,7,3.0,15.0,A01,1,1,1,1,1.0,1956,2018,1,1.0,1,0.0,1.0,0,0,0.0,0.0
201700049845,9,20,1,1,3,1.0,3.0,33,202,0,0,7,8.0,15.0,A01,1,1,1,2,5.0,1968,2017,3,2.0,2,2.0,1.0,5,140,1.0,1.0
201600046157,9,18,5,1,1,1.0,2.0,66,930,0,0,7,4.0,2.0,B01,1,1,1,2,0.0,1970,2016,1,1.0,2,2.0,2.0,15,25,1.0,1.0
201200038430,2,16,5,2,2,1.0,4.0,498,780,0,0,7,1.0,2.0,A01,2,2,1,1,4.0,1955,2012,3,2.0,2,4.0,1.0,0,62,1.0,1.0
201800026995,11,17,3,1,1,1.0,5.0,284,450,0,0,7,4.0,1.0,A01,1,1,1,2,5.0,1979,2018,3,3.0,4,1.0,1.0,0,0,1.0,1.0
201800043938,4,20,1,1,1,1.0,2.0,17,940,0,0,7,6.0,1.0,A01,1,1,1,1,0.0,1964,2018,1,3.0,4,1.0,1.0,0,0,1.0,1.0
200900064929,10,19,1,1,1,1.0,6.0,126,350,0,0,10,5.0,20.0,A01,2,2,1,2,0.0,1967,2009,4,2.0,2,1.0,1.0,0,60,1.0,3.0
201700041728,4,19,1,1,4,1.0,3.0,10,930,0,0,7,3.0,1.0,B01,1,1,1,2,0.0,1992,2017,1,1.0,2,0.0,0.0,0,0,0.0,0.0
201000040487,1,1,5,2,1,1.0,6.0,482,670,0,0,7,0.0,0.0,Z01,0,3,1,1,5.0,1975,2010,4,1.0,1,1.0,2.0,0,36,1.0,4.0
200700014228,3,14,1,2,1,1.0,6.0,231,210,0,0,7,2.0,1.0,A01,1,1,1,1,5.0,1963,2007,4,3.0,5,1.0,1.0,10,175,1.0,1.0
201600038807,4,30,1,2,1,1.0,1.0,50,920,0,0,7,1.0,13.0,A01,1,1,1,1,5.0,1996,2016,2,2.0,2,1.0,1.0,0,27,1.0,1.0
200800066318,11,21,1,2,9,2.0,3.0,142,690,0,0,7,8.0,0.0,A01,1,1,1,1,0.0,1944,2008,4,2.0,4,2.0,0.0,0,61,2.0,1.0
200600027467,5,6,1,2,2,1.0,3.0,445,640,0,0,7,3.0,1.0,B01,1,1,1,1,0.0,1929,2006,4,2.0,2,1.0,1.0,20,178,1.0,1.0
201000068277,2,6,1,1,1,1.0,1.0,9,972,0,0,7,7.0,15.0,A01,1,1,1,2,9.0,1960,2010,2,2.0,2,2.0,1.0,0,0,1.0,1.0
200900014701,5,20,1,2,1,1.0,3.0,2,490,0,0,7,2.0,15.0,A01,1,1,1,2,2.0,1977,2009,4,2.0,2,1.0,1.0,0,63,1.0,1.0
201600049566,11,25,2,1,1,2.0,6.0,199,690,0,0,7,3.0,1.0,A01,1,1,1,1,1.0,1981,2016,4,2.0,1,1.0,1.0,0,0,2.0,1.0
200900054584,10,23,1,2,1,1.0,2.0,39,330,0,0,7,0.0,2.0,A01,1,1,1,1,0.0,1967,2009,4,2.0,2,1.0,1.0,3,124,1.0,1.0
201200021414,7,2,1,1,1,1.0,6.0,178,630,0,0,7,9.0,1.0,A01,3,2,1,1,0.0,2009,2012,1,3.0,0,1.0,2.0,30,70,1.0,3.0
200700072878,11,20,5,2,1,2.0,7.0,119,750,0,0,31,0.0,1.0,A01,1,1,1,1,5.0,1967,2007,4,1.0,4,1.0,1.0,15,140,2.0,1.0
201600015759,9,3,1,2,3,1.0,3.0,55,130,0,0,30,1.0,21.0,B01,2,2,1,1,9.0,1991,2016,4,3.0,4,1.0,1.0,150,120,1.0,1.0
201700039261,3,27,1,2,1,1.0,6.0,4,920,0,0,33,1.0,0.0,A01,0,3,1,1,2.0,2001,2017,3,0.0,2,1.0,1.0,0,0,1.0,1.0
201800020487,2,9,3,1,1,1.0,3.0,58,720,0,0,7,1.0,19.0,B01,1,1,1,1,5.0,1980,2018,3,2.0,2,1.0,1.0,0,0,1.0,2.0
201700020369,8,28,1,1,4,1.0,1.0,36,560,0,0,7,1.0,15.0,B01,1,1,1,1,5.0,1948,2017,3,4.0,2,1.0,1.0,0,15,1.0,1.0
201000047802,7,21,1,2,1,1.0,6.0,9,920,0,0,10,5.0,24.0,A01,1,2,1,1,4.0,1981,2010,4,2.0,2,2.0,1.0,0,0,1.0,1.0
201100051102,9,8,1,2,1,1.0,2.0,38,940,0,0,7,2.0,2.0,A01,1,1,1,2,1.0,1952,2011,4,2.0,1,1.0,1.0,0,0,1.0,1.0
200500073689,11,2,1,2,1,1.0,2.0,185,380,0,0,7,1.0,14.0,A01,1,1,1,1,0.0,1976,2005,4,1.0,2,1.0,1.0,0,60,1.0,1.0
201000063899,5,27,1,2,1,2.0,2.0,115,750,0,0,7,5.0,2.0,B01,1,1,1,1,4.0,1954,2010,4,1.0,1,1.0,1.0,0,100,2.0,1.0
200600052261,9,12,1,1,1,1.0,1.0,125,830,0,0,14,1.0,15.0,A01,1,1,1,2,0.0,1957,2006,3,2.0,2,1.0,1.0,0,55,1.0,1.0
200500040524,7,7,1,1,1,8.0,1.0,382,590,0,0,7,8.0,19.0,A01,1,1,1,2,0.0,1928,2005,3,2.0,2,1.0,1.0,0,55,2.0,1.0
200600019958,4,27,1,2,2,2.0,6.0,555,310,0,0,30,9.0,18.0,A01,1,1,1,1,5.0,1989,2006,4,2.0,2,1.0,1.0,0,110,1.0,1.0
201600028710,2,27,1,2,1,1.0,4.0,547,540,0,0,7,1.0,2.0,B01,1,1,1,2,5.0,1989,2016,4,1.0,2,1.0,1.0,0,0,1.0,1.0
200900033320,6,26,1,2,1,1.0,1.0,179,570,0,0,7,1.0,13.0,A01,1,1,1,1,9.0,1954,2009,3,2.0,0,1.0,1.0,0,65,1.0,1.0
201300054348,10,12,1,2,2,1.0,5.0,116,750,0,0,7,6.0,1.0,C01,1,1,1,1,5.0,1968,2013,4,1.0,2,1.0,1.0,0,0,1.0,1.0
200600064566,10,29,5,2,5,1.0,3.0,40,920,0,0,7,1.0,1.0,B01,2,2,1,2,0.0,1986,2006,2,1.0,2,1.0,1.0,0,100,1.0,1.0
201700000055,4,22,1,1,4,1.0,1.0,275,590,0,0,7,3.0,15.0,B01,1,1,1,1,5.0,1963,2017,3,2.0,2,1.0,0.0,7,510,1.0,1.0
201000055727,6,27,1,1,1,1.0,3.0,563,950,0,0,7,8.0,1.0,B01,1,1,1,1,5.0,1985,2010,1,1.0,2,1.0,1.0,15,70,1.0,1.0
201100018042,9,4,1,1,1,3.0,6.0,127,650,0,0,7,3.0,1.0,A01,1,1,1,2,0.0,1985,2011,1,3.0,2,3.0,4.0,20,70,2.0,3.0
200700011037,2,22,1,2,1,1.0,3.0,66,930,0,0,7,6.0,0.0,B01,1,1,1,1,0.0,1965,2007,2,1.0,0,1.0,1.0,40,20,1.0,1.0
200600064605,10,6,5,2,1,1.0,2.0,51,920,0,0,7,4.0,2.0,B01,1,1,1,1,0.0,1961,2006,2,3.0,4,1.0,1.0,0,280,1.0,1.0
201700022423,3,30,1,1,1,1.0,2.0,215,220,0,0,7,1.0,0.0,A01,1,1,1,2,5.0,1939,2017,4,2.0,2,1.0,2.0,0,50,1.0,3.0
200700058606,9,20,1,2,1,1.0,5.0,582,950,0,0,7,6.0,0.0,B01,1,1,1,1,1.0,1961,2007,4,2.0,3,3.0,1.0,0,103,1.0,1.0
201500001598,3,10,1,2,1,1.0,5.0,344,10,0,0,7,1.0,5.0,C03,1,1,1,2,1.0,1975,2015,3,2.0,2,1.0,1.0,0,67,1.0,1.0
201800057092,11,1,2,2,1,1.0,5.0,302,973,0,0,7,1.0,0.0,A01,3,2,1,1,0.0,1993,2018,3,2.0,2,1.0,1.0,0,0,1.0,3.0
201200043117,1,10,1,2,1,1.0,2.0,62,920,0,0,32,1.0,1.0,A01,1,1,1,1,4.0,1984,2012,4,2.0,2,1.0,1.0,0,60,1.0,1.0
200700042523,7,13,1,2,3,1.0,6.0,281,260,0,0,2,1.0,17.0,A01,1,1,1,1,5.0,1990,2007,3,2.0,2,1.0,1.0,0,64,1.0,1.0
201500032990,2,19,1,2,1,1.0,2.0,286,690,0,0,7,5.0,2.0,B01,1,1,1,2,9.0,1971,2015,4,2.0,1,1.0,0.0,0,0,1.0,1.0
201700034120,6,6,1,2,1,1.0,1.0,43,670,0,0,7,4.0,15.0,B01,1,1,1,1,9.0,1975,2017,4,2.0,2,1.0,1.0,0,126,1.0,1.0
201800046277,12,6,3,1,1,1.0,4.0,466,780,0,0,7,4.0,2.0,B01,1,1,1,1,1.0,1984,2018,1,1.0,3,1.0,1.0,0,0,1.0,3.0
201700022603,9,29,5,2,1,1.0,1.0,56,250,0,0,7,3.0,1.0,B01,1,1,1,1,0.0,1996,2017,4,2.0,4,1.0,1.0,0,0,1.0,1.0
200800058674,10,14,1,2,1,1.0,3.0,306,570,0,0,2,1.0,6.0,A01,1,1,1,1,5.0,1989,2008,3,2.0,2,2.0,1.0,0,77,1.0,1.0
201500051465,8,16,5,2,7,1.0,6.0,107,750,0,0,32,1.0,1.0,A01,1,1,1,1,0.0,1989,2015,4,2.0,3,1.0,1.0,0,0,1.0,4.0
200800002940,1,24,5,2,3,2.0,6.0,63,330,0,0,7,0.0,15.0,A01,0,3,1,2,0.0,1985,2008,4,2.0,2,1.0,1.0,0,78,1.0,1.0
201800004758,1,9,1,2,5,8.0,3.0,470,770,0,0,7,7.0,15.0,A01,1,1,1,1,0.0,1954,2018,4,2.0,2,1.0,1.0,0,0,1.0,1.0
200600038558,7,18,1,1,1,1.0,2.0,555,310,0,0,7,4.0,1.0,B01,1,1,1,1,1.0,1981,2006,1,1.0,2,1.0,1.0,0,85,1.0,1.0
200700025826,5,19,1,2,1,3.0,5.0,160,320,0,0,7,3.0,1.0,B02,1,1,1,2,9.0,0,2007,3,2.0,2,1.0,3.0,70,70,2.0,1.0
200900040746,12,5,5,2,2,2.0,6.0,117,750,0,0,7,3.0,1.0,A01,1,1,1,1,5.0,1985,2009,4,2.0,1,1.0,1.0,0,0,2.0,1.0
200500082467,12,1,5,2,2,1.0,5.0,19,750,0,0,2,4.0,1.0,B01,1,1,1,1,4.0,1977,2005,4,2.0,2,1.0,1.0,0,60,1.0,1.0
201400023260,5,23,1,2,3,1.0,3.0,555,310,0,0,7,5.0,15.0,A01,1,1,1,1,0.0,1956,2014,4,2.0,2,1.0,1.0,0,62,1.0,1.0
201000059099,10,28,1,1,1,1.0,4.0,218,420,0,0,7,4.0,23.0,B01,2,2,1,2,3.0,1954,2010,1,3.0,2,2.0,1.0,15,97,1.0,1.0
201800047053,11,17,3,1,1,1.0,3.0,661,910,0,0,7,8.0,14.0,A01,1,1,1,1,9.0,1992,2018,3,2.0,2,1.0,1.0,0,0,1.0,3.0
201600004969,5,19,1,1,1,2.0,5.0,445,380,0,0,7,3.0,1.0,B02,1,1,1,1,5.0,1945,2016,3,2.0,3,2.0,2.0,0,0,2.0,1.0
201200028137,1,28,3,2,1,2.0,3.0,18,410,0,0,7,1.0,1.0,B01,1,1,1,1,9.0,1956,2012,4,2.0,0,1.0,1.0,0,0,2.0,1.0
201000064961,9,1,1,2,5,1.0,6.0,117,750,0,0,7,1.0,16.0,A01,1,1,1,1,5.0,1989,2010,4,3.0,2,1.0,1.0,140,300,1.0,1.0
201800019672,6,28,1,2,1,1.0,2.0,300,170,0,0,7,3.0,2.0,B01,1,1,1,2,5.0,1994,2018,4,2.0,3,1.0,1.0,0,136,1.0,3.0
201300021069,10,15,1,2,6,2.0,3.0,57,260,0,0,7,3.0,16.0,A01,1,1,1,1,1.0,1953,2013,3,0.0,2,1.0,3.0,0,60,2.0,1.0
200800026463,5,11,1,2,1,1.0,6.0,68,940,0,0,7,0.0,4.0,A01,1,1,1,1,5.0,1970,2008,3,1.0,1,1.0,1.0,0,50,1.0,1.0
201700031100,7,5,1,2,1,1.0,6.0,87,330,0,0,7,1.0,1.0,A01,0,3,1,2,5.0,1985,2017,3,2.0,2,1.0,3.0,0,55,1.0,1.0
201300038748,5,20,1,2,1,2.0,3.0,12,920,0,0,30,2.0,3.0,B01,1,1,1,2,5.0,1985,2013,4,2.0,2,1.0,1.0,0,0,2.0,1.0
200500021297,4,28,1,2,1,2.0,6.0,322,760,0,0,19,1.0,7.0,B01,5,2,1,2,0.0,1932,2005,4,3.0,2,1.0,1.0,0,80,2.0,0.0
201300042281,12,30,1,2,3,1.0,6.0,64,930,0,0,7,1.0,15.0,A01,0,3,1,2,0.0,1933,2013,4,2.0,2,1.0,1.0,0,80,1.0,1.0
201400056518,9,23,1,2,1,1.0,7.0,118,750,0,0,30,1.0,1.0,A01,1,1,1,1,5.0,1999,2014,4,1.0,1,2.0,0.0,0,50,1.0,1.0
201000039824,10,21,5,2,1,1.0,3.0,348,640,0,0,7,2.0,17.0,A01,1,1,1,1,1.0,1971,2010,4,2.0,2,1.0,1.0,0,0,1.0,1.0
201500034457,10,28,1,2,1,1.0,6.0,502,780,0,0,7,6.0,4.0,A01,1,1,1,2,1.0,1968,2015,3,2.0,2,2.0,1.0,0,50,1.0,1.0
200600038712,7,10,1,2,2,1.0,1.0,172,340,0,0,7,3.0,15.0,A01,1,1,1,1,1.0,1981,2006,4,2.0,5,1.0,1.0,0,150,1.0,1.0
201100049408,12,14,5,2,3,8.0,3.0,64,930,0,0,7,1.0,0.0,B01,1,1,1,2,9.0,1985,2011,4,2.0,4,1.0,1.0,0,120,2.0,1.0
200700009821,2,11,5,2,3,1.0,6.0,12,750,0,0,7,1.0,16.0,A01,1,1,1,1,5.0,1952,2007,4,1.0,1,1.0,1.0,0,30,1.0,1.0
200700062994,10,29,1,2,1,2.0,3.0,69,310,0,0,30,2.0,1.0,A01,1,1,1,1,2.0,1992,2007,4,2.0,1,0.0,1.0,0,0,2.0,4.0
201800041941,1,21,4,2,6,2.0,3.0,28,940,0,0,7,7.0,1.0,B01,2,2,1,1,0.0,1986,2018,3,1.0,0,1.0,2.0,0,30,2.0,1.0