num_acc,mois,jour,lum,agg,int,atm,col,com,dep,hr,mn,catv,choc,manv,num_veh,place,catu,grav,sexe,trajet,an_nais,annee,catr,circ,nbv,prof,plan,lartpc,larrout,surf,situ
201700057128,11,18,1,2,3,8.0,3.0,118,750,0,0,7,3.0,1.0,B01,1,1,1,1,9.0,1987,2017,4,3.0,2,1.0,1.0,0,0,1.0,1.0
201700026640,6,1,3,1,1,1.0,7.0,238,350,0,0,10,1.0,1.0,A01,1,1,1,1,5.0,1973,2017,2,3.0,4,1.0,1.0,0,0,1.0,1.0
200700038947,6,15,1,2,4,1.0,3.0,116,750,0,0,7,3.0,5.0,B01,1,1,1,1,1.0,1961,2007,4,2.0,1,1.0,3.0,0,30,2.0,1.0
201300011578,10,20,1,1,1,1.0,6.0,99,510,0,0,7,3.0,0.0,A01,6,2,1,2,5.0,1999,2013,1,3.0,4,1.0,1.0,30,140,1.0,1.0
200900000977,2,21,1,2,2,1.0,3.0,120,750,0,0,7,1.0,1.0,A01,1,1,1,1,5.0,1960,2009,4,2.0,2,2.0,1.0,0,40,1.0,1.0
201400036962,9,11,1,2,1,1.0,2.0,137,830,0,0,7,1.0,2.0,A01,1,1,1,1,0.0,1981,2014,2,1.0,4,1.0,1.0,0,130,1.0,1.0
201100017948,5,28,1,2,2,1.0,2.0,387,100,0,0,7,1.0,2.0,A01,1,1,1,2,0.0,1981,2011,3,1.0,3,1.0,1.0,0,110,1.0,0.0
201000065304,6,24,1,2,1,1.0,3.0,118,750,0,0,7,3.0,9.0,A01,1,1,1,1,9.0,1977,2010,4,2.0,1,1.0,1.0,0,75,1.0,1.0
200800032197,6,24,5,2,1,1.0,7.0,149,310,0,0,7,1.0,1.0,A01,1,1,1,1,5.0,1967,2008,4,2.0,2,1.0,1.0,0,70,1.0,1.0
200900004896,2,2,1,2,1,1.0,2.0,260,560,0,0,7,1.0,2.0,A01,1,1,1,2,9.0,1972,2009,4,2.0,2,1.0,1.0,0,0,1.0,1.0
200800067501,11,30,5,1,1,1.0,6.0,65,330,0,0,7,1.0,2.0,A01,1,1,1,1,5.0,1971,2008,2,3.0,6,1.0,1.0,15,210,2.0,1.0
200600017023,3,3,1,2,1,1.0,6.0,43,940,0,0,4,1.0,2.0,A01,0,3,1,2,0.0,1967,2006,4,1.0,2,1.0,0.0,0,45,1.0,0.0
201700051468,10,20,2,1,1,1.0,4.0,167,330,0,0,17,1.0,2.0,A01,1,1,1,1,4.0,1972,2017,2,3.0,7,1.0,1.0,10,245,1.0,1.0
201200056437,3,21,5,2,5,1.0,3.0,113,750,0,0,30,1.0,1.0,B01,1,1,1,1,4.0,1985,2012,4,1.0,2,1.0,1.0,0,120,1.0,1.0
200900059089,8,25,1,2,1,1.0,6.0,27,60,0,0,7,6.0,4.0,A01,1,1,1,1,5.0,1940,2009,4,1.0,2,1.0,1.0,0,0,1.0,1.0
201100016238,9,23,1,2,1,1.0,6.0,88,60,0,0,2,1.0,1.0,A01,0,3,1,2,5.0,1969,2011,4,0.0,0,1.0,1.0,0,0,1.0,4.0
201400003820,9,14,4,2,1,1.0,6.0,208,120,0,0,7,1.0,1.0,A01,2,2,1,2,0.0,1995,2014,4,2.0,2,1.0,2.0,0,66,1.0,1.0
201600016085,12,7,1,2,1,1.0,6.0,55,130,0,0,13,0.0,0.0,A01,1,1,1,1,4.0,1997,2016,4,2.0,2,1.0,1.0,0,40,1.0,1.0
201400006849,11,1,1,1,1,1.0,2.0,208,520,0,0,7,3.0,15.0,B02,1,1,1,1,5.0,1974,2014,3,2.0,0,2.0,1.0,0,0,1.0,1.0
201000066134,11,27,5,2,1,1.0,3.0,120,750,0,0,34,1.0,17.0,A01,1,1,1,1,5.0,1975,2010,4,2.0,2,1.0,3.0,0,88,1.0,1.0
201100002175,10,22,1,2,6,1.0,3.0,7,560,0,0,31,1.0,1.0,B02,1,1,1,1,5.0,1950,2011,3,0.0,0,1.0,0.0,0,0,1.0,1.0
201400056986,1,21,1,2,2,1.0,2.0,120,750,0,0,7,4.0,1.0,A01,1,1,1,1,4.0,1962,2014,4,1.0,1,1.0,1.0,0,0,1.0,1.0
201200059843,2,8,1,2,1,1.0,4.0,119,750,0,0,7,4.0,23.0,B01,1,1,1,1,1.0,1987,2012,4,1.0,2,1.0,1.0,15,70,1.0,0.0
201700049957,2,18,5,1,1,1.0,6.0,286,690,0,0,7,0.0,0.0,A01,0,3,1,2,0.0,1991,2017,4,1.0,2,1.0,1.0,0,0,1.0,1.0
201400030426,11,20,1,2,1,1.0,6.0,17,590,0,0,7,2.0,1.0,A01,1,1,1,1,5.0,1974,2014,4,2.0,2,1.0,1.0,0,90,1.0,1.0
201700045860,10,30,1,2,1,1.0,3.0,63,950,0,0,7,1.0,15.0,B01,1,1,1,1,5.0,1946,2017,3,3.0,2,1.0,1.0,0,0,1.0,1.0
200700047814,8,25,3,1,1,1.0,1.0,202,700,0,0,2,0.0,1.0,A01,2,2,1,2,0.0,1973,2007,3,2.0,2,1.0,1.0,0,75,1.0,1.0
201200033038,6,26,1,1,1,1.0,3.0,508,590,0,0,1,8.0,1.0,A01,1,1,1,1,2.0,1995,2012,4,0.0,2,1.0,1.0,0,30,1.0,5.0
201200001138,9,21,1,1,2,1.0,3.0,90,220,0,0,7,3.0,1.0,A01,1,1,1,2,5.0,1933,2012,3,2.0,2,1.0,1.0,0,67,1.0,1.0
201700026896,10,22,3,2,1,1.0,6.0,281,350,0,0,7,1.0,14.0,A01,2,2,1,1,5.0,1991,2017,3,3.0,4,1.0,1.0,0,0,1.0,3.0
201500000610,4,19,1,1,2,1.0,5.0,650,760,0,0,7,1.0,1.0,C03,2,2,1,2,0.0,1982,2015,4,2.0,2,1.0,1.0,0,45,1.0,1.0
201800052964,3,26,1,2,1,1.0,3.0,115,750,0,0,7,5.0,1.0,B01,1,1,1,1,1.0,1990,2018,4,1.0,0,1.0,1.0,0,60,1.0,1.0
200800042462,7,13,1,2,2,1.0,3.0,117,750,0,0,2,7.0,1.0,B01,1,1,1,2,5.0,1988,2008,4,0.0,1,1.0,1.0,0,70,1.0,1.0
201000008580,3,12,1,1,2,1.0,3.0,126,740,0,0,7,1.0,1.0,B02,1,1,1,2,1.0,1988,2010,3,2.0,2,4.0,1.0,0,56,1.0,1.0
200600011383,3,10,1,2,1,1.0,1.0,8,70,0,0,18,3.0,1.0,B01,8,2,1,2,0.0,1999,2006,3,0.0,1,1.0,3.0,0,51,1.0,1.0
201000048055,10,23,5,2,2,2.0,6.0,12,920,0,0,32,9.0,15.0,A01,0,3,1,2,9.0,1992,2010,3,3.0,4,2.0,1.0,0,0,2.0,1.0
201700055510,6,29,1,2,3,1.0,2.0,114,750,0,0,34,3.0,1.0,A01,1,1,1,1,4.0,1987,2017,4,2.0,3,1.0,1.0,0,160,1.0,1.0
200700028337,5,29,1,2,1,1.0,7.0,172,340,0,0,7,1.0,1.0,A01,3,2,1,2,0.0,1986,2007,4,2.0,2,2.0,1.0,0,60,1.0,1.0
201300048903,7,20,1,1,1,1.0,4.0,303,570,0,0,10,4.0,2.0,D01,1,1,1,2,5.0,1973,2013,1,3.0,6,2.0,1.0,25,210,1.0,1.0
200600042818,7,21,1,2,6,1.0,3.0,59,850,0,0,7,8.0,1.0,B02,3,2,1,2,0.0,1945,2006,9,2.0,2,2.0,1.0,60,0,1.0,1.0
200700075761,12,29,1,2,1,1.0,6.0,79,50,0,0,7,7.0,1.0,A01,1,1,1,1,5.0,1939,2007,3,2.0,0,1.0,3.0,0,0,1.0,1.0
200700055777,9,17,2,1,1,2.0,6.0,555,310,0,0,7,2.0,14.0,A01,1,1,1,2,5.0,1987,2007,1,1.0,2,2.0,2.0,0,70,2.0,1.0
200500082711,12,16,5,2,1,2.0,6.0,13,750,0,0,7,4.0,4.0,A01,0,3,1,2,5.0,1960,2005,4,2.0,2,1.0,1.0,0,60,2.0,1.0
200900008313,3,18,2,1,1,1.0,1.0,478,880,0,0,15,3.0,5.0,A01,1,1,1,1,4.0,1950,2009,1,2.0,2,2.0,1.0,0,70,1.0,1.0
201700014575,9,24,1,1,1,1.0,3.0,369,140,0,0,33,1.0,17.0,B01,1,1,1,1,5.0,1994,2017,3,2.0,2,1.0,1.0,39,75,1.0,1.0
201400026575,10,27,5,2,3,1.0,4.0,233,370,0,0,30,1.0,1.0,B01,1,1,1,1,5.0,1993,2014,4,2.0,2,1.0,1.0,0,0,1.0,1.0
200600042563,7,27,1,2,1,1.0,5.0,135,290,0,0,7,1.0,2.0,C03,1,1,1,1,0.0,1978,2006,3,2.0,2,4.0,1.0,0,70,1.0,1.0
201000066495,10,5,5,2,2,2.0,6.0,114,750,0,0,7,1.0,15.0,A01,0,3,1,2,5.0,1986,2010,4,0.0,2,2.0,1.0,0,90,2.0,1.0
201100062040,5,24,1,2,5,1.0,3.0,116,750,0,0,33,7.0,1.0,A01,1,1,1,1,5.0,1986,2011,4,1.0,1,1.0,1.0,0,0,1.0,1.0
201800001134,10,23,1,2,6,1.0,3.0,449,330,0,0,1,5.0,1.0,B01,1,1,1,2,3.0,1988,2018,4,2.0,2,1.0,2.0,0,0,1.0,5.0
200800004988,1,15,1,2,2,2.0,2.0,33,940,0,0,2,1.0,1.0,B01,1,1,1,1,1.0,1990,2008,4,1.0,2,1.0,2.0,0,0,2.0,1.0
201100020318,6,8,1,2,3,1.0,3.0,55,130,0,0,7,1.0,15.0,B01,1,1,1,1,5.0,1943,2011,3,2.0,2,2.0,1.0,0,0,1.0,1.0
201000039892,12,8,1,2,1,1.0,3.0,445,640,0,0,7,7.0,10.0,A01,1,1,1,2,0.0,1969,2010,4,2.0,2,1.0,1.0,0,0,1.0,1.0
201800025414,7,6,1,2,1,1.0,4.0,261,370,0,0,7,1.0,1.0,A01,1,1,1,2,5.0,1996,2018,4,1.0,2,2.0,1.0,0,0,1.0,3.0
201100052958,4,17,1,1,1,1.0,6.0,121,770,0,0,7,1.0,1.0,A01,2,2,1,2,5.0,1986,2011,1,3.0,4,1.0,1.0,35,70,1.0,1.0
201800026551,6,21,1,2,2,1.0,3.0,184,440,0,0,7,7.0,1.0,B01,1,1,1,1,5.0,1938,2018,4,2.0,2,1.0,1.0,0,0,1.0,3.0
201000041201,9,23,1,2,3,1.0,2.0,224,680,0,0,7,4.0,23.0,B01,1,1,1,1,1.0,1982,2010,4,2.0,2,1.0,1.0,0,79,1.0,1.0
200900003202,4,28,1,2,1,2.0,7.0,120,750,0,0,33,7.0,1.0,A01,1,1,1,1,1.0,1968,2009,4,2.0,2,4.0,3.0,0,71,2.0,1.0
200600006875,2,28,1,1,1,4.0,4.0,281,450,0,0,14,2.0,1.0,B02,1,1,1,1,5.0,1971,2006,1,3.0,2,1.0,1.0,25,70,5.0,2.0
201900009483,9,15,1,1,1,1.0,6.0,14342,14,0,0,3,2.0,14.0,A01,1,1,1,1,5.0,1954,2019,3,2.0,2,1.0,1.0,0,0,1.0,3.0
200500064251,10,9,1,2,1,1.0,1.0,232,910,0,0,7,3.0,1.0,B02,1,1,1,2,5.0,1969,2005,3,2.0,2,2.0,2.0,0,0,1.0,1.0
200500020562,4,6,5,2,1,6.0,1.0,282,690,0,0,7,1.0,1.0,B01,1,1,1,1,1.0,1980,2005,3,2.0,2,1.0,1.0,0,67,1.0,1.0
200500038630,6,26,1,1,1,1.0,5.0,405,10,0,0,7,3.0,21.0,D04,1,1,1,1,1.0,1961,2005,2,2.0,2,1.0,1.0,0,80,1.0,1.0
201600054275,7,31,5,2,2,1.0,7.0,114,750,0,0,2,0.0,1.0,A01,1,1,1,1,5.0,1985,2016,4,3.0,2,1.0,1.0,0,0,1.0,0.0
200500033829,6,24,1,2,9,1.0,6.0,110,420,0,0,7,3.0,1.0,A01,1,1,1,2,1.0,1971,2005,4,3.0,0,1.0,1.0,30,88,1.0,1.0
201200010218,12,19,3,1,1,3.0,6.0,120,410,0,0,38,7.0,14.0,A01,8,2,1,2,2.0,1992,2012,3,2.0,2,1.0,2.0,0,52,2.0,3.0
201800056239,1,8,1,2,1,1.0,2.0,309,973,0,0,1,2.0,1.0,B01,1,1,1,2,5.0,1974,2018,3,2.0,2,1.0,1.0,0,0,1.0,1.0
201200034688,6,7,1,2,3,8.0,3.0,445,640,0,0,1,8.0,1.0,B01,1,1,1,1,5.0,1942,2012,4,2.0,2,1.0,1.0,0,0,1.0,5.0
200500010537,2,3,1,2,1,9.0,3.0,173,20,0,0,7,3.0,19.0,B02,1,1,1,1,5.0,1985,2005,9,2.0,0,1.0,0.0,0,0,2.0,1.0
200600071389,11,12,1,1,1,1.0,5.0,258,220,0,0,7,8.0,23.0,D04,1,1,1,1,0.0,1979,2006,3,2.0,0,1.0,0.0,64,0,1.0,1.0
201600015666,10,4,5,2,7,1.0,5.0,55,130,0,0,7,0.0,0.0,C01,1,1,1,1,0.0,1964,2016,4,1.0,2,1.0,1.0,0,40,1.0,1.0
200700038758,6,8,1,2,3,1.0,3.0,111,750,0,0,7,3.0,15.0,A01,1,1,1,1,4.0,1980,2007,4,2.0,2,1.0,1.0,0,95,1.0,1.0
200600046302,8,12,3,1,1,1.0,2.0,124,50,0,0,7,4.0,1.0,B02,2,2,1,1,0.0,1986,2006,2,2.0,0,1.0,1.0,0,70,1.0,1.0
200600049967,8,2,1,2,1,1.0,7.0,50,920,0,0,7,1.0,1.0,A01,1,1,1,2,1.0,1973,2006,4,1.0,1,2.0,1.0,0,50,1.0,1.0
201100008390,5,7,1,1,1,7.0,1.0,412,630,0,0,7,3.0,13.0,A01,1,1,1,2,5.0,1975,2011,4,2.0,0,3.0,1.0,0,37,1.0,1.0
200500057354,9,18,5,2,1,1.0,2.0,55,130,0,0,7,2.0,0.0,A01,1,1,1,2,5.0,1979,2005,4,2.0,8,1.0,1.0,0,160,1.0,1.0
200700011643,2,25,1,1,1,2.0,2.0,249,330,0,0,7,1.0,1.0,B01,1,1,1,1,0.0,1981,2007,1,1.0,2,1.0,2.0,0,95,2.0,1.0
200800042714,1,3,1,2,2,2.0,1.0,2,920,0,0,7,2.0,15.0,B01,1,1,1,1,3.0,1950,2008,4,2.0,2,1.0,1.0,0,94,0.0,1.0
200700038181,6,8,1,1,1,1.0,5.0,377,910,0,0,7,6.0,1.0,B01,1,1,1,1,1.0,1962,2007,1,3.0,6,1.0,1.0,15,210,1.0,1.0
201700000359,1,23,5,2,1,1.0,4.0,475,760,0,0,7,4.0,1.0,D01,1,1,1,2,1.0,1962,2017,3,2.0,2,1.0,1.0,0,70,7.0,1.0
200700015603,3,8,1,2,2,2.0,3.0,113,630,0,0,7,7.0,1.0,A01,1,1,1,2,1.0,1985,2007,4,3.0,6,1.0,1.0,30,180,2.0,1.0
201000019994,5,4,1,1,1,6.0,6.0,4,130,0,0,16,0.0,1.0,A01,1,1,1,1,4.0,1982,2010,3,2.0,2,1.0,1.0,0,80,2.0,1.0
200500022769,4,30,1,2,1,1.0,3.0,308,620,0,0,7,3.0,0.0,A01,5,2,1,1,0.0,1994,2005,3,2.0,2,1.0,3.0,0,0,1.0,1.0
200900032783,11,7,5,2,1,2.0,6.0,117,750,0,0,7,6.0,2.0,A01,1,1,1,1,0.0,1955,2009,4,3.0,4,1.0,1.0,15,140,2.0,1.0
201400014663,5,2,1,2,1,1.0,2.0,55,130,0,0,7,0.0,2.0,B01,1,1,1,2,9.0,1980,2014,4,2.0,0,1.0,1.0,0,0,1.0,1.0
201800034588,2,26,1,2,3,1.0,3.0,643,780,0,0,7,1.0,15.0,A01,1,1,1,1,0.0,1994,2018,3,2.0,3,1.0,0.0,0,111,1.0,1.0
201600043066,7,10,1,2,1,1.0,6.0,38,940,0,0,2,0.0,1.0,A01,1,1,1,1,5.0,1992,2016,4,2.0,0,1.0,1.0,0,0,1.0,4.0
200600060876,10,8,3,1,3,1.0,3.0,71,130,0,0,7,1.0,1.0,B01,1,1,1,1,0.0,1977,2006,2,1.0,1,1.0,2.0,0,0,1.0,0.0
200600043273,7,7,1,1,1,1.0,5.0,296,70,0,0,7,1.0,13.0,C03,3,2,1,1,0.0,1988,2006,3,2.0,2,1.0,3.0,0,61,1.0,1.0
201600043379,1,11,1,2,1,1.0,3.0,15,940,0,0,7,1.0,16.0,A01,2,2,1,1,5.0,2002,2016,4,2.0,2,1.0,1.0,0,51,2.0,1.0
201800051093,6,5,1,2,7,1.0,2.0,108,750,20,20,1,8.0,1.0,B01,1,1,1,2,5.0,1964,2018,4,2.0,2,1.0,1.0,0,0,1.0,1.0
201300021194,12,5,1,1,1,1.0,1.0,362,260,0,0,7,1.0,1.0,B01,1,1,1,1,1.0,1981,2013,4,2.0,2,1.0,3.0,0,53,1.0,1.0
201500029265,6,15,1,2,3,1.0,6.0,463,570,0,0,37,2.0,0.0,A01,1,1,1,1,4.0,1979,2015,4,2.0,2,1.0,1.0,0,100,1.0,1.0
201300023151,11,10,1,2,1,2.0,3.0,555,310,0,0,1,0.0,0.0,A01,1,1,1,2,0.0,1994,2013,4,1.0,2,1.0,1.0,0,0,2.0,1.0
200500045235,7,14,1,2,1,1.0,6.0,194,580,0,0,2,1.0,1.0,A01,1,1,1,2,0.0,1968,2005,4,3.0,3,1.0,1.0,14,75,1.0,1.0
200700047957,8,21,1,2,2,1.0,1.0,99,840,0,0,7,5.0,1.0,B02,1,1,1,2,5.0,1968,2007,4,2.0,0,1.0,1.0,0,35,1.0,1.0
201900054173,3,29,1,2,1,1.0,1.0,6018,6,0,0,33,1.0,1.0,B01,1,1,1,1,4.0,1959,2019,4,2.0,2,1.0,1.0,0,0,1.0,1.0
201500055373,11,6,1,2,5,2.0,3.0,120,750,0,0,31,1.0,15.0,A01,1,1,1,1,1.0,1989,2015,4,2.0,2,3.0,1.0,0,60,2.0,1.0
201300020306,12,10,5,2,2,1.0,3.0,31,190,0,0,7,3.0,15.0,A01,1,1,1,2,0.0,1959,2013,4,2.0,2,2.0,1.0,0,0,0.0,1.0
201000057702,4,6,1,2,3,1.0,3.0,120,202,0,0,7,1.0,1.0,B01,1,1,1,1,9.0,1965,2010,4,2.0,2,1.0,1.0,0,100,1.0,1.0
201000018365,9,13,1,1,1,2.0,3.0,27,60,0,0,7,0.0,0.0,B02,1,1,1,2,1.0,1982,2010,1,3.0,0,0.0,1.0,20,140,2.0,1.0
201300048602,3,7,3,1,1,1.0,3.0,122,330,0,0,99,1.0,12.0,A01,1,1,1,1,4.0,1985,2013,1,3.0,4,1.0,1.0,120,140,1.0,1.0
201500015208,9,28,1,2,3,1.0,3.0,55,130,0,0,7,1.0,1.0,A01,1,1,1,1,9.0,1956,2015,4,2.0,0,1.0,1.0,0,60,1.0,1.0
201800025174,12,26,1,2,1,1.0,6.0,44,360,0,0,7,7.0,2.0,A01,0,3,1,2,9.0,1973,2018,4,1.0,1,1.0,1.0,0,0,1.0,3.0
201400005684,11,16,2,2,1,3.0,6.0,134,150,0,0,7,4.0,1.0,A01,1,1,1,1,2.0,1995,2014,3,2.0,2,1.0,3.0,0,77,2.0,1.0
201400032963,10,18,1,1,1,1.0,1.0,100,650,0,0,7,2.0,1.0,A01,3,2,1,2,5.0,2011,2014,4,2.0,2,1.0,1.0,0,45,1.0,1.0
200800041787,7,11,2,1,1,1.0,6.0,410,590,0,0,17,4.0,1.0,C01,1,1,1,1,4.0,1955,2008,3,3.0,4,0.0,0.0,15,70,1.0,1.0
201400026960,3,5,1,2,3,2.0,5.0,192,400,0,0,7,1.0,1.0,B01,1,1,1,2,5.0,1972,2014,3,2.0,2,1.0,1.0,0,0,2.0,1.0
200700066847,10,7,5,2,2,1.0,3.0,109,750,0,0,7,3.0,16.0,B01,1,1,1,1,5.0,1963,2007,3,1.0,3,1.0,1.0,0,80,1.0,1.0
200800012770,3,8,1,2,1,1.0,7.0,395,540,0,0,7,0.0,11.0,A01,1,1,1,1,0.0,1983,2008,4,1.0,2,1.0,1.0,0,108,1.0,1.0
201100039719,6,8,1,2,2,2.0,6.0,259,690,0,0,10,1.0,15.0,A01,1,1,1,1,9.0,1982,2011,4,3.0,2,1.0,1.0,0,70,2.0,1.0
200800062043,10,28,1,2,5,1.0,2.0,119,750,0,0,2,1.0,2.0,A01,1,1,1,1,0.0,1987,2008,4,1.0,1,1.0,1.0,0,0,1.0,1.0
200700002194,1,22,1,2,1,1.0,3.0,55,130,0,0,33,1.0,1.0,B01,1,1,1,1,1.0,1975,2007,4,2.0,4,1.0,1.0,0,116,1.0,1.0
200900051895,5,15,1,2,2,1.0,3.0,47,930,0,0,2,1.0,1.0,B01,1,1,1,1,1.0,1983,2009,4,2.0,1,1.0,1.0,0,0,1.0,1.0
201800047839,12,6,5,2,1,2.0,6.0,382,690,0,0,7,1.0,2.0,A01,0,3,1,2,1.0,1961,2018,4,1.0,2,1.0,1.0,0,0,2.0,3.0
201500000447,8,1,1,2,1,1.0,3.0,220,600,0,0,7,3.0,13.0,A01,1,1,1,1,1.0,1970,2015,2,2.0,2,2.0,3.0,0,78,1.0,1.0
201800044738,4,3,1,1,1,1.0,3.0,631,600,0,0,33,6.0,2.0,B01,1,1,1,1,0.0,1996,2018,1,3.0,6,1.0,1.0,0,0,1.0,3.0
201800009637,9,3,1,2,1,1.0,4.0,55,130,0,0,99,0.0,0.0,C01,1,1,1,1,0.0,1995,2018,3,1.0,2,1.0,1.0,0,0,1.0,3.0
200700066409,10,10,5,1,1,1.0,3.0,274,620,0,0,17,7.0,12.0,A01,1,1,1,1,0.0,1968,2007,1,3.0,2,1.0,1.0,15,70,1.0,1.0
201400042429,6,19,1,2,1,1.0,6.0,45,930,0,0,32,2.0,0.0,A01,0,3,1,1,4.0,1983,2014,4,2.0,0,1.0,1.0,0,0,1.0,1.0
201200019136,10,29,2,1,1,4.0,3.0,487,390,0,0,7,1.0,1.0,B02,1,1,1,1,5.0,1982,2012,3,2.0,2,0.0,1.0,0,0,7.0,1.0
201000056992,12,13,2,1,1,1.0,4.0,36,920,0,0,17,1.0,2.0,A01,1,1,1,1,4.0,1963,2010,1,1.0,2,1.0,1.0,25,36,1.0,1.0
201100051085,8,3,1,2,1,1.0,7.0,73,940,0,0,7,2.0,1.0,A01,1,1,1,2,5.0,1982,2011,4,2.0,0,1.0,1.0,0,0,1.0,1.0
201400022055,10,15,1,1,1,1.0,5.0,537,540,0,0,7,2.0,21.0,A01,1,1,1,1,1.0,1970,2014,3,2.0,2,1.0,1.0,0,78,1.0,1.0
200800012927,3,20,5,2,1,3.0,3.0,220,590,0,0,30,1.0,1.0,B01,1,1,1,1,0.0,1985,2008,4,2.0,0,1.0,1.0,0,0,2.0,1.0
201000058472,5,12,1,1,1,1.0,3.0,39,330,0,0,7,3.0,1.0,A01,1,1,1,2,1.0,1964,2010,2,3.0,6,1.0,1.0,15,210,1.0,1.0
200900071348,12,19,5,2,1,2.0,6.0,81,940,0,0,2,8.0,5.0,B01,2,2,1,2,5.0,1990,2009,4,2.0,2,1.0,1.0,0,31,1.0,1.0
201500019204,1,29,1,2,2,2.0,6.0,166,160,0,0,7,4.0,1.0,B01,1,1,1,1,4.0,1983,2015,3,2.0,2,1.0,1.0,0,68,2.0,1.0
201600045712,5,14,2,1,1,1.0,2.0,66,930,0,0,7,1.0,2.0,A01,1,1,1,1,5.0,1988,2016,1,1.0,2,1.0,1.0,0,30,1.0,1.0
201400022612,2,3,1,2,2,1.0,6.0,189,300,0,0,7,2.0,1.0,A01,0,3,1,2,2.0,1966,2014,4,2.0,2,1.0,1.0,0,87,1.0,1.0
201700042281,9,4,1,2,1,1.0,4.0,32,930,0,0,7,0.0,0.0,A01,1,1,1,2,0.0,1996,2017,3,1.0,0,0.0,0.0,0,0,1.0,1.0
200500083421,12,19,1,1,1,2.0,6.0,692,910,0,0,4,1.0,17.0,B01,0,3,1,1,1.0,1982,2005,3,2.0,4,1.0,1.0,0,0,2.0,1.0
201000032407,5,21,1,2,1,1.0,2.0,47,410,0,0,7,4.0,2.0,B01,1,1,1,2,9.0,1953,2010,3,2.0,2,1.0,1.0,0,0,1.0,1.0
200500067316,10,24,1,2,1,1.0,6.0,164,630,0,0,7,1.0,1.0,A01,1,1,1,1,5.0,1984,2005,4,2.0,2,1.0,1.0,0,80,1.0,1.0
200800023183,5,26,1,2,1,1.0,3.0,27,60,0,0,30,1.0,17.0,A01,1,1,1,1,1.0,1990,2008,4,2.0,2,0.0,1.0,0,0,1.0,1.0
200700025124,4,23,1,1,1,1.0,3.0,106,130,0,0,7,6.0,1.0,A01,1,1,1,2,5.0,1969,2007,1,1.0,3,2.0,1.0,10,75,1.0,1.0
201700036768,4,23,1,2,1,1.0,3.0,311,780,0,0,7,3.0,1.0,A01,1,1,1,2,0.0,1978,2017,3,2.0,2,2.0,1.0,0,0,1.0,0.0
200800055705,10,25,1,1,1,1.0,1.0,33,70,0,0,10,8.0,1.0,B02,6,2,1,1,0.0,1987,2008,3,2.0,2,2.0,3.0,0,54,1.0,1.0
200600014204,3,11,1,2,6,1.0,2.0,121,820,0,0,5,1.0,9.0,A01,2,2,1,1,0.0,1984,2006,2,1.0,1,1.0,1.0,0,0,1.0,1.0
200900040093,10,23,1,1,3,1.0,3.0,66,320,0,0,7,2.0,15.0,A01,1,1,1,2,5.0,1942,2009,3,2.0,2,2.0,1.0,0,0,1.0,1.0
201900001312,5,22,1,1,1,1.0,3.0,94021,94,0,0,31,8.0,3.0,B01,1,1,1,1,0.0,2000,2019,1,3.0,6,1.0,1.0,0,0,1.0,1.0
201400041846,6,25,1,1,1,1.0,2.0,10,930,0,0,30,1.0,11.0,B01,1,1,1,1,5.0,1994,2014,2,1.0,2,1.0,1.0,0,0,1.0,1.0
201500017374,12,6,1,1,1,1.0,6.0,174,140,0,0,7,9.0,14.0,A01,3,2,1,1,5.0,2013,2015,3,2.0,2,0.0,0.0,0,0,1.0,3.0
200900066578,9,15,1,1,1,2.0,3.0,563,380,0,0,7,1.0,1.0,B01,1,1,1,1,5.0,1948,2009,3,2.0,2,1.0,3.0,0,113,2.0,1.0
200700030412,5,27,1,1,1,2.0,7.0,21,800,0,0,7,1.0,1.0,A01,1,1,1,1,5.0,1988,2007,2,3.0,4,1.0,1.0,15,140,2.0,1.0
200700007698,2,7,1,2,2,1.0,3.0,88,60,0,0,34,0.0,1.0,B01,1,1,1,1,1.0,1961,2007,4,2.0,4,1.0,1.0,0,100,1.0,0.0
200800028444,5,11,1,1,1,1.0,5.0,318,420,0,0,7,3.0,1.0,C03,2,2,1,1,0.0,1949,2008,3,2.0,2,2.0,3.0,0,65,1.0,1.0
200800015805,3,13,2,1,1,3.0,2.0,402,500,0,0,7,4.0,15.0,B02,1,1,1,1,1.0,1965,2008,3,2.0,2,0.0,1.0,0,60,2.0,1.0
200800058580,10,24,5,2,1,1.0,3.0,29,550,0,0,7,2.0,15.0,A01,1,1,1,1,0.0,1952,2008,2,2.0,2,1.0,1.0,0,80,1.0,1.0
201500048457,4,3,5,2,2,1.0,3.0,388,690,0,0,10,2.0,0.0,B01,2,2,1,1,0.0,1973,2015,4,1.0,0,1.0,1.0,0,50,2.0,1.0
200800061296,10,27,1,1,1,2.0,2.0,330,420,0,0,14,6.0,24.0,B01,1,1,1,1,4.0,1951,2008,1,3.0,6,1.0,3.0,10,216,2.0,2.0
200800054352,9,16,1,2,2,1.0,3.0,46,940,0,0,1,1.0,1.0,B01,1,1,1,1,2.0,1992,2008,4,1.0,1,1.0,1.0,0,50,1.0,0.0
200900050982,6,15,1,2,1,1.0,6.0,193,620,0,0,21,2.0,17.0,A01,1,1,1,1,4.0,1984,2009,4,2.0,2,1.0,3.0,0,80,1.0,1.0
201800016802,7,30,1,2,2,1.0,3.0,345,490,0,0,7,8.0,1.0,B01,4,2,1,2,5.0,2001,2018,4,2.0,2,1.0,3.0,0,0,1.0,1.0