num_acc,mois,jour,lum,agg,int,atm,col,com,dep,hr,mn,catv,choc,manv,num_veh,place,catu,grav,sexe,trajet,an_nais,annee,catr,circ,nbv,prof,plan,lartpc,larrout,surf,situ
201700036977,4,19,1,2,1,1.0,6.0,21,800,0,0,3,7.0,0.0,A01,0,3,1,1,0.0,2003,2017,4,2.0,2,0.0,1.0,0,0,1.0,1.0
200900045892,8,31,1,2,2,1.0,3.0,28,170,0,0,7,1.0,1.0,B01,1,1,1,2,5.0,1982,2009,4,2.0,2,1.0,1.0,0,0,1.0,1.0
200700027063,5,20,1,1,3,1.0,1.0,101,30,0,0,7,1.0,15.0,A01,1,1,1,2,9.0,1955,2007,4,2.0,2,1.0,1.0,0,60,1.0,1.0
200500061799,9,13,2,1,1,1.0,4.0,490,780,0,0,5,1.0,18.0,A01,1,1,1,1,1.0,1973,2005,2,3.0,2,1.0,1.0,0,95,1.0,1.0
200500016750,3,30,2,2,1,2.0,3.0,5,750,0,0,5,3.0,21.0,A01,1,1,1,1,4.0,1978,2005,4,2.0,3,1.0,1.0,0,90,2.0,1.0
201900055384,9,23,1,2,3,1.0,3.0,94021,94,0,0,10,2.0,17.0,B01,1,1,1,1,0.0,1944,2019,3,3.0,5,1.0,1.0,0,0,1.0,1.0
201400001952,11,9,3,1,1,1.0,1.0,69,490,0,0,7,1.0,1.0,B02,2,2,1,2,0.0,1985,2014,3,2.0,2,1.0,1.0,0,70,1.0,1.0
201200021949,4,25,1,1,1,6.0,7.0,215,220,0,0,7,8.0,1.0,A01,1,1,1,1,2.0,1992,2012,3,2.0,2,2.0,3.0,0,0,2.0,1.0
201300043210,11,8,1,2,3,2.0,3.0,55,940,0,0,2,1.0,1.0,B01,1,1,1,2,0.0,1997,2013,4,1.0,0,1.0,1.0,0,50,0.0,0.0
201500035033,9,8,1,2,1,1.0,3.0,61,830,0,0,7,8.0,15.0,B01,1,1,1,1,4.0,1985,2015,3,2.0,2,1.0,1.0,0,34,1.0,1.0
200800068384,11,15,5,2,1,2.0,2.0,112,750,0,0,2,1.0,2.0,A01,1,1,1,1,5.0,1989,2008,4,2.0,4,1.0,1.0,0,50,2.0,1.0
201100024587,12,23,1,2,1,1.0,6.0,56,250,0,0,7,1.0,0.0,A01,1,1,1,2,3.0,1925,2011,4,2.0,2,2.0,1.0,0,0,0.0,1.0
201600032101,10,11,1,2,1,1.0,2.0,136,660,0,0,2,1.0,2.0,A01,1,1,1,1,9.0,1997,2016,4,2.0,1,1.0,1.0,0,80,1.0,1.0
201500011668,8,27,1,1,9,1.0,2.0,123,300,0,0,7,4.0,23.0,A01,1,1,1,1,5.0,1984,2015,1,3.0,3,0.0,1.0,35,140,1.0,1.0
200500084129,12,20,5,1,1,1.0,4.0,27,930,0,0,7,1.0,2.0,C01,1,1,1,2,5.0,1981,2005,1,3.0,4,1.0,1.0,15,270,1.0,1.0
201000039549,11,21,1,2,6,2.0,3.0,122,640,0,0,7,7.0,1.0,B01,4,2,1,2,5.0,2000,2010,4,1.0,2,1.0,0.0,0,0,2.0,1.0
201700056594,5,20,5,2,7,2.0,6.0,117,750,0,0,33,1.0,1.0,A01,1,1,1,1,0.0,1985,2017,4,2.0,4,3.0,1.0,0,0,2.0,1.0
201400034003,2,20,2,2,1,1.0,6.0,259,690,0,0,7,6.0,20.0,A01,0,3,1,1,3.0,1951,2014,4,2.0,2,1.0,1.0,0,51,1.0,1.0
201100013787,8,17,1,1,1,1.0,1.0,346,450,0,0,7,2.0,1.0,B02,1,1,1,1,5.0,1983,2011,3,2.0,2,1.0,1.0,0,59,1.0,1.0
200800031441,6,24,1,2,1,1.0,3.0,88,60,0,0,14,5.0,12.0,A01,1,1,1,1,4.0,1957,2008,4,1.0,2,1.0,1.0,0,66,1.0,1.0
200600081567,5,21,4,2,1,1.0,6.0,209,972,0,0,7,0.0,0.0,A01,1,1,1,1,0.0,1971,2006,4,2.0,2,1.0,1.0,0,70,1.0,1.0
200500064434,10,15,1,1,1,1.0,2.0,469,670,0,0,7,1.0,1.0,A01,1,1,1,2,5.0,1939,2005,2,2.0,2,2.0,1.0,0,108,1.0,1.0
201000029233,6,16,1,2,6,3.0,2.0,119,330,0,0,7,4.0,9.0,B01,1,1,1,2,0.0,1963,2010,4,2.0,2,1.0,1.0,0,0,1.0,1.0
201500056417,8,26,1,2,4,1.0,6.0,112,750,0,0,31,1.0,1.0,A01,1,1,1,1,5.0,1988,2015,4,1.0,4,1.0,1.0,15,140,1.0,1.0
201000031527,2,2,1,2,2,1.0,3.0,261,370,0,0,7,3.0,0.0,B01,1,1,1,2,5.0,1970,2010,4,2.0,2,3.0,1.0,0,50,1.0,1.0
200500087130,9,27,1,2,3,1.0,3.0,302,973,0,0,7,7.0,1.0,B01,1,1,1,1,1.0,1953,2005,4,1.0,1,1.0,1.0,0,0,1.0,1.0
200700056037,9,6,5,2,1,1.0,1.0,172,340,0,0,7,1.0,13.0,A01,1,1,1,1,5.0,1982,2007,4,2.0,2,2.0,2.0,0,60,1.0,1.0
200700006655,2,2,1,2,3,1.0,3.0,288,690,0,0,10,2.0,1.0,B02,1,1,1,1,3.0,1967,2007,9,2.0,0,0.0,1.0,0,0,1.0,1.0
200900012939,5,9,5,2,2,1.0,3.0,329,790,0,0,7,1.0,1.0,B01,1,1,1,1,5.0,1989,2009,4,2.0,0,2.0,1.0,0,0,1.0,1.0
201700031479,4,25,1,2,1,1.0,6.0,487,950,0,0,7,4.0,4.0,A01,1,1,1,1,4.0,1981,2017,4,1.0,1,1.0,1.0,0,0,1.0,1.0
201100048543,4,5,2,2,5,1.0,1.0,32,930,0,0,30,1.0,5.0,A01,1,1,1,1,5.0,1992,2011,4,1.0,1,1.0,1.0,0,50,1.0,1.0
201600054590,6,29,1,2,1,2.0,3.0,115,750,0,0,7,1.0,9.0,A01,1,1,1,2,0.0,1986,2016,4,1.0,0,1.0,1.0,0,0,1.0,1.0
201200039377,1,18,5,2,3,1.0,7.0,126,830,0,0,7,0.0,15.0,A01,1,1,1,2,5.0,1968,2012,4,2.0,2,0.0,1.0,0,70,1.0,1.0
200700063053,10,14,5,1,3,1.0,3.0,555,310,0,0,7,2.0,15.0,A01,1,1,1,1,0.0,1980,2007,4,2.0,2,1.0,1.0,0,72,1.0,1.0
200500035358,6,18,1,2,1,1.0,6.0,13,750,0,0,7,1.0,1.0,A01,0,3,1,2,5.0,1978,2005,4,1.0,1,1.0,1.0,0,30,1.0,1.0
201300004775,3,19,2,2,6,2.0,6.0,722,20,0,0,10,2.0,1.0,A01,1,1,1,1,4.0,1971,2013,4,1.0,2,1.0,1.0,0,59,2.0,1.0
201400043914,7,20,5,2,3,1.0,3.0,17,940,0,0,2,1.0,1.0,A01,1,1,1,1,5.0,1964,2014,3,2.0,4,1.0,1.0,0,0,1.0,1.0
201000066236,3,15,5,2,5,1.0,3.0,112,750,0,0,7,6.0,1.0,B01,3,2,1,2,9.0,1975,2010,4,2.0,4,2.0,1.0,0,145,1.0,1.0
201500023340,4,14,1,2,3,1.0,2.0,249,330,0,0,7,1.0,1.0,B01,2,2,1,1,0.0,1992,2015,4,3.0,5,1.0,1.0,0,0,1.0,1.0
201500034450,6,14,1,1,1,1.0,3.0,551,780,0,0,7,3.0,1.0,A01,1,1,1,1,5.0,1987,2015,2,0.0,2,0.0,0.0,70,70,0.0,0.0
200500082035,12,10,5,2,1,1.0,6.0,440,650,0,0,5,1.0,14.0,A01,1,1,1,1,9.0,1977,2005,4,2.0,2,1.0,1.0,0,66,1.0,1.0
200500008780,2,7,1,2,1,1.0,2.0,7,750,0,0,7,1.0,1.0,A01,1,1,1,2,4.0,1978,2005,4,1.0,3,1.0,1.0,0,90,1.0,1.0
200600052090,9,22,1,1,1,1.0,3.0,480,710,0,0,7,8.0,1.0,B02,1,1,1,1,5.0,1924,2006,3,2.0,0,3.0,1.0,0,40,0.0,1.0
201000023380,7,9,1,2,2,1.0,3.0,118,140,0,0,7,1.0,1.0,A01,1,1,1,1,5.0,1977,2010,4,2.0,2,1.0,1.0,0,70,1.0,1.0
201100028298,3,9,1,2,6,1.0,7.0,32,340,0,0,7,1.0,0.0,Z01,0,3,1,2,5.0,1952,2011,3,1.0,2,2.0,2.0,0,70,1.0,1.0
200600005949,1,29,3,1,1,1.0,2.0,445,950,0,0,7,4.0,1.0,B02,4,2,1,2,0.0,2000,2006,3,3.0,0,2.0,1.0,0,150,1.0,1.0
201900055312,1,5,5,2,2,1.0,3.0,75108,75,0,0,7,1.0,1.0,B01,5,2,1,2,5.0,1983,2019,4,1.0,3,1.0,1.0,0,0,1.0,1.0
201500027039,8,18,1,1,1,1.0,3.0,184,440,0,0,1,1.0,1.0,B01,1,1,1,1,5.0,1943,2015,4,2.0,2,1.0,1.0,0,0,1.0,1.0
200600026408,5,27,1,2,1,1.0,2.0,557,310,0,0,7,1.0,2.0,A01,1,1,1,1,5.0,1982,2006,3,2.0,2,1.0,1.0,0,70,1.0,1.0
201400037810,11,15,1,2,2,1.0,3.0,75,870,0,0,7,6.0,1.0,B01,1,1,1,2,1.0,1983,2014,4,2.0,2,0.0,1.0,0,60,1.0,1.0
200700001036,1,8,1,1,1,1.0,1.0,529,250,0,0,14,1.0,1.0,B02,1,1,1,1,4.0,0,2007,4,2.0,2,0.0,2.0,0,38,2.0,1.0
200600033261,6,4,1,2,1,1.0,6.0,375,270,0,0,7,1.0,1.0,B01,1,1,1,2,5.0,1969,2006,4,1.0,1,1.0,1.0,0,35,1.0,1.0
200600060738,10,25,1,2,1,1.0,3.0,55,130,0,0,7,5.0,19.0,A01,1,1,1,1,4.0,1961,2006,4,2.0,6,1.0,1.0,0,151,1.0,1.0
201600036644,1,4,1,2,1,1.0,6.0,657,910,0,0,7,1.0,1.0,A01,0,3,1,1,5.0,1945,2016,4,2.0,2,1.0,1.0,0,70,1.0,1.0
200800073373,12,19,1,1,1,1.0,2.0,120,202,0,0,7,4.0,1.0,B01,1,1,1,1,9.0,1991,2008,2,3.0,4,1.0,1.0,10,70,1.0,1.0
201300014359,11,29,1,2,1,1.0,6.0,55,130,0,0,7,2.0,2.0,A01,1,1,1,1,0.0,1931,2013,4,1.0,0,1.0,1.0,0,0,1.0,1.0
201200015392,6,1,1,2,1,1.0,7.0,55,130,0,0,34,0.0,1.0,A01,1,1,1,1,1.0,1988,2012,4,1.0,1,1.0,3.0,0,77,1.0,1.0
201300051392,4,22,1,2,1,1.0,6.0,108,750,0,0,33,0.0,1.0,A01,1,1,1,1,4.0,1983,2013,4,2.0,4,2.0,1.0,0,120,1.0,1.0
201700047224,3,5,1,1,1,2.0,6.0,277,950,0,0,7,1.0,14.0,A01,1,1,1,1,5.0,1951,2017,1,1.0,2,2.0,2.0,0,0,2.0,1.0
200800004726,1,26,5,2,1,1.0,2.0,116,750,0,0,7,0.0,0.0,A01,1,1,1,2,5.0,1986,2008,4,1.0,3,1.0,1.0,0,0,1.0,1.0
201500002497,4,29,1,2,1,1.0,1.0,533,330,0,0,7,5.0,15.0,A01,1,1,1,1,5.0,1982,2015,3,2.0,0,1.0,1.0,0,100,1.0,1.0
201400026129,10,16,4,2,2,2.0,3.0,44,360,0,0,7,2.0,15.0,A01,1,1,1,1,5.0,1984,2014,4,2.0,2,1.0,1.0,0,0,2.0,1.0
201600014587,4,28,1,2,1,1.0,1.0,213,130,0,0,7,1.0,0.0,A01,1,1,1,2,5.0,1971,2016,4,2.0,2,1.0,3.0,0,60,1.0,1.0
201800027193,3,18,1,2,1,1.0,7.0,7,490,0,0,31,0.0,0.0,A01,2,2,1,1,0.0,1994,2018,4,1.0,0,1.0,1.0,0,0,1.0,1.0
201000028355,10,4,1,2,1,1.0,6.0,555,310,0,0,7,3.0,0.0,A01,1,1,1,1,0.0,1937,2010,4,2.0,0,1.0,1.0,0,0,1.0,1.0
200900027425,10,28,1,2,1,1.0,3.0,110,750,0,0,33,1.0,1.0,B01,1,1,1,1,4.0,1973,2009,4,1.0,3,1.0,1.0,0,94,1.0,1.0
201800014038,9,9,1,2,1,1.0,6.0,715,140,0,0,3,2.0,14.0,A01,1,1,1,2,5.0,2002,2018,3,2.0,2,2.0,1.0,0,0,1.0,3.0
200600013872,3,19,1,2,1,1.0,4.0,8,750,0,0,7,4.0,1.0,C01,1,1,1,2,5.0,1977,2006,4,2.0,8,1.0,1.0,0,240,1.0,1.0
201300009656,4,16,1,2,1,1.0,2.0,185,370,0,0,7,4.0,15.0,A01,1,1,1,2,1.0,1980,2013,3,2.0,2,1.0,1.0,0,60,1.0,1.0
200500030799,5,9,1,2,1,1.0,3.0,65,810,0,0,7,1.0,9.0,B01,1,1,1,2,5.0,1959,2005,2,2.0,3,1.0,1.0,0,0,1.0,1.0
201100033458,9,29,1,2,3,1.0,3.0,121,520,0,0,7,7.0,15.0,A01,1,1,1,1,5.0,1946,2011,3,2.0,3,2.0,3.0,0,100,1.0,1.0
201100002086,3,31,2,1,3,1.0,5.0,192,290,0,0,7,1.0,1.0,B02,1,1,1,2,1.0,1972,2011,3,2.0,2,1.0,1.0,0,70,2.0,1.0
200900053676,7,26,1,1,1,1.0,2.0,25,920,0,0,7,5.0,2.0,B01,3,2,1,1,5.0,2009,2009,1,1.0,3,1.0,1.0,5,35,1.0,1.0
200900039989,8,8,1,2,2,1.0,3.0,113,630,0,0,31,2.0,1.0,B01,1,1,1,1,5.0,1982,2009,4,4.0,3,1.0,1.0,0,0,1.0,0.0
201500001406,7,4,1,2,1,1.0,1.0,93,140,0,0,7,3.0,1.0,B02,1,1,1,1,5.0,1931,2015,3,2.0,0,1.0,1.0,0,61,1.0,1.0
200900014842,5,6,1,2,1,1.0,3.0,330,300,0,0,7,6.0,1.0,B02,1,1,1,1,5.0,1963,2009,3,2.0,2,1.0,1.0,0,60,1.0,1.0
201800038549,2,26,5,2,1,1.0,6.0,50,920,0,0,2,3.0,2.0,A01,1,1,1,1,4.0,2000,2018,3,0.0,2,1.0,1.0,0,75,1.0,4.0
201300013379,1,6,3,1,1,1.0,3.0,1,130,0,0,7,8.0,2.0,B01,3,2,1,2,5.0,1948,2013,2,3.0,4,4.0,1.0,10,72,1.0,1.0
200700076713,12,15,1,2,1,2.0,6.0,4,130,0,0,7,1.0,1.0,A01,1,1,1,2,5.0,1946,2007,4,2.0,2,1.0,1.0,0,77,2.0,1.0
201900000607,11,30,1,2,1,1.0,3.0,0,1001,0,0,7,2.0,21.0,A01,9,2,1,1,5.0,2009,2019,2,2.0,2,1.0,1.0,0,0,1.0,1.0
201100044800,6,6,1,2,1,9.0,6.0,657,910,0,0,7,1.0,0.0,A01,1,1,1,2,0.0,1963,2011,4,2.0,2,0.0,0.0,0,0,0.0,1.0
200500060809,9,8,1,2,6,1.0,3.0,194,850,0,0,7,8.0,1.0,B01,1,1,1,2,1.0,1954,2005,3,2.0,0,1.0,1.0,0,0,1.0,1.0
201100027843,9,12,1,2,1,1.0,2.0,63,330,0,0,7,5.0,15.0,B01,1,1,1,1,0.0,1968,2011,4,1.0,1,1.0,1.0,0,0,1.0,1.0
200600001972,1,18,3,2,9,3.0,5.0,24,640,0,0,7,8.0,9.0,A01,2,2,1,2,0.0,1981,2006,3,2.0,4,1.0,3.0,0,120,2.0,1.0
201100019188,1,28,1,2,1,1.0,3.0,55,130,0,0,7,1.0,1.0,B01,1,1,1,1,4.0,1948,2011,4,2.0,2,1.0,1.0,0,50,1.0,1.0
201000030633,11,16,1,2,3,1.0,3.0,172,340,0,0,7,7.0,15.0,A01,1,1,1,2,5.0,1973,2010,4,1.0,1,3.0,1.0,0,30,1.0,1.0
201200044022,11,26,1,2,1,1.0,3.0,5,930,0,0,7,3.0,0.0,A01,1,1,1,1,0.0,1978,2012,2,1.0,1,1.0,1.0,0,0,1.0,1.0
201700047118,1,18,1,1,1,1.0,2.0,10,930,0,0,14,1.0,0.0,A01,1,1,1,1,0.0,1985,2017,1,1.0,3,1.0,1.0,15,105,1.0,1.0
201700026268,8,14,5,1,1,1.0,6.0,129,340,0,0,7,8.0,21.0,B01,1,1,1,1,5.0,1980,2017,4,3.0,2,1.0,1.0,16,30,1.0,1.0
201100023586,11,25,3,1,1,1.0,2.0,224,500,0,0,15,4.0,1.0,B02,1,1,1,1,4.0,1953,2011,1,3.0,4,2.0,1.0,30,140,1.0,1.0
200700003846,1,20,1,2,1,1.0,3.0,66,680,0,0,30,1.0,17.0,B01,2,2,1,2,0.0,1987,2007,3,2.0,3,1.0,1.0,0,120,1.0,1.0
201100052777,12,14,1,1,1,2.0,3.0,4,201,0,0,7,3.0,1.0,B01,1,1,1,1,0.0,1960,2011,3,2.0,2,2.0,3.0,0,54,2.0,1.0
201700021844,3,26,4,2,2,1.0,1.0,33,180,0,0,7,3.0,15.0,A01,1,1,1,1,0.0,1988,2017,4,3.0,3,0.0,0.0,62,125,0.0,1.0
201600025249,7,20,1,2,6,1.0,2.0,238,350,0,0,7,4.0,2.0,B01,1,1,1,1,1.0,1958,2016,4,2.0,2,1.0,1.0,0,0,2.0,1.0
201800041981,4,27,1,2,6,1.0,3.0,28,940,0,0,7,7.0,16.0,B01,2,2,1,1,9.0,2017,2018,3,3.0,4,1.0,1.0,10,120,1.0,1.0
200900062553,10,9,2,2,2,1.0,6.0,12,920,0,0,7,1.0,15.0,A01,0,3,1,2,0.0,1948,2009,3,0.0,4,1.0,1.0,0,0,1.0,1.0
200600035592,6,28,5,2,1,1.0,6.0,16,750,0,0,4,4.0,1.0,B01,1,1,1,2,5.0,1975,2006,4,1.0,1,1.0,1.0,0,30,1.0,1.0
201700051309,3,11,1,1,1,1.0,2.0,96,330,0,0,7,6.0,14.0,B01,1,1,1,2,5.0,1986,2017,1,3.0,6,1.0,1.0,10,210,1.0,1.0
201800038064,1,12,5,2,3,1.0,3.0,36,920,0,0,7,1.0,1.0,A01,1,1,1,1,4.0,1960,2018,4,2.0,2,1.0,1.0,0,100,1.0,1.0
200900055020,9,26,1,1,1,1.0,1.0,139,340,0,0,7,3.0,13.0,A01,1,1,1,1,5.0,1966,2009,3,2.0,2,0.0,1.0,0,70,1.0,1.0
201400052070,11,17,5,2,7,2.0,2.0,101,750,0,0,31,1.0,2.0,A01,1,1,1,1,4.0,1981,2014,4,1.0,1,1.0,1.0,0,145,2.0,1.0
200500060277,9,17,1,2,1,1.0,3.0,15,750,0,0,7,7.0,1.0,B01,1,1,1,2,9.0,1980,2005,4,3.0,3,1.0,1.0,15,90,1.0,1.0
200500050806,8,27,1,1,1,1.0,4.0,103,130,0,0,7,1.0,2.0,C01,1,1,1,2,5.0,1961,2005,2,1.0,1,2.0,1.0,0,33,2.0,1.0
200700065216,10,6,1,2,2,1.0,3.0,479,910,0,0,10,2.0,19.0,A01,4,2,1,1,0.0,1957,2007,4,2.0,2,1.0,1.0,0,0,1.0,1.0
201100054985,5,18,1,1,1,1.0,5.0,345,910,0,0,7,8.0,1.0,A01,1,1,1,2,1.0,1968,2011,1,3.0,6,4.0,1.0,15,210,1.0,1.0
200900060420,9,11,1,2,1,1.0,3.0,278,680,0,0,7,3.0,1.0,B02,1,1,1,1,5.0,1935,2009,4,2.0,2,1.0,1.0,0,55,1.0,1.0
201000032699,4,22,1,2,3,1.0,1.0,184,420,0,0,2,1.0,1.0,B01,1,1,1,1,5.0,1994,2010,4,2.0,2,1.0,1.0,0,131,1.0,1.0
201100027450,4,7,1,2,3,1.0,3.0,318,330,0,0,7,1.0,15.0,A01,1,1,1,2,5.0,1992,2011,4,2.0,2,1.0,1.0,0,0,1.0,1.0
201900051119,12,5,5,2,9,1.0,3.0,13047,13,0,0,7,3.0,9.0,A01,1,1,1,2,0.0,1981,2019,4,1.0,1,1.0,2.0,0,0,1.0,1.0
200600010375,2,27,1,2,1,1.0,7.0,31,930,0,0,7,9.0,0.0,A01,1,1,1,2,2.0,1934,2006,3,1.0,2,1.0,1.0,20,62,1.0,1.0
201700018713,1,13,1,1,1,8.0,5.0,547,710,0,0,38,3.0,1.0,B02,7,2,1,1,9.0,2001,2017,2,3.0,4,2.0,3.0,0,0,2.0,1.0
200500029129,5,18,1,2,1,1.0,3.0,672,570,0,0,7,7.0,16.0,A01,1,1,1,2,9.0,1960,2005,3,1.0,2,1.0,3.0,0,0,1.0,1.0
200500086195,8,10,1,2,6,1.0,1.0,125,971,0,0,7,1.0,9.0,A01,1,1,1,2,5.0,1956,2005,3,0.0,2,1.0,0.0,0,77,1.0,1.0
201000064992,9,20,1,2,2,1.0,6.0,117,750,0,0,7,3.0,1.0,A01,1,1,1,2,5.0,1941,2010,4,1.0,1,1.0,1.0,0,0,1.0,1.0
201700019133,9,5,1,1,1,1.0,2.0,99,330,0,0,7,4.0,23.0,B01,2,2,1,1,4.0,1991,2017,3,2.0,2,1.0,1.0,0,72,1.0,1.0
200900040412,8,4,1,2,2,1.0,3.0,397,610,0,0,7,8.0,1.0,B01,1,1,1,1,3.0,1974,2009,3,2.0,2,1.0,1.0,0,65,0.0,1.0
201800006536,8,21,1,2,1,1.0,6.0,485,380,0,0,7,6.0,4.0,A01,0,3,1,2,5.0,1963,2018,6,0.0,0,1.0,1.0,0,0,1.0,1.0
201900057924,9,21,1,2,7,1.0,2.0,75115,75,0,0,1,2.0,2.0,A01,1,1,1,1,0.0,1986,2019,4,1.0,2,1.0,2.0,0,0,1.0,1.0
201100007642,4,4,1,2,6,1.0,6.0,261,380,0,0,7,1.0,19.0,A01,0,3,1,1,2.0,2003,2011,2,2.0,0,1.0,1.0,0,0,1.0,1.0
200600013453,3,8,1,2,2,2.0,3.0,8,750,0,0,7,2.0,15.0,A01,1,1,1,2,5.0,1978,2006,4,1.0,1,1.0,1.0,0,30,2.0,1.0
200700073493,11,23,3,1,1,2.0,3.0,55,310,0,0,7,8.0,1.0,B02,1,1,1,1,4.0,1958,2007,3,2.0,0,2.0,1.0,0,64,2.0,1.0
201000055796,8,15,3,1,1,2.0,6.0,27,930,0,0,7,3.0,1.0,A01,3,2,1,2,0.0,1944,2010,1,1.0,2,3.0,3.0,0,70,2.0,1.0
201400024625,10,3,1,2,6,1.0,5.0,281,330,0,0,7,1.0,1.0,B01,1,1,1,1,5.0,1936,2014,4,1.0,2,1.0,1.0,0,0,1.0,1.0
201700013008,11,11,1,1,3,3.0,5.0,275,400,0,0,7,6.0,15.0,A01,9,2,1,1,0.0,2010,2017,3,2.0,2,1.0,0.0,0,20,1.0,1.0
200600011265,3,3,1,2,2,1.0,3.0,88,60,0,0,5,8.0,1.0,B01,1,1,1,1,5.0,1955,2006,4,1.0,2,1.0,1.0,0,50,1.0,1.0
201000001675,10,13,1,1,3,1.0,3.0,127,350,0,0,7,3.0,1.0,A01,1,1,1,1,0.0,1963,2010,3,2.0,0,1.0,1.0,0,75,1.0,3.0
200900022409,1,20,3,1,8,4.0,1.0,168,260,0,0,15,5.0,1.0,A01,2,2,1,1,0.0,1985,2009,3,2.0,2,2.0,4.0,0,0,5.0,1.0
200700071256,11,16,1,2,1,1.0,3.0,16,940,0,0,7,8.0,10.0,A01,1,1,1,2,0.0,1971,2007,4,1.0,0,0.0,1.0,0,0,1.0,1.0
201100056070,12,18,1,2,1,2.0,6.0,384,690,0,0,7,4.0,4.0,A01,1,1,1,1,5.0,1950,2011,4,1.0,1,1.0,1.0,0,33,2.0,1.0
201200005434,6,9,1,1,1,1.0,3.0,168,420,0,0,7,3.0,9.0,A01,1,1,1,1,4.0,1982,2012,3,2.0,2,0.0,0.0,0,0,0.0,0.0
201800048031,1,15,1,2,6,1.0,2.0,388,690,0,0,7,1.0,16.0,A01,1,1,1,2,1.0,1989,2018,4,2.0,2,1.0,3.0,0,60,1.0,1.0
200600051557,9,20,1,2,6,1.0,3.0,52,690,0,0,7,8.0,0.0,B02,1,1,1,2,0.0,1964,2006,3,0.0,0,0.0,0.0,0,0,0.0,0.0
201200027717,10,16,1,2,2,1.0,3.0,261,370,0,0,7,2.0,16.0,A01,1,1,1,1,0.0,1990,2012,4,2.0,2,1.0,1.0,0,90,2.0,1.0
200700020105,4,25,1,2,2,1.0,6.0,65,410,0,0,7,2.0,0.0,B02,2,2,1,1,0.0,1932,2007,4,2.0,2,1.0,1.0,0,0,1.0,1.0
201400046224,6,6,1,1,1,1.0,3.0,585,950,0,0,7,3.0,15.0,A01,1,1,1,1,5.0,1967,2014,3,2.0,2,1.0,4.0,0,0,1.0,1.0
201600049868,10,12,1,1,1,1.0,3.0,162,330,0,0,33,1.0,3.0,B01,1,1,1,1,1.0,1983,2016,1,3.0,4,1.0,1.0,15,140,1.0,1.0
201400000737,12,25,1,1,2,1.0,3.0,449,270,0,0,7,3.0,1.0,A01,3,2,1,1,5.0,2011,2014,3,2.0,2,1.0,1.0,0,0,1.0,1.0
201500039913,6,8,1,2,6,1.0,3.0,7,930,0,0,7,7.0,12.0,A01,1,1,1,1,1.0,1993,2015,4,1.0,2,1.0,2.0,0,0,1.0,1.0
201800025331,5,13,1,2,6,1.0,6.0,261,370,0,0,7,1.0,1.0,A01,1,1,1,1,5.0,1947,2018,4,3.0,6,1.0,1.0,0,0,1.0,3.0
201100010001,12,21,4,1,1,2.0,1.0,323,510,0,0,7,3.0,13.0,A01,2,2,1,2,5.0,1975,2011,2,2.0,2,1.0,1.0,0,71,2.0,1.0
200800010311,2,11,1,2,1,1.0,6.0,607,950,0,0,10,1.0,15.0,A01,0,3,1,2,5.0,1946,2008,4,2.0,2,1.0,1.0,0,50,1.0,1.0
200700014304,3,29,3,1,1,1.0,6.0,56,250,0,0,7,2.0,14.0,A01,1,1,1,1,5.0,1987,2007,4,2.0,2,2.0,1.0,0,0,2.0,3.0
200600044293,7,1,1,1,1,1.0,3.0,381,770,0,0,7,1.0,2.0,B02,3,2,1,2,0.0,1975,2006,3,2.0,2,1.0,1.0,0,70,1.0,1.0
200500066901,10,19,1,2,2,1.0,3.0,19,570,0,0,7,3.0,1.0,A01,1,1,1,1,5.0,1981,2005,4,2.0,2,1.0,1.0,0,60,1.0,1.0
200800037733,7,4,3,1,1,1.0,3.0,1,280,0,0,7,3.0,1.0,A01,1,1,1,1,5.0,1978,2008,3,2.0,2,2.0,1.0,0,56,1.0,1.0
200600014576,3,8,5,2,1,2.0,3.0,51,920,0,0,7,0.0,5.0,B01,1,1,1,1,0.0,1948,2006,4,2.0,2,1.0,1.0,0,0,2.0,1.0
201500016821,12,21,1,2,1,1.0,6.0,46,400,0,0,7,1.0,15.0,A01,1,1,1,1,5.0,1996,2015,4,1.0,0,1.0,1.0,0,0,1.0,1.0
200600025907,5,19,1,2,1,1.0,3.0,55,130,0,0,7,5.0,12.0,A01,1,1,1,2,0.0,1982,2006,4,3.0,2,2.0,2.0,0,64,1.0,1.0
200700003534,1,4,1,2,1,1.0,6.0,512,590,0,0,7,0.0,1.0,A01,1,1,1,1,4.0,1960,2007,4,2.0,2,1.0,1.0,0,0,2.0,1.0
200500015263,3,25,1,2,3,1.0,5.0,185,380,0,0,7,7.0,23.0,E01,1,1,1,1,0.0,1938,2005,2,3.0,6,1.0,0.0,20,165,1.0,1.0
201800050410,12,16,1,2,5,8.0,6.0,102,750,13,15,32,3.0,1.0,A01,1,1,1,1,5.0,1984,2018,4,2.0,2,1.0,1.0,0,0,2.0,1.0
201400036335,5,6,1,2,6,3.0,3.0,21,800,0,0,1,1.0,1.0,B01,1,1,1,1,0.0,1969,2014,4,2.0,2,1.0,1.0,0,0,2.0,1.0
200900026051,8,12,1,1,1,1.0,5.0,482,670,0,0,7,7.0,1.0,A01,1,1,1,2,4.0,1956,2009,1,3.0,3,1.0,1.0,25,105,1.0,1.0
200800076546,8,5,5,2,3,1.0,5.0,302,973,0,0,7,2.0,16.0,B01,1,1,1,2,4.0,1975,2008,3,2.0,2,1.0,1.0,0,72,1.0,5.0