num_acc,mois,jour,lum,agg,int,atm,col,com,dep,hr,mn,catv,choc,manv,num_veh,place,catu,grav,sexe,trajet,an_nais,annee,catr,circ,nbv,prof,plan,lartpc,larrout,surf,situ
201500008995,10,10,5,2,2,1.0,3.0,206,780,0,0,30,1.0,1.0,A01,1,1,1,1,5.0,1998,2015,9,2.0,0,2.0,0.0,0,0,0.0,0.0
201200032759,5,26,1,2,1,1.0,3.0,512,590,0,0,1,8.0,11.0,B01,1,1,1,2,5.0,1972,2012,4,3.0,4,1.0,1.0,0,0,1.0,1.0
200900072949,2,3,1,1,1,1.0,3.0,13,972,0,0,7,1.0,2.0,A01,1,1,1,1,0.0,1970,2009,3,2.0,2,2.0,0.0,0,0,1.0,1.0
200800022871,1,3,5,2,2,1.0,3.0,294,770,0,0,7,1.0,0.0,B01,1,1,1,2,0.0,1965,2008,4,0.0,2,1.0,1.0,0,0,2.0,1.0
200900037106,6,8,1,2,1,2.0,6.0,114,290,0,0,7,2.0,1.0,A01,1,1,1,1,1.0,1990,2009,3,2.0,2,1.0,1.0,0,62,2.0,1.0
201000063043,12,1,5,2,3,4.0,5.0,112,750,0,0,32,1.0,2.0,C01,1,1,1,1,1.0,1982,2010,4,2.0,2,1.0,1.0,0,65,2.0,1.0
200500011195,2,20,1,1,1,9.0,6.0,40,730,0,0,7,7.0,14.0,A01,0,3,1,1,5.0,1936,2005,3,3.0,2,0.0,3.0,0,0,5.0,3.0
200600060655,10,10,1,1,1,1.0,4.0,55,130,0,0,7,1.0,2.0,C01,1,1,1,1,2.0,1983,2006,3,2.0,2,2.0,1.0,0,0,1.0,1.0
200900024751,7,17,1,2,2,2.0,5.0,302,450,0,0,10,1.0,17.0,A01,4,2,1,1,0.0,1977,2009,2,3.0,4,2.0,1.0,15,90,2.0,1.0
200900051914,5,26,1,2,3,1.0,3.0,48,930,0,0,10,7.0,0.0,A01,1,1,1,1,4.0,1958,2009,4,1.0,2,1.0,1.0,0,0,1.0,1.0
200900045990,6,20,1,2,1,1.0,4.0,310,30,0,0,7,4.0,23.0,C01,1,1,1,2,5.0,1977,2009,4,2.0,2,1.0,1.0,0,50,1.0,1.0
201300011733,2,22,3,1,1,1.0,3.0,530,380,0,0,7,3.0,13.0,A01,2,2,1,2,0.0,1955,2013,1,1.0,3,1.0,3.0,15,105,1.0,1.0
201800000361,10,9,1,1,6,1.0,2.0,647,760,0,0,7,2.0,16.0,A01,1,1,1,1,3.0,1935,2018,3,0.0,1,1.0,2.0,0,0,1.0,1.0
201600055130,9,10,5,2,1,1.0,6.0,116,750,0,0,7,2.0,14.0,A01,1,1,1,1,0.0,1960,2016,4,1.0,1,1.0,1.0,0,70,1.0,1.0
200500073463,11,18,1,2,1,1.0,3.0,63,330,0,0,7,8.0,10.0,A01,1,1,1,1,0.0,1947,2005,3,1.0,2,1.0,1.0,0,72,1.0,1.0
200700066340,10,29,1,1,1,3.0,7.0,3,940,0,0,32,8.0,1.0,A01,1,1,1,1,1.0,1983,2007,1,3.0,6,2.0,1.0,10,260,2.0,1.0
201600014115,2,20,1,2,1,1.0,4.0,55,130,0,0,7,1.0,2.0,A01,1,1,1,2,5.0,1982,2016,4,2.0,0,1.0,1.0,10,120,1.0,1.0
200900018798,3,23,1,2,1,8.0,2.0,181,720,0,0,7,4.0,15.0,B01,1,1,1,1,4.0,1950,2009,4,2.0,2,1.0,1.0,0,60,1.0,1.0
200900022323,7,29,1,1,3,1.0,3.0,368,490,0,0,7,2.0,17.0,B02,1,1,1,1,1.0,1989,2009,3,2.0,2,1.0,1.0,0,60,1.0,1.0
201700021703,6,12,1,2,1,1.0,1.0,131,830,0,0,10,3.0,13.0,A01,2,2,1,1,1.0,1977,2017,3,2.0,2,1.0,0.0,6,110,1.0,0.0
201400014207,2,26,1,2,1,2.0,3.0,55,130,0,0,7,3.0,9.0,A01,1,1,1,1,0.0,1957,2014,4,1.0,0,1.0,1.0,0,0,2.0,1.0
200500034165,6,13,1,2,1,1.0,2.0,274,540,0,0,7,4.0,4.0,A01,1,1,1,2,0.0,1950,2005,4,2.0,0,1.0,1.0,0,0,1.0,1.0
201800048513,9,3,1,2,1,1.0,6.0,259,690,0,0,7,0.0,0.0,A01,1,1,1,1,0.0,1983,2018,4,0.0,1,1.0,1.0,0,0,1.0,3.0
201600025569,8,3,5,2,7,1.0,3.0,44,360,0,0,7,4.0,1.0,B01,1,1,1,2,9.0,1996,2016,4,2.0,2,1.0,1.0,0,0,1.0,1.0
201400042128,12,27,5,2,0,2.0,2.0,27,930,0,0,7,1.0,1.0,B01,4,2,1,1,4.0,1987,2014,4,1.0,2,1.0,0.0,0,0,2.0,1.0
200600000967,1,31,2,2,1,2.0,2.0,555,310,0,0,10,4.0,24.0,B01,1,1,1,1,4.0,1957,2006,4,2.0,2,1.0,1.0,0,6,2.0,1.0
200700022554,4,27,1,2,3,1.0,6.0,440,650,0,0,2,0.0,1.0,A01,0,3,1,2,4.0,1951,2007,4,2.0,2,1.0,1.0,0,100,1.0,1.0
201000043791,8,30,1,2,1,1.0,6.0,118,780,0,0,33,1.0,17.0,A01,1,1,1,1,5.0,1974,2010,4,2.0,2,1.0,1.0,0,68,1.0,1.0
200900020029,2,28,1,1,1,1.0,1.0,101,60,0,0,10,1.0,0.0,B02,1,2,1,2,0.0,1997,2009,3,2.0,2,0.0,2.0,71,81,1.0,0.0
201500008986,1,13,3,1,1,1.0,3.0,202,780,0,0,7,1.0,1.0,A01,1,1,1,1,1.0,1979,2015,3,2.0,2,1.0,3.0,0,60,1.0,1.0
201800049859,5,28,1,1,1,1.0,2.0,81,130,18,30,7,4.0,2.0,A01,1,1,1,1,4.0,1986,2018,1,1.0,2,1.0,1.0,0,0,1.0,3.0
201000006320,1,8,5,2,1,4.0,3.0,287,120,0,0,7,1.0,1.0,B02,2,2,1,2,0.0,1958,2010,3,2.0,0,4.0,1.0,0,66,5.0,1.0
201300025947,5,4,1,2,1,1.0,6.0,261,370,0,0,7,0.0,0.0,A01,1,1,1,2,0.0,1968,2013,4,2.0,0,0.0,0.0,0,0,0.0,1.0
201500038781,1,11,1,2,1,1.0,3.0,50,920,0,0,7,6.0,10.0,B01,1,1,1,1,5.0,1994,2015,3,2.0,2,2.0,1.0,0,31,1.0,1.0
201600013564,7,6,1,2,1,1.0,2.0,5,130,0,0,7,1.0,2.0,B01,1,1,1,1,0.0,1970,2016,2,2.0,2,1.0,1.0,0,72,1.0,1.0
200600065206,10,5,5,1,1,1.0,2.0,18,940,0,0,32,1.0,2.0,B01,1,1,1,1,5.0,1975,2006,1,3.0,3,1.0,1.0,15,210,1.0,1.0
200800017782,4,25,1,1,1,1.0,2.0,350,570,0,0,7,4.0,0.0,B02,1,1,1,1,0.0,1986,2008,3,1.0,0,1.0,3.0,200,80,1.0,1.0
201500012961,5,27,1,2,1,1.0,2.0,145,120,0,0,7,6.0,15.0,B01,1,1,1,1,1.0,1979,2015,3,2.0,0,1.0,1.0,0,57,1.0,1.0
200600035433,6,20,1,2,3,1.0,3.0,7,750,0,0,7,3.0,15.0,B01,1,1,1,1,5.0,1984,2006,4,2.0,2,1.0,1.0,0,60,1.0,1.0
200700009729,2,6,2,2,3,1.0,6.0,14,750,0,0,7,1.0,16.0,A01,0,3,1,2,5.0,1945,2007,4,2.0,2,1.0,1.0,0,60,1.0,1.0
201500048867,10,23,5,2,1,1.0,4.0,387,690,0,0,7,5.0,4.0,A01,1,1,1,1,5.0,1982,2015,4,1.0,1,1.0,1.0,0,50,1.0,1.0
201400007585,9,3,1,1,1,2.0,1.0,65,900,0,0,7,3.0,1.0,B02,4,2,1,1,0.0,2011,2014,3,2.0,0,1.0,3.0,0,59,1.0,1.0
201600046138,9,14,1,1,1,1.0,2.0,27,930,0,0,31,1.0,0.0,A01,1,1,1,1,0.0,1991,2016,1,1.0,4,0.0,1.0,0,30,1.0,1.0
201100039069,9,6,1,2,3,1.0,3.0,482,670,0,0,3,2.0,16.0,B01,1,1,1,1,5.0,1942,2011,4,1.0,2,1.0,3.0,0,100,1.0,1.0
200500074677,11,7,5,2,3,1.0,3.0,482,670,0,0,7,2.0,15.0,A01,1,1,1,1,5.0,1956,2005,4,2.0,5,1.0,1.0,0,151,1.0,1.0
200500007522,2,3,5,2,3,1.0,3.0,189,300,0,0,7,2.0,19.0,A01,1,1,1,1,1.0,1948,2005,4,1.0,2,1.0,1.0,0,0,1.0,1.0
200500045220,7,27,1,2,1,1.0,2.0,463,570,0,0,1,4.0,1.0,B01,1,1,1,1,5.0,1991,2005,4,2.0,2,1.0,1.0,0,75,1.0,1.0
200900065237,11,30,4,2,9,1.0,6.0,137,830,0,0,33,3.0,17.0,A01,0,3,1,2,5.0,1940,2009,3,2.0,1,1.0,1.0,15,87,1.0,1.0
201200054093,8,18,1,2,1,1.0,6.0,105,750,0,0,7,1.0,7.0,A01,1,1,1,1,0.0,1975,2012,4,1.0,3,1.0,1.0,7,140,1.0,4.0
201400041090,12,10,1,2,1,1.0,6.0,77,920,0,0,1,8.0,1.0,B01,1,1,1,1,4.0,1987,2014,4,1.0,1,2.0,1.0,0,50,1.0,4.0
201500041692,6,12,1,2,2,1.0,3.0,78,930,0,0,7,1.0,2.0,A01,1,1,1,1,0.0,1989,2015,4,2.0,0,1.0,1.0,0,0,1.0,1.0
201000065292,6,16,1,2,2,1.0,2.0,118,750,0,0,7,4.0,23.0,B01,1,1,1,1,3.0,1957,2010,4,2.0,2,1.0,1.0,100,60,1.0,1.0
201700047866,9,14,1,1,1,1.0,6.0,241,950,0,0,34,1.0,1.0,A01,1,1,1,1,1.0,1971,2017,2,3.0,4,1.0,2.0,0,0,1.0,1.0
200800063247,11,22,3,1,1,2.0,6.0,185,170,0,0,7,7.0,1.0,A01,1,1,1,1,5.0,1964,2008,3,2.0,2,1.0,1.0,0,61,2.0,0.0
201300021766,2,26,1,2,1,1.0,4.0,19,290,0,0,7,6.0,24.0,C01,2,2,1,2,5.0,1980,2013,4,2.0,2,1.0,2.0,0,0,1.0,0.0
201800023125,6,20,1,2,6,1.0,3.0,149,310,0,0,7,0.0,9.0,A01,1,1,1,1,0.0,1990,2018,4,1.0,2,1.0,1.0,0,0,1.0,3.0
200500076043,11,1,5,2,3,1.0,3.0,194,850,0,0,7,1.0,15.0,A01,1,1,1,1,5.0,1968,2005,4,2.0,0,1.0,1.0,0,0,1.0,1.0
201000017146,10,21,1,2,1,1.0,6.0,88,60,0,0,2,5.0,1.0,A01,1,1,1,2,0.0,1967,2010,4,1.0,2,1.0,1.0,0,0,1.0,1.0
201800052083,6,30,5,2,1,1.0,2.0,112,750,0,0,7,4.0,23.0,B01,1,1,1,1,0.0,1977,2018,4,3.0,1,1.0,1.0,0,0,1.0,1.0
200800054000,9,11,2,2,1,1.0,4.0,114,750,0,0,7,4.0,23.0,C01,1,1,1,1,5.0,1982,2008,4,1.0,1,2.0,1.0,0,35,1.0,1.0
200800073139,12,2,1,2,1,1.0,4.0,71,930,0,0,7,9.0,0.0,B01,1,1,1,1,0.0,1970,2008,4,2.0,2,1.0,1.0,0,0,1.0,1.0
200500034634,6,4,2,2,2,1.0,3.0,124,630,0,0,7,3.0,1.0,B01,1,1,1,1,9.0,1963,2005,4,2.0,2,1.0,1.0,0,68,1.0,1.0
200700067059,10,5,1,2,1,1.0,6.0,114,750,0,0,33,8.0,0.0,A01,0,3,1,2,9.0,1995,2007,4,2.0,2,1.0,1.0,0,120,1.0,1.0
200900012723,7,20,1,2,1,1.0,4.0,113,750,0,0,34,7.0,23.0,B01,1,1,1,1,1.0,1969,2009,4,2.0,4,2.0,1.0,0,158,1.0,1.0
201600050531,3,2,3,1,1,8.0,4.0,55,130,0,0,7,1.0,2.0,C01,3,2,1,1,1.0,1993,2016,1,1.0,3,2.0,1.0,20,25,1.0,1.0
200700024582,4,5,1,2,1,1.0,3.0,68,940,0,0,31,1.0,1.0,B01,1,1,1,1,1.0,1962,2007,2,2.0,4,1.0,1.0,0,200,1.0,1.0
201500027709,12,17,1,2,3,1.0,3.0,7,490,0,0,7,3.0,0.0,B01,1,1,1,2,1.0,1961,2015,4,2.0,2,1.0,1.0,0,99,2.0,1.0
200500035177,6,6,1,2,1,1.0,6.0,19,750,0,0,7,3.0,1.0,B01,1,1,1,2,5.0,1932,2005,4,1.0,2,1.0,1.0,0,60,1.0,1.0
201700057236,3,14,1,2,7,1.0,3.0,119,750,0,0,32,2.0,1.0,A01,1,1,1,1,0.0,1990,2017,4,0.0,0,1.0,0.0,80,80,1.0,1.0
201100036848,12,20,5,2,1,1.0,6.0,193,620,0,0,7,2.0,1.0,A01,1,1,1,1,1.0,1977,2011,4,2.0,0,1.0,1.0,0,90,1.0,1.0
201000054655,3,18,1,2,2,1.0,6.0,424,950,0,0,7,2.0,15.0,A01,1,1,1,2,0.0,1960,2010,3,2.0,4,0.0,0.0,0,0,0.0,1.0
201800006602,3,6,1,1,1,1.0,6.0,521,20,0,0,7,2.0,1.0,A01,4,2,1,2,5.0,1998,2018,1,3.0,4,2.0,1.0,0,0,1.0,1.0
201400015462,8,29,1,2,1,1.0,2.0,55,130,0,0,7,1.0,2.0,A01,2,2,1,2,5.0,1942,2014,4,2.0,0,1.0,1.0,0,0,1.0,1.0
201700037901,6,15,1,2,1,1.0,2.0,194,860,0,0,7,1.0,12.0,A01,1,1,1,2,9.0,1962,2017,3,1.0,4,1.0,1.0,0,90,1.0,1.0
201400007734,9,20,2,1,3,1.0,3.0,4,130,0,0,7,3.0,15.0,B02,1,1,1,1,5.0,1929,2014,3,2.0,2,0.0,1.0,0,0,1.0,1.0
201400004917,7,15,1,1,1,1.0,6.0,478,380,0,0,7,2.0,1.0,A01,2,2,1,2,0.0,1971,2014,3,2.0,0,0.0,1.0,0,70,1.0,3.0
200500065047,10,4,1,2,1,1.0,1.0,105,80,0,0,7,3.0,1.0,B01,1,1,1,2,5.0,1956,2005,4,2.0,2,2.0,1.0,0,60,1.0,1.0
201500033097,6,14,3,2,1,1.0,7.0,306,710,0,0,7,1.0,1.0,A01,1,1,1,1,5.0,1992,2015,4,1.0,2,1.0,3.0,0,70,1.0,4.0
200600056364,9,15,1,2,1,2.0,4.0,15,750,0,0,15,2.0,12.0,A01,1,1,1,1,4.0,1979,2006,4,3.0,3,1.0,1.0,15,90,2.0,1.0
200600070204,11,10,1,2,1,1.0,1.0,6,930,0,0,7,7.0,17.0,A01,1,1,1,2,1.0,1968,2006,4,0.0,0,2.0,1.0,0,0,1.0,1.0
201300014562,3,10,4,2,4,1.0,3.0,75,130,0,0,7,1.0,0.0,B01,1,1,1,1,0.0,1993,2013,4,2.0,1,1.0,1.0,0,50,1.0,1.0
201300043779,4,6,1,2,1,1.0,1.0,73,940,0,0,7,1.0,0.0,B01,1,1,1,2,5.0,1981,2013,3,0.0,0,1.0,1.0,0,0,1.0,1.0
201900051491,2,18,3,2,3,1.0,3.0,66136,66,0,0,7,2.0,1.0,B01,1,1,1,1,0.0,1967,2019,4,2.0,-1,1.0,1.0,0,0,1.0,1.0
201800041648,1,14,5,2,1,1.0,3.0,18,940,0,0,7,3.0,9.0,A01,2,2,1,1,5.0,1965,2018,4,2.0,2,1.0,1.0,141,109,1.0,1.0
201300005762,10,11,2,1,1,1.0,6.0,645,570,0,0,33,1.0,17.0,A01,1,1,1,1,3.0,1989,2013,6,0.0,2,1.0,1.0,0,60,1.0,1.0
201000009977,10,4,1,1,1,1.0,4.0,202,670,0,0,7,1.0,1.0,A01,1,1,1,1,9.0,1962,2010,3,2.0,2,1.0,1.0,0,0,1.0,1.0
201300049841,5,23,1,1,1,1.0,5.0,117,130,0,0,7,4.0,1.0,B01,1,1,1,2,1.0,1986,2013,1,1.0,2,1.0,1.0,30,70,1.0,1.0
200500063858,10,1,1,2,1,8.0,6.0,88,210,0,0,7,1.0,13.0,A01,2,2,1,1,0.0,1985,2005,3,2.0,2,1.0,0.0,0,0,2.0,1.0
201500044580,3,28,5,1,1,1.0,4.0,112,750,0,0,10,5.0,2.0,B01,1,1,1,1,4.0,1959,2015,1,0.0,4,0.0,0.0,0,0,0.0,1.0
200800049700,9,28,3,1,1,1.0,5.0,42,280,0,0,7,1.0,1.0,D04,2,2,1,2,0.0,1984,2008,1,3.0,3,1.0,1.0,8,138,1.0,1.0
200800062642,11,12,1,1,1,1.0,2.0,324,260,0,0,17,0.0,1.0,B02,1,1,1,1,4.0,1975,2008,1,1.0,3,1.0,1.0,10,120,1.0,1.0
201800049612,11,9,3,1,1,2.0,6.0,69,830,0,0,32,1.0,14.0,A01,1,1,1,1,9.0,1996,2018,1,3.0,4,1.0,1.0,0,0,2.0,3.0
201500033598,3,6,1,2,2,1.0,3.0,681,760,0,0,2,8.0,1.0,A01,1,1,1,1,0.0,1994,2015,4,2.0,2,1.0,1.0,0,56,1.0,1.0
201100030622,1,2,1,2,1,1.0,2.0,18,410,0,0,7,4.0,2.0,B01,0,3,1,1,5.0,1943,2011,4,2.0,2,1.0,1.0,0,0,1.0,1.0
201300044984,11,1,1,2,6,2.0,6.0,203,950,0,0,7,1.0,16.0,A01,0,3,1,2,5.0,1983,2013,4,1.0,1,1.0,1.0,0,0,2.0,1.0
201500054297,10,12,1,2,3,1.0,3.0,116,750,0,0,32,2.0,1.0,B01,1,1,1,1,5.0,1981,2015,4,2.0,4,1.0,1.0,0,0,1.0,1.0
201800048916,6,8,2,1,1,1.0,2.0,318,330,0,0,7,6.0,1.0,B01,2,2,1,2,1.0,1994,2018,1,3.0,8,1.0,2.0,0,0,1.0,1.0
200600041964,7,4,1,1,1,1.0,3.0,560,590,0,0,7,8.0,9.0,A01,1,1,1,2,0.0,1980,2006,1,3.0,3,1.0,1.0,20,130,1.0,1.0
200500085379,5,22,3,1,1,1.0,3.0,128,971,0,0,7,1.0,1.0,B02,1,1,1,1,5.0,1977,2005,2,2.0,0,1.0,3.0,0,62,1.0,1.0
200900000022,1,19,1,2,1,1.0,2.0,104,750,0,0,10,4.0,2.0,B01,1,1,1,1,4.0,1957,2009,4,1.0,3,1.0,1.0,0,69,1.0,1.0
201600031897,11,16,1,2,1,1.0,2.0,483,640,0,0,7,4.0,1.0,B01,1,1,1,2,0.0,1946,2016,3,1.0,1,1.0,3.0,0,0,1.0,1.0
201500044245,9,14,1,2,1,1.0,3.0,424,950,0,0,33,1.0,17.0,B01,1,1,1,1,1.0,1990,2015,3,2.0,2,1.0,1.0,0,0,1.0,1.0
201800045489,11,24,3,1,1,3.0,6.0,27,930,0,0,7,0.0,1.0,A01,3,2,1,1,0.0,1999,2018,1,3.0,6,1.0,1.0,0,0,3.0,3.0
201100020414,6,10,1,2,1,1.0,7.0,55,130,0,0,7,2.0,13.0,A01,0,3,1,2,3.0,1994,2011,4,2.0,1,1.0,1.0,0,90,1.0,1.0
201400055750,10,13,1,2,3,1.0,5.0,116,750,0,0,7,6.0,23.0,B01,1,1,1,1,0.0,1963,2014,4,2.0,2,1.0,1.0,0,0,1.0,1.0
200800031766,6,4,1,2,1,1.0,3.0,55,130,0,0,34,7.0,1.0,B01,1,1,1,1,1.0,1978,2008,4,1.0,1,1.0,0.0,0,0,1.0,1.0
200500039880,6,12,1,2,1,1.0,7.0,210,370,0,0,5,7.0,1.0,A01,1,1,1,1,5.0,1977,2005,3,2.0,0,0.0,2.0,0,55,9.0,1.0
200600007959,2,15,1,2,3,2.0,1.0,279,180,0,0,2,1.0,21.0,A01,1,1,1,1,9.0,1966,2006,4,2.0,2,2.0,1.0,0,70,2.0,1.0
201400051329,5,19,1,1,1,2.0,4.0,55,130,0,0,7,4.0,2.0,B01,2,2,1,1,4.0,1965,2014,1,0.0,3,1.0,1.0,15,105,2.0,1.0
201700057760,12,18,5,2,1,1.0,2.0,120,750,0,0,7,6.0,23.0,B01,1,1,1,1,4.0,1971,2017,4,2.0,2,2.0,1.0,0,80,1.0,1.0
200500038441,6,5,1,1,1,1.0,6.0,375,310,0,0,7,1.0,1.0,A01,1,1,1,1,5.0,1971,2005,3,2.0,0,0.0,2.0,0,0,1.0,3.0
200600000739,1,19,3,2,1,1.0,5.0,37,240,0,0,2,9.0,1.0,B01,1,1,1,1,1.0,1990,2006,2,2.0,1,1.0,1.0,0,70,1.0,1.0
201400015260,8,5,1,2,1,1.0,6.0,55,130,0,0,7,3.0,6.0,A01,1,1,1,1,5.0,1990,2014,4,2.0,0,1.0,1.0,0,0,1.0,1.0
201400006548,11,29,3,1,2,8.0,3.0,266,680,0,0,30,1.0,1.0,A01,2,2,1,1,5.0,1998,2014,1,1.0,1,3.0,2.0,0,45,1.0,0.0
200900062865,9,5,3,1,1,1.0,6.0,404,780,0,0,7,1.0,1.0,C03,1,1,1,2,5.0,1958,2009,2,3.0,0,1.0,1.0,0,0,1.0,1.0
201500024629,11,20,5,2,1,1.0,7.0,172,340,0,0,7,2.0,14.0,A01,0,3,1,2,5.0,1960,2015,4,2.0,2,1.0,2.0,0,70,1.0,4.0
201500027992,12,14,1,2,1,1.0,2.0,173,500,0,0,7,0.0,17.0,B01,1,1,1,2,4.0,1985,2015,3,2.0,3,1.0,1.0,0,0,1.0,1.0
201200057980,2,28,5,2,1,1.0,3.0,117,750,0,0,7,8.0,22.0,B01,1,1,1,2,9.0,1964,2012,4,2.0,2,1.0,1.0,0,0,1.0,1.0
201700050695,3,18,1,2,1,8.0,6.0,387,690,0,0,1,1.0,1.0,A01,1,1,1,1,0.0,1995,2017,4,1.0,3,1.0,1.0,0,0,1.0,1.0
201300049187,7,20,1,1,1,1.0,2.0,225,420,0,0,7,4.0,0.0,B01,2,2,1,2,5.0,1985,2013,1,3.0,4,1.0,3.0,10,144,1.0,1.0
201400014262,3,4,1,2,1,1.0,2.0,55,130,0,0,7,5.0,2.0,B01,2,2,1,2,5.0,1953,2014,4,2.0,0,1.0,1.0,0,0,1.0,1.0
201300028437,6,19,1,2,2,2.0,3.0,454,510,0,0,7,8.0,1.0,B01,1,1,1,2,1.0,1971,2013,4,2.0,2,1.0,1.0,0,56,2.0,1.0
201000004231,5,20,1,2,1,1.0,3.0,337,330,0,0,7,8.0,22.0,A01,1,1,1,1,1.0,1985,2010,3,2.0,2,1.0,1.0,55,0,1.0,1.0
201700026304,10,28,1,2,3,1.0,3.0,172,340,0,0,7,3.0,15.0,B01,1,1,1,1,3.0,1979,2017,4,1.0,1,1.0,1.0,0,90,1.0,1.0
201200032359,8,16,1,2,1,1.0,3.0,360,590,0,0,7,3.0,9.0,A01,1,1,1,1,0.0,1984,2012,4,2.0,2,1.0,1.0,0,61,1.0,1.0
201000067612,10,9,3,1,1,1.0,6.0,28,971,0,0,7,1.0,1.0,A01,1,1,1,1,9.0,1965,2010,2,2.0,2,1.0,3.0,0,70,1.0,1.0
200700025098,4,7,1,1,1,1.0,2.0,106,130,0,0,7,4.0,1.0,A01,1,1,1,2,5.0,1956,2007,1,3.0,3,2.0,1.0,10,105,1.0,1.0
201400042914,5,30,1,2,1,1.0,3.0,53,930,0,0,7,3.0,7.0,B01,1,1,1,1,0.0,1986,2014,4,1.0,1,0.0,0.0,0,0,0.0,1.0
201800030780,4,6,1,2,1,1.0,6.0,348,640,0,0,7,1.0,16.0,B01,0,3,1,2,5.0,1947,2018,3,2.0,2,1.0,3.0,0,0,1.0,3.0
200800057839,10,27,1,2,1,8.0,2.0,555,310,0,0,10,4.0,23.0,B01,0,2,1,2,0.0,1947,2008,4,2.0,20,1.0,1.0,0,200,1.0,1.0
200800023822,5,17,1,2,1,2.0,7.0,278,220,0,0,7,1.0,1.0,A01,0,3,1,1,5.0,1987,2008,4,2.0,2,0.0,1.0,0,0,2.0,1.0
200600035441,6,21,1,2,2,1.0,4.0,16,750,0,0,10,1.0,2.0,A01,1,1,1,1,4.0,1970,2006,4,2.0,4,1.0,1.0,0,120,1.0,1.0
200600057543,9,21,1,2,2,1.0,3.0,582,950,0,0,7,8.0,1.0,B01,1,1,1,1,5.0,1946,2006,4,3.0,2,1.0,1.0,20,124,1.0,1.0
200800074926,2,13,1,2,1,1.0,4.0,411,974,0,0,7,1.0,1.0,A01,1,1,1,1,5.0,1979,2008,4,2.0,2,1.0,1.0,0,168,1.0,1.0
200900006636,1,15,1,2,3,1.0,3.0,445,640,0,0,30,2.0,1.0,B01,1,1,1,2,5.0,1986,2009,4,2.0,2,1.0,1.0,0,0,1.0,1.0
200500028873,5,28,1,2,3,1.0,3.0,7,490,0,0,2,1.0,1.0,B01,1,1,1,1,1.0,1988,2005,4,2.0,1,1.0,1.0,0,64,1.0,1.0
200600021031,4,9,1,2,1,1.0,6.0,112,680,0,0,7,2.0,1.0,A01,1,1,1,1,9.0,1931,2006,4,2.0,1,1.0,1.0,0,60,1.0,1.0
200800015564,2,14,2,2,4,1.0,2.0,172,780,0,0,3,4.0,0.0,B01,1,1,1,2,3.0,1956,2008,4,3.0,2,3.0,4.0,0,60,1.0,0.0
201400023993,2,12,3,2,1,1.0,7.0,550,330,0,0,7,1.0,1.0,A01,1,1,1,1,5.0,1990,2014,4,2.0,2,1.0,1.0,0,0,2.0,1.0
200600048858,8,31,5,2,1,1.0,6.0,260,640,0,0,7,5.0,24.0,B01,0,2,1,2,0.0,1956,2006,3,2.0,2,1.0,1.0,0,74,1.0,1.0
200600030998,6,22,5,2,1,1.0,3.0,27,380,0,0,30,1.0,1.0,A01,2,2,1,2,0.0,1989,2006,4,0.0,0,1.0,1.0,63,0,1.0,1.0
200600021446,4,14,5,2,1,1.0,6.0,19,750,0,0,7,5.0,1.0,B01,1,1,1,1,4.0,1983,2006,4,2.0,3,1.0,1.0,0,90,1.0,1.0
200800041947,7,2,1,1,1,1.0,2.0,71,130,0,0,7,3.0,11.0,A01,1,1,1,1,4.0,1947,2008,1,3.0,3,1.0,1.0,10,105,1.0,1.0
200800035161,6,21,1,2,1,1.0,3.0,101,750,0,0,37,7.0,7.0,A01,1,1,1,1,4.0,1955,2008,4,1.0,2,1.0,1.0,0,135,1.0,1.0
201000019061,7,10,1,2,1,1.0,1.0,506,670,0,0,31,1.0,21.0,B02,1,1,1,1,5.0,1990,2010,3,2.0,2,2.0,0.0,0,67,1.0,1.0
201400052948,7,4,1,2,7,1.0,3.0,108,750,0,0,7,1.0,13.0,A01,1,1,1,2,9.0,1981,2014,4,2.0,8,1.0,3.0,0,0,1.0,1.0
200800014332,3,11,1,2,1,2.0,2.0,81,940,0,0,33,1.0,1.0,A01,1,1,1,1,5.0,1987,2008,2,1.0,2,1.0,1.0,0,0,2.0,1.0
201300025844,5,4,5,2,1,1.0,2.0,233,370,0,0,7,6.0,24.0,B01,1,1,1,1,0.0,1974,2013,4,2.0,2,1.0,1.0,0,70,1.0,1.0
201700006624,2,22,3,1,1,1.0,2.0,359,770,0,0,7,4.0,1.0,A01,1,1,1,1,5.0,1968,2017,1,3.0,3,2.0,1.0,10,100,1.0,1.0
201400053203,4,27,5,2,1,1.0,6.0,109,750,0,0,1,1.0,7.0,A01,0,3,1,2,5.0,1984,2014,4,1.0,1,2.0,1.0,0,0,2.0,1.0
200900002085,1,22,1,1,2,8.0,3.0,63,360,0,0,7,1.0,1.0,B01,1,1,1,2,5.0,1948,2009,4,2.0,2,1.0,1.0,0,0,2.0,1.0
201700055379,1,23,1,2,1,1.0,6.0,114,750,0,0,10,4.0,4.0,A01,1,1,1,1,4.0,1986,2017,4,1.0,1,1.0,1.0,0,30,1.0,1.0
200600054038,9,5,1,2,1,1.0,1.0,189,300,0,0,7,3.0,1.0,B01,2,2,1,2,0.0,1967,2006,4,2.0,2,0.0,3.0,0,0,1.0,1.0
201700002767,12,18,1,1,1,2.0,5.0,213,630,0,0,7,1.0,0.0,C01,1,1,1,1,4.0,1992,2017,3,2.0,2,1.0,0.0,0,0,2.0,1.0