num_acc,mois,jour,lum,agg,int,atm,col,com,dep,hr,mn,catv,choc,manv,num_veh,place,catu,grav,sexe,trajet,an_nais,annee,catr,circ,nbv,prof,plan,lartpc,larrout,surf,situ
201900004184,7,9,1,2,1,1.0,3.0,33487,33,0,0,33,1.0,1.0,B01,1,1,1,1,1.0,1970,2019,4,2.0,2,1.0,1.0,0,0,1.0,1.0
201800030310,8,16,1,2,3,1.0,3.0,193,620,0,0,7,3.0,1.0,A01,1,1,1,2,1.0,1997,2018,4,2.0,2,1.0,1.0,0,0,1.0,3.0
201900056142,8,19,1,1,2,1.0,3.0,25381,25,0,0,7,2.0,9.0,B01,1,1,1,1,1.0,1998,2019,3,2.0,2,2.0,2.0,0,0,1.0,1.0
200900007487,4,11,1,2,1,1.0,1.0,7,490,0,0,7,1.0,0.0,A01,1,1,1,1,0.0,1962,2009,4,2.0,2,1.0,1.0,0,58,1.0,1.0
201200002333,5,26,1,2,1,1.0,3.0,213,850,0,0,31,7.0,24.0,B02,2,2,1,2,0.0,1993,2012,6,0.0,0,0.0,0.0,0,0,0.0,0.0
200900031173,5,7,1,2,6,1.0,6.0,266,690,0,0,30,1.0,0.0,A01,1,1,1,1,0.0,1960,2009,4,2.0,2,1.0,4.0,0,60,1.0,1.0
201900006455,4,16,3,1,1,2.0,7.0,77042,77,0,0,7,1.0,14.0,A01,1,1,1,1,5.0,2001,2019,4,2.0,1,2.0,1.0,0,0,2.0,1.0
200900006641,1,17,1,2,1,1.0,4.0,129,640,0,0,7,4.0,2.0,C01,1,1,1,1,0.0,1978,2009,4,2.0,1,1.0,1.0,0,57,1.0,1.0
200500036239,6,18,1,2,1,1.0,2.0,85,870,0,0,7,4.0,1.0,B01,1,1,1,2,5.0,1965,2005,4,3.0,4,1.0,1.0,0,160,1.0,1.0
201400045563,7,21,1,2,1,1.0,6.0,81,940,0,0,7,3.0,1.0,A01,0,3,1,2,5.0,2006,2014,4,2.0,2,1.0,1.0,0,30,1.0,1.0
201200026684,5,26,5,2,3,1.0,6.0,238,350,0,0,7,1.0,1.0,A01,2,2,1,1,5.0,1980,2012,4,2.0,2,1.0,1.0,0,0,1.0,1.0
201300049798,3,14,1,1,1,1.0,6.0,215,130,0,0,7,1.0,2.0,C01,1,1,1,1,1.0,1957,2013,1,1.0,3,1.0,1.0,70,35,1.0,1.0
200800072885,12,19,1,2,1,2.0,3.0,49,920,0,0,32,0.0,1.0,B01,1,1,1,1,0.0,1955,2008,3,2.0,4,1.0,1.0,0,0,1.0,1.0
201200032458,10,5,5,2,2,1.0,3.0,648,590,0,0,7,3.0,15.0,A01,1,1,1,1,4.0,1974,2012,4,2.0,2,1.0,1.0,0,0,1.0,1.0
200700015964,3,5,1,2,3,1.0,6.0,16,750,0,0,7,1.0,16.0,A01,0,3,1,2,4.0,1982,2007,4,1.0,1,1.0,1.0,0,30,1.0,1.0
201400050707,5,31,1,1,4,1.0,2.0,544,380,0,0,7,2.0,2.0,A01,3,2,1,1,5.0,1980,2014,3,3.0,4,1.0,1.0,0,140,1.0,1.0
201700031387,1,17,1,2,1,1.0,6.0,194,580,0,0,7,0.0,0.0,A01,0,3,1,1,0.0,2002,2017,4,2.0,5,1.0,1.0,8,220,1.0,1.0
200900001362,1,27,3,1,1,1.0,6.0,338,450,0,0,7,1.0,1.0,A01,1,1,1,1,5.0,1989,2009,2,1.0,1,1.0,3.0,0,50,1.0,2.0
200600004999,1,10,3,1,1,1.0,3.0,257,650,0,0,7,8.0,9.0,A01,1,1,1,1,5.0,1927,2006,2,2.0,0,0.0,1.0,0,67,1.0,1.0
200900044427,11,28,5,2,1,1.0,6.0,24,640,0,0,1,0.0,0.0,A01,1,1,1,1,5.0,1974,2009,3,2.0,4,1.0,1.0,0,144,1.0,1.0
201600043766,11,12,5,2,2,1.0,3.0,77,940,0,0,7,1.0,0.0,B01,1,1,1,2,4.0,1994,2016,3,2.0,2,1.0,1.0,0,0,1.0,0.0
200900019171,4,16,1,2,1,1.0,6.0,68,940,0,0,7,2.0,1.0,A01,1,1,1,1,4.0,1975,2009,3,2.0,1,1.0,1.0,0,70,1.0,1.0
200600000746,1,24,1,2,1,1.0,6.0,322,240,0,0,5,1.0,17.0,A01,0,2,1,1,0.0,1989,2006,4,2.0,2,2.0,1.0,0,70,1.0,1.0
201000052469,3,19,1,2,1,1.0,3.0,18,940,0,0,33,2.0,21.0,B01,1,1,1,2,1.0,1974,2010,4,2.0,1,1.0,1.0,0,100,1.0,1.0
200700001131,1,5,3,1,1,1.0,4.0,87,830,0,0,7,3.0,1.0,C03,1,1,1,2,0.0,1962,2007,3,2.0,2,2.0,2.0,0,72,1.0,1.0
201500057856,12,16,1,2,1,1.0,3.0,302,973,0,0,7,7.0,15.0,A01,1,1,1,2,0.0,1990,2015,4,2.0,1,1.0,0.0,0,45,1.0,1.0
200700007253,2,16,1,1,1,1.0,3.0,641,950,0,0,7,8.0,15.0,A01,1,1,1,2,3.0,1935,2007,3,2.0,2,1.0,1.0,0,0,1.0,1.0
200700067828,11,25,5,2,2,9.0,3.0,88,60,0,0,7,6.0,1.0,B01,1,1,1,1,0.0,1966,2007,4,1.0,2,1.0,1.0,0,0,2.0,1.0
201200033332,12,11,2,1,1,1.0,5.0,117,610,0,0,7,1.0,1.0,C01,2,2,1,1,5.0,2000,2012,4,2.0,2,2.0,2.0,0,70,1.0,1.0
200700041651,7,4,1,2,1,1.0,2.0,4,60,0,0,7,6.0,0.0,B01,0,3,1,2,5.0,1975,2007,3,2.0,2,1.0,1.0,0,60,1.0,1.0
201600031585,4,15,1,2,1,1.0,5.0,445,640,0,0,7,5.0,23.0,C01,1,1,1,1,9.0,1994,2016,4,1.0,2,1.0,1.0,0,70,1.0,1.0
201400034760,2,12,1,2,4,3.0,6.0,259,760,0,0,7,2.0,1.0,A01,1,1,1,2,5.0,1952,2014,4,2.0,2,0.0,0.0,0,0,0.0,1.0
200800033573,6,13,1,2,1,1.0,6.0,181,720,0,0,33,0.0,1.0,A01,1,1,1,1,9.0,1982,2008,9,2.0,2,1.0,1.0,0,68,1.0,1.0
201300026068,10,20,1,2,3,1.0,3.0,261,370,0,0,7,1.0,19.0,A01,1,1,1,1,5.0,1967,2013,4,1.0,1,1.0,1.0,0,40,1.0,1.0
201000034532,10,25,1,2,2,1.0,3.0,353,490,0,0,7,1.0,9.0,B01,1,1,1,1,0.0,1951,2010,4,2.0,2,1.0,1.0,0,64,1.0,0.0
200700078350,12,8,2,2,1,1.0,6.0,378,590,0,0,7,3.0,13.0,A01,2,2,1,2,0.0,1966,2007,4,2.0,2,1.0,1.0,0,49,1.0,1.0
201700042168,5,20,1,2,1,1.0,6.0,79,930,0,0,7,1.0,2.0,A01,1,1,1,2,0.0,1979,2017,4,3.0,2,1.0,1.0,0,0,1.0,1.0
200500041314,7,1,1,1,1,1.0,3.0,359,160,0,0,7,1.0,0.0,B02,1,1,1,1,0.0,1979,2005,3,0.0,0,0.0,0.0,0,0,0.0,0.0
200500048939,8,7,1,2,1,1.0,5.0,507,380,0,0,7,1.0,1.0,B02,1,1,1,1,5.0,1983,2005,3,2.0,2,1.0,1.0,0,0,1.0,1.0
201400041274,7,27,1,2,1,1.0,3.0,78,920,0,0,30,8.0,23.0,A01,1,1,1,1,0.0,1982,2014,4,2.0,4,3.0,1.0,0,0,1.0,1.0
200700038199,6,16,5,1,1,1.0,4.0,687,910,0,0,7,4.0,1.0,C01,1,1,1,1,9.0,1986,2007,1,3.0,6,1.0,1.0,15,210,2.0,1.0
200700036722,6,5,1,2,2,1.0,6.0,2,750,0,0,7,1.0,16.0,A01,0,3,1,2,5.0,1941,2007,4,1.0,2,1.0,1.0,0,60,1.0,1.0
200500016596,3,22,1,2,5,2.0,3.0,15,750,0,0,4,4.0,23.0,B01,1,1,1,2,4.0,1969,2005,4,1.0,2,1.0,1.0,0,60,2.0,1.0
201100027615,6,1,1,2,3,1.0,3.0,192,330,0,0,30,1.0,1.0,B01,1,1,1,1,0.0,1982,2011,4,2.0,2,1.0,1.0,0,0,1.0,1.0
200500060573,9,1,1,2,1,1.0,4.0,586,780,0,0,7,1.0,1.0,A01,1,1,1,1,0.0,1961,2005,4,1.0,1,1.0,1.0,0,56,1.0,1.0
200900030107,4,17,1,2,1,1.0,2.0,63,330,0,0,31,4.0,1.0,A01,1,1,1,1,1.0,1979,2009,4,1.0,1,2.0,1.0,0,71,1.0,1.0
201200042761,5,29,1,2,6,1.0,3.0,20,920,0,0,30,8.0,1.0,B01,1,1,1,2,3.0,1988,2012,3,2.0,2,1.0,1.0,0,0,1.0,1.0
200900033620,7,10,5,2,2,1.0,3.0,606,570,0,0,7,3.0,0.0,A01,1,1,1,1,5.0,1990,2009,4,2.0,1,2.0,1.0,0,90,1.0,1.0
201100026049,11,2,1,2,1,1.0,6.0,28,300,0,0,7,2.0,1.0,A01,1,1,1,2,9.0,1958,2011,4,2.0,2,1.0,1.0,0,60,1.0,1.0
201000067024,8,12,1,2,1,1.0,6.0,117,750,0,0,7,4.0,2.0,C01,1,1,1,2,9.0,1960,2010,4,1.0,4,1.0,1.0,15,145,1.0,1.0
201700022456,7,9,1,2,1,1.0,6.0,187,220,0,0,10,5.0,4.0,A01,1,1,1,1,5.0,1979,2017,4,2.0,2,1.0,1.0,0,50,1.0,1.0
200600005632,1,5,1,1,1,4.0,1.0,111,480,0,0,7,3.0,1.0,B02,1,1,1,2,5.0,1972,2006,2,2.0,2,0.0,3.0,0,64,7.0,1.0
201700030433,5,21,1,2,1,1.0,6.0,395,540,0,0,7,2.0,14.0,A01,3,2,1,1,5.0,2008,2017,4,1.0,2,1.0,1.0,0,0,1.0,1.0
201300044452,12,16,1,2,2,1.0,6.0,78,940,0,0,13,3.0,1.0,A01,0,3,1,2,5.0,1981,2013,2,2.0,4,1.0,1.0,0,141,1.0,1.0
200600002359,1,9,5,2,3,1.0,3.0,19,750,0,0,7,2.0,15.0,A01,1,1,1,1,4.0,1979,2006,4,1.0,1,1.0,1.0,0,30,1.0,1.0
200600029852,5,27,1,2,1,1.0,2.0,388,690,0,0,30,1.0,1.0,A01,1,1,1,2,0.0,1976,2006,4,2.0,2,1.0,1.0,0,0,1.0,1.0
201300046600,11,6,1,1,1,1.0,2.0,277,950,0,0,7,1.0,2.0,A01,1,1,1,2,1.0,1973,2013,1,3.0,6,1.0,1.0,0,0,2.0,1.0
200500066528,10,9,1,2,3,1.0,3.0,109,440,0,0,18,2.0,0.0,B01,1,1,1,1,4.0,1981,2005,4,0.0,2,2.0,1.0,0,0,1.0,1.0
200800075334,4,24,5,2,1,1.0,6.0,411,974,0,0,7,1.0,21.0,A01,2,2,1,2,0.0,1988,2008,4,2.0,2,2.0,1.0,0,0,1.0,4.0
201500019210,5,3,2,2,3,1.0,3.0,102,160,0,0,7,7.0,1.0,B01,1,1,1,1,5.0,1945,2015,3,2.0,2,1.0,1.0,0,70,1.0,1.0
201500030466,11,6,5,2,1,2.0,6.0,606,590,0,0,7,2.0,1.0,A01,0,3,1,1,5.0,1982,2015,3,1.0,1,1.0,1.0,0,0,2.0,1.0
201900003952,9,18,1,2,3,1.0,2.0,56260,56,0,0,32,3.0,2.0,B01,1,1,1,1,1.0,1974,2019,4,3.0,4,1.0,1.0,0,0,1.0,1.0
201900002304,9,18,1,2,2,1.0,3.0,76351,76,0,0,2,8.0,1.0,B01,1,1,1,1,5.0,1992,2019,4,2.0,4,1.0,1.0,0,0,1.0,1.0
200600067775,11,13,3,2,1,2.0,6.0,463,570,0,0,7,3.0,0.0,A01,1,1,1,1,1.0,1984,2006,4,2.0,2,1.0,1.0,0,95,2.0,1.0
201400011022,4,10,2,2,1,1.0,6.0,88,60,0,0,7,7.0,12.0,A01,1,1,1,2,5.0,1982,2014,4,1.0,0,1.0,1.0,0,0,1.0,0.0
201200001598,10,28,3,1,1,1.0,6.0,410,500,0,0,7,1.0,14.0,A01,2,2,1,2,5.0,1930,2012,3,2.0,2,1.0,2.0,0,65,1.0,3.0
200500076216,11,27,1,2,1,1.0,3.0,521,910,0,0,7,4.0,0.0,B01,2,2,1,2,0.0,1945,2005,2,2.0,5,1.0,1.0,0,0,1.0,1.0
200900073142,4,6,1,1,1,1.0,1.0,13,972,0,0,7,1.0,5.0,B01,1,1,1,2,0.0,1987,2009,4,2.0,2,1.0,1.0,0,0,1.0,1.0
201800033391,7,27,1,2,6,1.0,3.0,10,740,0,0,1,1.0,15.0,B01,1,1,1,2,1.0,1990,2018,4,2.0,1,1.0,1.0,0,0,1.0,2.0
201000007014,7,28,1,2,1,1.0,1.0,249,690,0,0,7,3.0,1.0,B02,2,2,1,2,0.0,1951,2010,3,2.0,2,1.0,1.0,0,0,1.0,1.0
200900003289,1,30,1,1,1,8.0,1.0,228,300,0,0,7,1.0,1.0,B02,3,2,1,1,0.0,1996,2009,3,2.0,2,2.0,2.0,0,50,1.0,1.0
200500065269,10,25,1,2,1,1.0,6.0,55,130,0,0,14,3.0,1.0,A01,1,1,1,1,4.0,1964,2005,2,2.0,2,1.0,1.0,0,72,1.0,1.0
200800007904,2,18,1,2,1,1.0,3.0,31,190,0,0,2,1.0,9.0,B01,1,1,1,1,1.0,1990,2008,4,2.0,2,1.0,1.0,0,0,1.0,1.0
200500017206,3,15,1,2,1,1.0,4.0,194,860,0,0,7,4.0,2.0,B01,1,1,1,2,1.0,1971,2005,4,2.0,4,1.0,1.0,0,140,1.0,1.0
200500072541,11,21,5,2,1,1.0,3.0,88,60,0,0,2,3.0,1.0,A01,1,1,1,1,9.0,1986,2005,4,2.0,4,1.0,1.0,50,100,1.0,1.0
200500027102,5,27,1,2,2,1.0,3.0,289,10,0,0,7,3.0,1.0,B01,1,1,1,2,1.0,1978,2005,3,2.0,3,1.0,1.0,0,130,1.0,1.0
200800062819,11,3,3,2,1,1.0,1.0,220,620,0,0,7,3.0,1.0,A01,1,1,1,2,5.0,1982,2008,3,2.0,0,1.0,1.0,0,50,1.0,1.0
201300050013,11,4,1,1,1,2.0,7.0,206,130,0,0,34,0.0,0.0,A01,1,1,1,1,4.0,1973,2013,4,1.0,2,1.0,1.0,5,35,2.0,1.0
201600056920,8,2,1,2,1,2.0,2.0,105,750,0,0,7,4.0,23.0,B01,1,1,1,2,1.0,1970,2016,4,1.0,3,1.0,1.0,65,96,2.0,1.0
201600025241,7,17,1,2,2,1.0,2.0,238,350,0,0,7,4.0,23.0,B01,2,2,1,1,0.0,1996,2016,4,3.0,2,1.0,1.0,0,0,1.0,1.0
201500016339,8,14,1,1,1,1.0,1.0,191,490,0,0,15,1.0,1.0,B02,1,1,1,1,4.0,1968,2015,3,2.0,2,0.0,4.0,0,70,1.0,1.0
201400015487,9,9,1,2,1,1.0,6.0,55,130,0,0,7,7.0,1.0,A01,0,3,1,1,4.0,1982,2014,4,2.0,0,1.0,1.0,0,0,1.0,1.0
201200022519,4,6,1,2,2,1.0,3.0,362,260,0,0,7,1.0,1.0,B01,1,1,1,2,1.0,1971,2012,4,2.0,2,1.0,1.0,0,0,1.0,1.0
200600000987,1,6,1,2,3,1.0,5.0,63,330,0,0,7,9.0,1.0,B01,1,1,1,1,5.0,1943,2006,4,3.0,2,2.0,1.0,0,100,1.0,1.0
200800022439,4,15,5,1,1,1.0,3.0,66,930,0,0,7,6.0,2.0,B01,2,2,1,1,0.0,1987,2008,1,3.0,6,1.0,1.0,15,210,1.0,1.0
200800047139,8,24,3,1,1,1.0,6.0,236,230,0,0,7,1.0,1.0,A01,4,2,1,1,0.0,2007,2008,2,3.0,0,1.0,1.0,0,0,1.0,1.0
201400053760,7,9,5,2,5,2.0,6.0,111,750,0,0,7,1.0,1.0,A01,1,1,1,2,0.0,1982,2014,4,1.0,1,1.0,1.0,0,0,2.0,1.0
200500003442,1,17,5,2,1,2.0,4.0,18,410,0,0,7,4.0,2.0,C01,3,2,1,2,0.0,2003,2005,4,2.0,2,1.0,1.0,0,0,2.0,1.0
200500022880,4,2,1,2,1,1.0,3.0,141,600,0,0,7,8.0,10.0,B02,2,2,1,2,0.0,1930,2005,2,2.0,2,2.0,1.0,0,90,1.0,1.0
201100000750,12,15,1,1,1,1.0,2.0,714,20,0,0,7,1.0,1.0,A01,1,1,1,1,2.0,1991,2011,2,2.0,2,1.0,1.0,0,72,1.0,1.0
201400022291,2,15,5,2,6,1.0,1.0,39,290,0,0,7,1.0,5.0,A01,1,1,1,1,5.0,1984,2014,4,2.0,2,2.0,0.0,0,0,1.0,1.0
201100014412,5,23,1,1,2,1.0,3.0,130,370,0,0,7,1.0,1.0,B02,2,2,1,1,0.0,2001,2011,3,2.0,0,1.0,1.0,0,50,1.0,1.0
201200000774,12,6,2,1,2,9.0,1.0,529,760,0,0,7,3.0,1.0,B02,1,1,1,1,1.0,1984,2012,3,2.0,2,1.0,1.0,0,60,7.0,1.0
201300015137,7,10,5,2,2,1.0,3.0,55,130,0,0,30,8.0,15.0,A01,1,1,1,1,5.0,1974,2013,4,3.0,2,1.0,1.0,30,60,1.0,1.0
201600015991,11,19,1,2,1,1.0,3.0,55,130,0,0,34,5.0,0.0,A01,1,1,1,1,0.0,1988,2016,4,2.0,2,2.0,1.0,0,30,1.0,1.0
201100039533,3,28,1,2,1,2.0,7.0,91,690,0,0,37,0.0,24.0,A01,2,2,1,1,2.0,1997,2011,3,3.0,1,1.0,1.0,0,0,2.0,3.0
201100053714,5,17,1,1,1,1.0,2.0,13,930,0,0,15,2.0,12.0,B01,1,1,1,1,4.0,1958,2011,1,3.0,4,1.0,1.0,15,140,1.0,1.0
201700003495,10,16,1,1,1,1.0,4.0,556,710,0,0,7,1.0,2.0,A01,1,1,1,1,1.0,1958,2017,3,2.0,2,1.0,1.0,0,0,1.0,1.0
201300011790,1,12,3,1,1,2.0,2.0,34,300,0,0,17,6.0,1.0,B02,1,1,1,1,4.0,1979,2013,1,3.0,2,3.0,1.0,25,100,2.0,1.0
200700063812,10,8,1,2,3,1.0,3.0,230,510,0,0,7,2.0,0.0,A01,2,2,1,2,0.0,1965,2007,4,2.0,2,1.0,0.0,41,99,1.0,1.0
200800051532,9,24,1,2,1,2.0,3.0,55,770,0,0,7,3.0,1.0,B01,2,2,1,2,0.0,1973,2008,3,2.0,4,1.0,1.0,0,100,2.0,1.0
200900053768,8,20,1,1,1,1.0,6.0,62,920,0,0,99,5.0,4.0,A01,0,3,1,1,4.0,1987,2009,9,1.0,2,1.0,2.0,0,0,1.0,1.0
201800007406,9,10,1,2,6,1.0,2.0,387,100,0,0,7,2.0,2.0,A01,1,1,1,1,4.0,1993,2018,4,1.0,3,1.0,3.0,0,0,1.0,3.0
201500015135,9,18,1,2,1,1.0,3.0,55,130,0,0,7,8.0,1.0,B01,2,2,1,1,4.0,1987,2015,4,0.0,1,3.0,3.0,0,60,0.0,0.0
200900053267,7,16,1,2,4,1.0,5.0,32,340,0,0,7,1.0,1.0,C01,1,1,1,2,0.0,1947,2009,4,4.0,4,1.0,4.0,0,120,1.0,1.0
201000033218,7,22,1,2,1,1.0,2.0,55,440,0,0,7,4.0,2.0,B01,3,2,1,2,0.0,1978,2010,4,2.0,2,1.0,1.0,0,70,1.0,1.0
201300048110,1,18,5,1,1,1.0,6.0,382,690,0,0,7,1.0,2.0,A01,2,2,1,1,5.0,1989,2013,1,3.0,2,1.0,0.0,0,0,1.0,1.0
201400021213,10,21,1,2,5,2.0,3.0,56,250,0,0,7,2.0,1.0,B01,1,1,1,2,5.0,1929,2014,4,1.0,3,1.0,0.0,0,0,2.0,1.0
201300020819,9,16,1,2,1,1.0,5.0,56,250,0,0,7,1.0,1.0,C01,1,1,1,1,0.0,1928,2013,3,2.0,2,0.0,0.0,0,0,0.0,1.0
200500013925,3,3,1,2,1,1.0,3.0,19,290,0,0,7,1.0,1.0,A01,1,1,1,1,1.0,1970,2005,5,2.0,2,1.0,3.0,0,65,1.0,1.0
200600002618,1,24,1,2,2,1.0,6.0,4,750,0,0,4,1.0,1.0,A01,1,1,1,1,4.0,1965,2006,4,1.0,3,1.0,1.0,0,90,1.0,1.0
201400038179,9,6,1,2,1,1.0,2.0,425,910,0,0,7,4.0,2.0,B01,4,2,1,1,5.0,2009,2014,2,3.0,4,1.0,1.0,0,0,1.0,1.0
201000055363,11,5,1,1,1,1.0,4.0,33,940,0,0,7,4.0,2.0,B01,1,1,1,2,1.0,1982,2010,1,1.0,3,1.0,1.0,20,210,1.0,1.0
201200054989,12,13,1,2,2,2.0,6.0,108,750,0,0,7,7.0,22.0,B01,1,1,1,1,4.0,1982,2012,4,1.0,2,1.0,1.0,0,95,2.0,1.0
201600037252,6,9,5,2,3,1.0,3.0,4,920,0,0,7,5.0,15.0,A01,1,1,1,1,5.0,1990,2016,3,2.0,2,1.0,1.0,0,0,1.0,1.0
200900046158,9,9,1,2,9,1.0,6.0,300,170,0,0,7,2.0,15.0,A01,1,1,1,2,9.0,1987,2009,4,2.0,2,1.0,1.0,0,0,1.0,1.0
200900012002,2,27,1,2,2,1.0,3.0,318,330,0,0,30,9.0,1.0,B01,1,1,1,2,9.0,1992,2009,4,2.0,4,1.0,1.0,0,0,1.0,1.0
201500045342,4,3,1,1,1,2.0,4.0,53,930,0,0,7,1.0,0.0,A01,1,1,1,1,0.0,1966,2015,1,1.0,2,2.0,1.0,10,70,0.0,1.0
201300039294,4,23,1,2,6,1.0,7.0,26,920,0,0,37,7.0,21.0,A01,1,1,1,1,4.0,1973,2013,3,2.0,2,1.0,1.0,127,88,1.0,1.0
200700024726,4,13,1,1,1,1.0,2.0,73,940,0,0,7,5.0,12.0,B01,1,1,1,1,1.0,1980,2007,1,3.0,3,1.0,3.0,25,175,1.0,1.0
201500023584,7,5,1,2,2,1.0,3.0,281,330,0,0,7,0.0,0.0,B01,1,1,1,1,0.0,1958,2015,4,2.0,2,1.0,1.0,0,70,1.0,1.0
200600011966,3,6,1,2,3,1.0,3.0,19,290,0,0,18,3.0,1.0,B01,8,2,1,2,0.0,1993,2006,9,3.0,4,1.0,1.0,0,0,1.0,1.0
200800045176,8,27,1,1,1,1.0,1.0,32,300,0,0,7,3.0,0.0,A01,1,1,1,1,1.0,1949,2008,3,2.0,2,1.0,0.0,0,0,1.0,1.0
200800016480,3,5,5,2,1,9.0,6.0,556,710,0,0,7,3.0,1.0,A01,1,1,1,1,1.0,1979,2008,2,2.0,2,1.0,1.0,0,98,1.0,1.0
200700012378,3,26,1,2,1,1.0,1.0,26,230,0,0,7,1.0,0.0,B02,4,2,1,1,0.0,2007,2007,3,2.0,0,0.0,0.0,0,37,1.0,0.0
200900043636,10,30,1,2,1,1.0,2.0,725,800,0,0,7,4.0,16.0,B01,1,1,1,2,5.0,1951,2009,4,2.0,2,4.0,0.0,0,80,1.0,1.0
200500066483,10,20,1,1,2,1.0,3.0,275,420,0,0,14,1.0,9.0,A01,1,1,1,1,4.0,1966,2005,4,2.0,2,1.0,1.0,10,60,1.0,1.0
201600050271,6,13,1,1,1,2.0,4.0,152,690,0,0,10,4.0,2.0,B01,1,1,1,1,4.0,1992,2016,1,3.0,3,1.0,1.0,0,105,2.0,1.0
201600055462,5,8,1,2,1,1.0,3.0,117,750,0,0,7,1.0,1.0,A01,2,2,1,2,5.0,1986,2016,4,1.0,0,1.0,1.0,0,0,1.0,1.0
200800020250,4,19,1,2,3,2.0,3.0,350,590,0,0,7,1.0,1.0,B01,1,1,1,1,4.0,1960,2008,4,1.0,0,1.0,1.0,0,40,2.0,1.0
200600026626,5,21,1,2,1,1.0,3.0,238,350,0,0,2,3.0,7.0,A01,1,1,1,1,1.0,1989,2006,4,2.0,2,2.0,1.0,0,0,1.0,1.0
201100062902,4,26,5,2,3,1.0,2.0,118,750,0,0,7,1.0,2.0,A01,1,1,1,1,5.0,1976,2011,4,2.0,2,1.0,1.0,80,60,1.0,1.0
201500033090,10,6,1,2,1,2.0,6.0,270,710,0,0,10,3.0,1.0,A01,1,1,1,1,5.0,1940,2015,3,2.0,4,1.0,1.0,0,0,1.0,1.0
200500038439,6,17,1,2,1,1.0,3.0,395,310,0,0,5,1.0,1.0,B02,1,1,1,1,0.0,1954,2005,9,0.0,0,1.0,1.0,0,40,1.0,1.0
201100033891,9,18,1,2,1,1.0,1.0,526,540,0,0,31,1.0,1.0,B01,1,1,1,1,5.0,1954,2011,4,2.0,4,1.0,1.0,0,0,1.0,1.0
201500000320,6,18,1,2,1,1.0,3.0,868,620,0,0,7,3.0,13.0,B02,1,1,1,1,5.0,1957,2015,3,2.0,2,1.0,4.0,0,54,1.0,1.0
201900054175,1,29,3,1,9,1.0,4.0,6152,6,0,0,7,4.0,2.0,A01,1,1,1,1,3.0,1968,2019,3,3.0,2,2.0,1.0,0,0,1.0,1.0
201700058125,2,16,5,2,4,1.0,2.0,117,750,0,0,10,1.0,2.0,A01,1,1,1,1,1.0,1963,2017,4,1.0,2,3.0,1.0,0,70,1.0,1.0
201800025670,12,31,2,2,1,2.0,6.0,261,370,0,0,7,1.0,1.0,A01,1,1,1,1,0.0,1983,2018,4,1.0,3,1.0,1.0,0,0,2.0,3.0
201500025758,12,1,1,2,3,1.0,1.0,261,370,0,0,7,1.0,15.0,A01,1,1,1,1,0.0,1973,2015,4,2.0,2,1.0,1.0,0,0,1.0,0.0
201200035511,4,27,1,2,2,1.0,3.0,482,670,0,0,7,2.0,16.0,A01,1,1,1,1,0.0,1957,2012,4,2.0,3,1.0,1.0,0,100,1.0,1.0
200500021312,4,3,1,2,3,7.0,5.0,131,770,0,0,7,2.0,1.0,B01,1,1,1,1,5.0,1979,2005,2,2.0,1,1.0,1.0,0,0,1.0,1.0
201500025985,8,16,3,1,1,1.0,5.0,544,380,0,0,7,3.0,13.0,A01,2,2,1,1,5.0,1993,2015,3,2.0,2,2.0,1.0,0,72,1.0,1.0
200700034430,6,22,5,2,1,1.0,2.0,1,130,0,0,7,4.0,23.0,B01,1,1,1,1,5.0,1984,2007,4,2.0,2,2.0,1.0,10,70,1.0,1.0
200900033569,1,27,1,2,1,1.0,3.0,51,920,0,0,7,6.0,0.0,B01,2,2,1,1,4.0,1978,2009,3,2.0,0,1.0,1.0,0,0,1.0,1.0
201600057067,1,25,1,2,1,1.0,4.0,115,750,0,0,7,2.0,2.0,A01,1,1,1,1,4.0,1994,2016,4,1.0,3,1.0,1.0,15,105,1.0,1.0
200600064098,10,2,5,2,1,1.0,6.0,65,810,0,0,30,1.0,1.0,A01,1,1,1,2,5.0,1990,2006,3,1.0,1,1.0,1.0,0,30,1.0,1.0
201300000402,11,24,3,1,1,1.0,6.0,628,600,0,0,7,1.0,1.0,A01,3,2,1,1,0.0,1982,2013,4,2.0,2,1.0,3.0,0,60,1.0,1.0
201100059696,5,23,1,2,1,1.0,6.0,110,750,0,0,33,7.0,1.0,A01,0,3,1,1,0.0,1956,2011,4,1.0,1,1.0,1.0,0,40,1.0,1.0
201400006040,4,10,1,1,1,7.0,4.0,23,30,0,0,7,4.0,23.0,F02,1,1,1,2,5.0,1970,2014,3,2.0,2,1.0,1.0,0,120,1.0,1.0
201000020780,3,26,1,2,3,1.0,3.0,55,130,0,0,30,1.0,1.0,B01,1,1,1,1,1.0,1976,2010,4,2.0,2,1.0,1.0,0,79,1.0,1.0
201600038247,5,20,1,2,1,1.0,4.0,36,920,0,0,7,4.0,2.0,D01,1,1,1,1,0.0,1989,2016,4,3.0,2,1.0,1.0,0,40,1.0,1.0
200600044298,7,19,1,1,1,7.0,5.0,436,770,0,0,21,8.0,15.0,B02,1,1,1,1,4.0,1935,2006,2,2.0,2,2.0,1.0,0,0,1.0,1.0
201000056289,10,1,1,1,1,1.0,3.0,582,950,0,0,33,2.0,1.0,A01,1,1,1,2,1.0,1982,2010,1,3.0,3,1.0,1.0,15,35,1.0,1.0