num_acc,mois,jour,lum,agg,int,atm,col,com,dep,hr,mn,catv,choc,manv,num_veh,place,catu,grav,sexe,trajet,an_nais,annee,catr,circ,nbv,prof,plan,lartpc,larrout,surf,situ
201300006607,6,2,1,1,1,1.0,2.0,226,80,0,0,7,6.0,17.0,A01,2,2,1,1,0.0,1964,2013,3,2.0,2,1.0,1.0,0,60,1.0,1.0
200800067390,11,30,5,2,1,2.0,3.0,112,750,0,0,32,1.0,1.0,B01,1,1,1,1,5.0,1978,2008,4,2.0,2,1.0,1.0,0,0,2.0,1.0
201400028495,9,29,2,2,1,1.0,7.0,7,490,0,0,1,0.0,1.0,A01,1,1,1,1,1.0,1974,2014,4,1.0,2,1.0,1.0,0,29,1.0,1.0
201400022253,10,28,1,2,1,1.0,4.0,19,290,0,0,7,4.0,23.0,C01,1,1,1,1,1.0,1972,2014,9,2.0,2,1.0,1.0,0,0,1.0,1.0
201700015194,10,30,1,2,1,1.0,1.0,118,580,0,0,10,3.0,1.0,B01,1,1,1,1,4.0,1993,2017,3,2.0,1,2.0,0.0,7,20,1.0,0.0
201600009323,5,22,1,1,1,1.0,1.0,333,202,0,0,10,3.0,5.0,A01,1,1,1,1,4.0,1952,2016,3,2.0,2,2.0,2.0,0,50,1.0,1.0
200600001818,1,8,5,2,2,1.0,3.0,512,590,0,0,7,7.0,1.0,B01,1,1,1,1,5.0,1968,2006,4,2.0,2,1.0,1.0,0,0,1.0,1.0
201600053482,6,15,1,2,2,1.0,2.0,112,750,0,0,1,1.0,23.0,B01,1,1,1,2,0.0,1971,2016,4,2.0,2,2.0,1.0,0,60,2.0,1.0
200500051629,8,22,1,2,1,1.0,5.0,99,490,0,0,7,1.0,2.0,B01,1,1,1,2,5.0,1980,2005,4,2.0,2,1.0,1.0,0,69,1.0,1.0
200500046495,7,12,1,2,1,1.0,3.0,138,780,0,0,18,0.0,0.0,A01,1,1,1,1,4.0,1949,2005,6,0.0,0,1.0,1.0,0,257,1.0,1.0
201400031899,9,12,1,2,3,7.0,3.0,413,620,0,0,31,1.0,1.0,B01,1,1,1,1,5.0,1965,2014,4,2.0,2,1.0,1.0,0,70,1.0,1.0
200500009108,2,22,1,2,2,1.0,6.0,9,750,0,0,7,1.0,7.0,A01,0,3,1,2,9.0,1965,2005,4,1.0,2,1.0,1.0,0,60,1.0,1.0
201500043285,6,29,1,2,1,1.0,6.0,42,940,0,0,10,2.0,15.0,A01,0,3,1,2,5.0,1949,2015,3,2.0,2,1.0,1.0,0,100,1.0,1.0
201300026734,1,31,5,2,1,1.0,6.0,207,420,0,0,7,8.0,0.0,A01,0,3,1,1,1.0,1965,2013,4,1.0,1,1.0,0.0,0,50,1.0,1.0
200800073379,12,26,5,2,1,1.0,3.0,33,202,0,0,99,0.0,1.0,A01,1,1,1,1,4.0,1984,2008,4,0.0,2,1.0,1.0,0,70,0.0,1.0
200700071354,11,28,2,2,1,1.0,6.0,78,940,0,0,33,1.0,3.0,A01,1,1,1,1,0.0,1978,2007,2,1.0,4,1.0,1.0,5,160,1.0,1.0
200700041911,7,25,1,2,3,1.0,3.0,88,60,0,0,31,0.0,0.0,B01,1,1,1,1,0.0,1964,2007,4,2.0,2,2.0,1.0,0,72,1.0,1.0
200700046349,7,26,1,2,1,1.0,5.0,117,750,0,0,7,6.0,1.0,C01,1,1,1,1,4.0,1964,2007,4,1.0,4,1.0,1.0,15,140,1.0,1.0
201000007810,8,16,3,1,1,1.0,2.0,565,380,0,0,7,2.0,1.0,B02,1,1,1,1,4.0,1972,2010,3,2.0,2,1.0,1.0,0,140,1.0,1.0
201700053179,3,2,1,2,1,1.0,3.0,105,750,0,0,7,3.0,9.0,A01,1,1,1,2,1.0,1963,2017,4,2.0,3,1.0,1.0,0,0,1.0,1.0
201500043377,10,25,1,2,1,1.0,6.0,68,940,0,0,1,1.0,1.0,B01,1,1,1,1,5.0,1950,2015,4,2.0,0,1.0,1.0,0,0,1.0,1.0
200500073230,11,29,1,2,2,1.0,3.0,7,300,0,0,7,8.0,15.0,B01,4,2,1,1,0.0,1992,2005,4,2.0,2,1.0,1.0,0,0,1.0,1.0
201500023340,4,14,1,2,3,1.0,2.0,249,330,0,0,7,1.0,1.0,B01,1,1,1,1,0.0,1991,2015,4,3.0,5,1.0,1.0,0,0,1.0,1.0
201000004541,8,16,1,1,1,1.0,1.0,520,240,0,0,10,3.0,1.0,A01,1,1,1,1,5.0,1983,2010,4,2.0,0,2.0,2.0,0,54,1.0,1.0
201400035914,1,24,1,2,1,1.0,2.0,624,780,0,0,7,1.0,2.0,A01,1,1,1,2,5.0,1961,2014,3,2.0,2,1.0,1.0,0,76,1.0,1.0
200500024741,5,15,1,2,1,1.0,3.0,318,800,0,0,7,3.0,1.0,A01,1,1,1,1,5.0,1982,2005,3,2.0,2,2.0,1.0,65,0,1.0,1.0
201700026340,12,18,1,2,2,2.0,3.0,172,340,0,0,7,1.0,1.0,A01,1,1,1,1,5.0,1989,2017,4,2.0,3,1.0,1.0,0,90,2.0,1.0
200500018038,3,18,2,1,1,1.0,3.0,34,940,0,0,7,6.0,11.0,A01,1,1,1,1,5.0,1980,2005,1,3.0,6,1.0,1.0,8,210,1.0,1.0
200800036842,7,10,1,1,1,1.0,6.0,334,70,0,0,7,7.0,1.0,A01,1,1,1,1,5.0,1975,2008,3,2.0,2,1.0,2.0,0,56,1.0,1.0
201200009365,11,12,5,1,1,2.0,5.0,166,202,0,0,7,8.0,1.0,C03,1,1,1,1,1.0,1959,2012,2,2.0,3,2.0,1.0,0,100,2.0,1.0
201000060202,7,7,1,2,3,7.0,3.0,101,750,0,0,10,8.0,12.0,A01,1,1,1,1,4.0,1979,2010,4,1.0,3,1.0,1.0,40,140,1.0,1.0
201000055661,5,29,3,1,1,8.0,3.0,73,930,0,0,10,6.0,0.0,A01,1,1,1,1,5.0,1980,2010,1,1.0,3,1.0,1.0,15,105,2.0,2.0
201000017634,10,30,3,1,1,1.0,1.0,313,800,0,0,17,3.0,1.0,A01,2,2,1,1,0.0,1974,2010,1,0.0,3,1.0,1.0,35,105,2.0,1.0
200600041631,7,20,1,2,1,1.0,2.0,41,940,0,0,10,4.0,1.0,B01,1,1,1,1,1.0,1969,2006,3,2.0,2,1.0,1.0,15,50,1.0,1.0
200500047097,7,27,1,2,1,1.0,6.0,5,930,0,0,7,4.0,4.0,A01,1,1,1,1,4.0,1957,2005,4,1.0,1,1.0,1.0,0,70,1.0,1.0
201100052767,11,18,5,2,1,1.0,6.0,4,201,0,0,32,1.0,17.0,A01,1,1,1,1,5.0,1934,2011,4,2.0,2,1.0,1.0,0,94,1.0,1.0
201600058955,5,7,3,1,1,1.0,2.0,407,974,0,0,7,6.0,1.0,B01,2,2,1,1,5.0,1962,2016,2,1.0,2,1.0,1.0,40,70,1.0,1.0
200800038650,7,22,1,2,1,1.0,6.0,55,130,0,0,30,1.0,1.0,A01,1,1,1,1,1.0,1953,2008,4,3.0,3,1.0,1.0,0,0,1.0,1.0
201700001989,5,15,1,2,1,1.0,3.0,140,690,0,0,13,2.0,15.0,A01,1,1,1,1,4.0,1983,2017,3,2.0,2,1.0,0.0,10,15,1.0,0.0
201100062917,5,6,1,2,1,1.0,6.0,118,750,0,0,10,0.0,1.0,Z01,0,3,1,1,0.0,1976,2011,4,2.0,4,1.0,1.0,0,100,1.0,3.0
200700036960,6,7,1,2,1,1.0,2.0,21,800,0,0,7,4.0,1.0,B01,1,1,1,1,5.0,1925,2007,4,2.0,2,1.0,1.0,0,50,1.0,1.0
201700009057,2,9,3,2,1,2.0,3.0,55,130,0,0,7,3.0,15.0,A01,2,2,1,2,0.0,1997,2017,4,3.0,4,2.0,1.0,100,120,2.0,1.0
200800025911,5,11,1,2,1,1.0,2.0,4,920,0,0,7,1.0,1.0,A01,1,1,1,1,5.0,1985,2008,3,2.0,2,1.0,1.0,0,72,1.0,1.0
200700020911,4,29,5,2,1,1.0,3.0,55,130,0,0,32,1.0,1.0,B01,5,2,1,2,0.0,1949,2007,4,2.0,2,1.0,1.0,0,60,1.0,1.0
201500035837,11,1,1,1,1,1.0,2.0,194,860,0,0,7,1.0,1.0,A01,1,1,1,1,0.0,1993,2015,3,2.0,2,1.0,1.0,0,86,1.0,1.0
201700048487,5,4,5,1,1,2.0,6.0,116,750,0,0,7,2.0,1.0,A01,1,1,1,2,5.0,1996,2017,1,1.0,3,2.0,2.0,0,0,2.0,1.0
201800045490,11,24,1,1,1,1.0,2.0,42,950,0,0,7,4.0,2.0,A01,1,1,1,1,5.0,1994,2018,2,3.0,4,1.0,1.0,0,0,2.0,1.0
201700049545,10,22,1,1,1,2.0,6.0,235,910,0,0,7,6.0,19.0,A01,1,1,1,2,5.0,1998,2017,2,3.0,6,1.0,1.0,15,210,1.0,1.0
201500001179,5,11,1,1,2,1.0,3.0,239,290,0,0,7,6.0,19.0,A01,1,1,1,1,5.0,1946,2015,3,2.0,2,1.0,1.0,0,100,1.0,1.0
200700024398,4,10,1,2,2,1.0,3.0,66,930,0,0,10,1.0,19.0,B01,1,1,1,1,4.0,1969,2007,9,2.0,2,1.0,1.0,0,0,1.0,1.0
201200040930,12,10,1,2,2,1.0,3.0,201,910,0,0,7,1.0,1.0,B01,1,1,1,1,1.0,1992,2012,4,1.0,1,1.0,1.0,0,0,1.0,1.0
201700046729,7,17,1,1,1,1.0,2.0,73,940,0,0,7,6.0,11.0,B01,1,1,1,1,5.0,1986,2017,1,1.0,4,1.0,1.0,0,0,1.0,1.0
201000046334,8,18,1,2,1,2.0,6.0,85,870,0,0,33,8.0,2.0,A01,1,1,1,1,5.0,1952,2010,2,3.0,5,1.0,1.0,20,150,2.0,1.0
201700027406,9,26,5,2,2,1.0,3.0,122,370,0,0,7,7.0,1.0,B01,1,1,1,1,5.0,1987,2017,4,2.0,2,1.0,1.0,0,100,1.0,1.0
200700067574,11,5,1,2,6,1.0,3.0,23,30,0,0,30,1.0,9.0,A01,1,1,1,1,5.0,1992,2007,4,2.0,2,1.0,2.0,0,60,1.0,1.0
200800076225,7,4,1,2,2,1.0,6.0,407,974,0,0,7,1.0,15.0,A01,0,3,1,2,5.0,1991,2008,4,2.0,2,1.0,1.0,0,80,1.0,0.0
201300053481,7,1,1,2,1,1.0,3.0,114,750,0,0,33,1.0,1.0,B01,1,1,1,1,4.0,1959,2013,4,0.0,3,1.0,1.0,0,0,1.0,1.0
201700026351,1,7,5,2,1,1.0,6.0,108,340,0,0,7,3.0,14.0,A01,1,1,1,1,5.0,1990,2017,4,2.0,2,1.0,1.0,0,0,1.0,3.0
200900064943,10,12,2,2,3,1.0,6.0,288,350,0,0,10,3.0,23.0,B01,1,1,1,1,5.0,1976,2009,4,2.0,2,1.0,1.0,0,0,1.0,0.0
201000027076,10,13,1,2,1,1.0,2.0,19,290,0,0,7,1.0,1.0,A01,1,1,1,2,0.0,1989,2010,9,2.0,1,1.0,1.0,0,0,1.0,1.0
201300028847,10,11,1,2,3,2.0,6.0,395,540,0,0,7,2.0,9.0,A01,0,3,1,1,0.0,1977,2013,4,1.0,1,0.0,0.0,0,0,2.0,1.0
201200047169,10,16,1,2,1,1.0,6.0,41,940,0,0,10,4.0,4.0,A01,1,1,1,1,4.0,1980,2012,4,1.0,1,1.0,1.0,10,30,1.0,1.0
200900050693,7,24,1,2,1,1.0,3.0,310,30,0,0,7,2.0,17.0,A01,1,1,1,1,5.0,1923,2009,4,2.0,2,1.0,1.0,0,70,1.0,1.0
200700014913,3,19,1,2,1,1.0,2.0,18,410,0,0,7,1.0,2.0,A01,2,2,1,1,0.0,1993,2007,4,1.0,2,1.0,1.0,0,0,2.0,1.0
201100005550,10,2,3,1,1,1.0,1.0,239,790,0,0,7,1.0,17.0,A01,2,2,1,2,0.0,1993,2011,3,2.0,2,1.0,1.0,0,0,1.0,1.0
201600046515,12,10,3,1,1,1.0,2.0,73,930,0,0,7,4.0,2.0,B01,1,1,1,1,0.0,1985,2016,1,3.0,3,1.0,1.0,30,105,1.0,1.0
200900068811,10,7,1,2,1,1.0,6.0,1,930,0,0,37,0.0,7.0,B01,1,1,1,1,9.0,1985,2009,3,2.0,4,1.0,1.0,0,80,1.0,1.0
201500001452,7,1,1,2,1,1.0,4.0,54,940,0,0,7,3.0,2.0,A01,1,1,1,1,1.0,1977,2015,4,1.0,1,1.0,3.0,0,0,1.0,1.0
200700032423,6,6,1,2,1,1.0,1.0,11,330,0,0,3,6.0,15.0,B02,1,1,1,2,0.0,1961,2007,3,2.0,0,1.0,1.0,0,70,1.0,1.0
200700035403,6,10,5,2,3,2.0,4.0,243,330,0,0,7,1.0,2.0,A01,2,2,1,2,0.0,1947,2007,3,2.0,3,1.0,1.0,0,95,2.0,1.0
201300050100,5,1,1,1,1,8.0,7.0,203,130,0,0,7,1.0,13.0,A01,1,1,1,2,1.0,1958,2013,1,1.0,1,1.0,0.0,45,45,1.0,2.0
200800070883,12,12,1,2,1,1.0,4.0,229,270,0,0,7,3.0,1.0,B01,2,2,1,2,0.0,1949,2008,4,2.0,2,2.0,3.0,0,100,1.0,1.0
200900048331,7,5,1,2,1,3.0,6.0,132,440,0,0,7,1.0,1.0,A01,1,1,1,1,0.0,1965,2009,4,2.0,4,1.0,1.0,0,80,2.0,1.0
200500060135,9,19,1,2,1,1.0,6.0,19,750,0,0,10,3.0,11.0,A01,1,1,1,1,1.0,1956,2005,4,3.0,4,1.0,1.0,15,120,1.0,1.0
200800072944,12,28,1,2,2,1.0,2.0,73,920,0,0,7,4.0,9.0,A01,1,1,1,1,5.0,1985,2008,3,2.0,4,3.0,1.0,0,0,0.0,1.0
200600011302,3,11,5,2,4,1.0,3.0,88,60,0,0,7,1.0,1.0,B01,1,1,1,1,9.0,1957,2006,4,2.0,2,1.0,1.0,0,0,1.0,1.0
200600014012,3,5,1,2,1,1.0,7.0,284,770,0,0,7,7.0,2.0,A01,2,2,1,2,0.0,1960,2006,4,2.0,2,1.0,1.0,0,70,1.0,1.0
200600060450,10,20,5,2,1,2.0,2.0,88,60,0,0,7,3.0,2.0,A01,1,1,1,1,1.0,1954,2006,4,2.0,4,1.0,1.0,0,111,2.0,1.0
200500054817,9,8,2,1,1,2.0,3.0,212,320,0,0,7,1.0,1.0,B02,1,1,1,2,5.0,1981,2005,4,2.0,2,2.0,3.0,0,45,2.0,1.0
200600042259,6,25,1,2,2,2.0,1.0,12,920,0,0,7,1.0,15.0,B01,1,1,1,1,5.0,1980,2006,3,2.0,2,1.0,1.0,10,97,2.0,0.0
200700080615,12,23,1,2,1,7.0,6.0,103,750,0,0,7,3.0,9.0,A01,1,1,1,2,5.0,1982,2007,4,2.0,2,1.0,1.0,0,57,1.0,1.0
200900018013,2,4,1,2,1,1.0,1.0,55,130,0,0,7,1.0,0.0,B01,2,2,1,2,3.0,1955,2009,3,0.0,0,2.0,1.0,0,0,1.0,1.0
201700048929,12,11,1,1,1,6.0,6.0,25,920,0,0,10,1.0,2.0,A01,1,1,1,1,4.0,1998,2017,1,1.0,2,1.0,1.0,10,70,1.0,1.0
201200012102,8,21,1,2,3,1.0,3.0,229,330,0,0,7,2.0,1.0,B02,1,1,1,1,9.0,1975,2012,3,2.0,2,1.0,2.0,0,45,1.0,1.0
200900019542,7,5,1,2,3,1.0,6.0,137,830,0,0,33,1.0,1.0,A01,1,1,1,1,5.0,1990,2009,4,2.0,2,1.0,1.0,0,80,1.0,1.0
201200048915,9,18,1,1,1,1.0,6.0,11,940,0,0,7,1.0,1.0,A01,3,2,1,1,5.0,2011,2012,2,3.0,2,1.0,1.0,15,155,1.0,1.0
201000048684,10,18,2,2,1,1.0,5.0,36,920,0,0,37,8.0,23.0,C01,1,1,1,1,4.0,1984,2010,3,2.0,2,1.0,1.0,0,100,1.0,1.0
201300013698,6,1,1,1,1,1.0,5.0,28,130,0,0,7,3.0,1.0,D01,4,2,1,2,5.0,2008,2013,3,2.0,2,1.0,3.0,0,72,1.0,1.0
201600001348,3,12,1,1,1,1.0,6.0,76,140,0,0,7,1.0,14.0,A01,2,2,1,1,5.0,1973,2016,3,3.0,2,0.0,1.0,11,105,1.0,2.0
201800026671,7,31,1,2,1,1.0,3.0,208,450,0,0,7,3.0,10.0,A01,1,1,1,2,5.0,1997,2018,3,2.0,2,1.0,1.0,0,0,1.0,1.0
200800063197,11,30,3,2,1,1.0,1.0,51,470,0,0,7,1.0,1.0,B02,5,2,1,1,0.0,1990,2008,3,2.0,2,1.0,1.0,94,0,1.0,1.0
200500082277,12,20,1,2,1,1.0,6.0,10,750,0,0,5,1.0,1.0,A01,0,3,1,1,5.0,1955,2005,4,1.0,3,1.0,1.0,0,90,1.0,1.0
200700049150,8,28,5,1,1,1.0,1.0,71,130,0,0,7,1.0,1.0,B01,2,2,1,2,0.0,2007,2007,3,3.0,2,2.0,1.0,5,35,1.0,1.0
200500008740,2,2,1,2,1,1.0,3.0,12,750,0,0,2,3.0,18.0,A01,1,1,1,1,4.0,1967,2005,4,2.0,2,1.0,1.0,0,60,2.0,1.0
201600051836,3,1,1,2,4,2.0,6.0,106,750,0,0,31,1.0,1.0,A01,0,3,1,1,0.0,1992,2016,4,2.0,4,1.0,1.0,0,0,2.0,1.0
200600021317,4,7,1,2,2,1.0,2.0,15,750,0,0,5,1.0,1.0,A01,1,1,1,1,5.0,1981,2006,4,2.0,4,1.0,1.0,0,120,1.0,1.0
200500001994,1,1,3,1,1,1.0,2.0,26,360,0,0,7,4.0,2.0,B02,2,2,1,1,0.0,1990,2005,1,3.0,0,1.0,1.0,20,105,1.0,1.0
201300011501,8,18,1,2,1,1.0,5.0,38,570,0,0,7,0.0,15.0,B02,1,1,1,1,5.0,1965,2013,4,2.0,1,3.0,1.0,68,0,1.0,1.0
200600033422,6,7,1,2,1,1.0,6.0,555,310,0,0,7,1.0,0.0,A01,0,3,1,1,0.0,1988,2006,4,2.0,2,1.0,1.0,0,58,1.0,1.0
201700029080,4,6,1,2,1,1.0,6.0,1,470,0,0,7,8.0,1.0,A01,0,3,1,1,5.0,2003,2017,4,1.0,1,1.0,1.0,0,0,1.0,1.0
200800001830,1,5,5,2,6,8.0,3.0,299,170,0,0,7,8.0,1.0,B01,1,1,1,2,5.0,1957,2008,4,2.0,2,1.0,1.0,0,61,2.0,1.0
200500023040,4,13,1,2,1,1.0,1.0,554,140,0,0,7,8.0,1.0,A01,1,1,1,1,2.0,1963,2005,3,2.0,2,1.0,1.0,0,54,1.0,1.0
201200059989,5,5,1,2,1,1.0,3.0,120,750,0,0,10,8.0,1.0,B01,1,1,1,1,4.0,1945,2012,4,1.0,2,2.0,2.0,0,70,1.0,1.0
201000044770,10,18,5,2,6,1.0,3.0,21,800,0,0,33,1.0,1.0,B01,1,1,1,1,0.0,1973,2010,4,1.0,1,1.0,2.0,0,0,1.0,1.0
200700031516,5,14,1,1,1,1.0,5.0,53,930,0,0,15,0.0,1.0,E01,1,1,1,1,4.0,1984,2007,1,2.0,2,1.0,1.0,10,70,1.0,1.0
201800019281,1,23,1,1,1,1.0,1.0,471,570,0,0,7,2.0,13.0,A01,1,1,1,2,0.0,1985,2018,3,2.0,2,1.0,1.0,0,0,1.0,1.0
200600035893,6,5,1,1,1,1.0,6.0,688,780,0,0,1,1.0,5.0,A01,1,1,1,1,5.0,1946,2006,9,2.0,0,1.0,1.0,0,0,1.0,0.0
201400026400,8,1,1,1,1,1.0,7.0,208,370,0,0,7,1.0,1.0,A01,1,1,1,1,5.0,1947,2014,4,2.0,2,1.0,1.0,0,70,1.0,1.0
200500070747,11,6,1,1,1,1.0,1.0,217,720,0,0,7,3.0,1.0,A01,3,2,1,2,0.0,1996,2005,3,2.0,2,3.0,3.0,0,62,1.0,1.0
200800063065,11,3,1,1,1,9.0,1.0,133,440,0,0,14,3.0,4.0,A01,4,2,1,2,0.0,1974,2008,4,2.0,0,1.0,3.0,0,0,2.0,1.0
201800026513,1,2,5,2,1,2.0,3.0,184,440,0,0,2,1.0,1.0,A01,1,1,1,1,4.0,2000,2018,4,2.0,0,1.0,1.0,0,0,2.0,1.0
201800037112,8,4,5,2,1,1.0,6.0,589,910,0,0,7,1.0,1.0,A01,3,2,1,1,5.0,1996,2018,3,2.0,2,1.0,1.0,0,0,1.0,3.0
201400037694,8,14,1,2,3,1.0,3.0,85,870,0,0,2,7.0,15.0,B01,1,1,1,1,1.0,1991,2014,4,2.0,2,1.0,1.0,0,60,1.0,1.0
201400027608,2,23,3,2,1,1.0,3.0,162,440,0,0,7,2.0,1.0,A01,4,2,1,1,5.0,1988,2014,2,3.0,4,2.0,3.0,0,72,2.0,1.0
201500015546,11,20,1,2,1,1.0,3.0,55,130,0,0,7,2.0,19.0,B01,1,1,1,1,0.0,1962,2015,4,2.0,2,2.0,1.0,0,81,1.0,1.0
201300054452,12,12,1,2,3,1.0,2.0,116,750,0,0,2,3.0,17.0,A01,1,1,1,1,1.0,1996,2013,4,2.0,2,1.0,1.0,0,80,1.0,1.0
201600018243,11,24,4,2,6,1.0,3.0,36,440,0,0,7,1.0,9.0,B01,1,1,1,2,5.0,1956,2016,9,1.0,1,1.0,0.0,0,10,1.0,0.0
201100056043,6,25,1,2,2,1.0,6.0,384,690,0,0,30,1.0,21.0,A01,0,3,1,2,0.0,1943,2011,4,2.0,3,2.0,1.0,0,118,1.0,1.0
200600043238,7,1,1,1,1,1.0,5.0,301,10,0,0,7,1.0,1.0,B02,2,2,1,2,0.0,1986,2006,3,2.0,0,2.0,1.0,0,68,1.0,1.0
201800006436,6,18,1,1,1,1.0,4.0,378,270,0,0,7,4.0,2.0,B01,2,2,1,1,5.0,1941,2018,2,1.0,1,2.0,1.0,0,0,1.0,2.0
200600026690,5,5,1,2,1,1.0,1.0,151,380,0,0,7,1.0,1.0,A01,1,1,1,2,5.0,1966,2006,4,2.0,2,1.0,3.0,0,51,1.0,1.0
200800023279,5,10,1,2,1,1.0,6.0,88,60,0,0,37,2.0,1.0,A01,1,1,1,1,4.0,1959,2008,4,2.0,3,1.0,1.0,0,87,1.0,1.0
200800033527,6,19,1,2,3,1.0,6.0,266,690,0,0,7,1.0,1.0,A01,0,3,1,1,5.0,1947,2008,4,1.0,1,1.0,1.0,0,50,1.0,1.0
201100027370,3,18,1,2,4,1.0,3.0,63,330,0,0,1,0.0,1.0,A01,1,1,1,1,2.0,1996,2011,4,1.0,1,1.0,1.0,0,55,1.0,1.0
200900047517,6,12,2,2,2,1.0,2.0,4,920,0,0,34,1.0,1.0,A01,1,1,1,1,5.0,1979,2009,3,2.0,2,1.0,1.0,0,0,1.0,0.0
201600027629,7,6,1,1,1,1.0,3.0,267,490,0,0,7,7.0,1.0,B01,4,2,1,1,5.0,2008,2016,1,3.0,3,1.0,1.0,0,107,1.0,1.0
201500040574,11,22,1,2,2,1.0,6.0,32,930,0,0,7,3.0,15.0,A01,1,1,1,1,0.0,1955,2015,4,2.0,2,1.0,1.0,0,60,1.0,1.0
201800007550,12,16,3,1,1,3.0,6.0,2,730,0,0,7,2.0,2.0,A01,2,2,1,1,5.0,1985,2018,1,3.0,4,1.0,2.0,0,0,5.0,3.0
201600028101,12,16,1,2,1,1.0,7.0,129,500,0,0,7,7.0,1.0,A01,1,1,1,2,5.0,1942,2016,4,1.0,1,1.0,1.0,0,0,1.0,4.0
200800019100,4,7,3,2,1,1.0,3.0,55,130,0,0,7,7.0,9.0,A01,1,1,1,2,1.0,1965,2008,4,2.0,2,1.0,0.0,0,0,0.0,1.0
201800055603,9,21,1,2,1,1.0,2.0,120,750,17,50,32,1.0,3.0,A01,1,1,1,1,1.0,1991,2018,4,1.0,5,1.0,1.0,0,0,1.0,1.0
201100055221,10,5,3,1,1,1.0,2.0,161,910,0,0,7,2.0,2.0,B01,1,1,1,2,1.0,1963,2011,1,3.0,6,1.0,1.0,15,105,1.0,1.0
201300056454,6,12,1,2,1,1.0,6.0,119,750,0,0,38,4.0,2.0,B01,1,1,1,1,4.0,1967,2013,4,1.0,4,1.0,1.0,15,140,1.0,1.0
200800069245,12,10,1,2,3,1.0,3.0,470,630,0,0,7,1.0,1.0,A01,1,1,1,1,5.0,1958,2008,3,2.0,2,3.0,1.0,0,61,1.0,3.0
201300051355,3,30,1,2,2,8.0,3.0,108,750,0,0,7,5.0,1.0,B01,1,1,1,1,3.0,1950,2013,4,1.0,3,1.0,1.0,0,100,1.0,1.0
200500059869,9,11,1,2,1,1.0,6.0,14,750,0,0,18,7.0,16.0,B01,1,1,1,1,4.0,1964,2005,4,1.0,2,1.0,1.0,0,60,1.0,1.0
201200002248,1,26,1,2,1,1.0,3.0,147,720,0,0,14,8.0,1.0,B02,1,1,1,1,4.0,1965,2012,3,2.0,2,1.0,4.0,0,63,1.0,1.0
201300010500,6,20,1,2,1,1.0,2.0,69,60,0,0,7,1.0,2.0,A01,1,1,1,2,0.0,1984,2013,4,1.0,1,1.0,1.0,0,0,1.0,1.0
200500030247,5,31,1,2,1,1.0,6.0,3,750,0,0,4,3.0,7.0,A01,1,1,1,1,5.0,1977,2005,4,1.0,1,1.0,1.0,0,30,1.0,1.0
201400027517,4,30,1,2,6,1.0,3.0,55,440,0,0,1,7.0,1.0,B01,1,1,1,1,5.0,1967,2014,4,1.0,1,1.0,1.0,0,66,1.0,1.0
200700064830,10,14,1,1,1,1.0,7.0,238,780,0,0,33,8.0,1.0,A01,1,1,1,1,5.0,1956,2007,3,2.0,2,1.0,1.0,0,0,1.0,1.0
201200050233,7,23,1,1,1,1.0,5.0,402,780,0,0,7,3.0,1.0,C01,1,1,1,1,5.0,1979,2012,1,3.0,3,1.0,1.0,15,105,1.0,1.0
201800014922,5,5,1,1,1,1.0,1.0,128,380,0,0,7,2.0,1.0,B01,9,2,1,2,5.0,2002,2018,2,2.0,2,1.0,3.0,0,0,1.0,1.0
200500047166,7,22,1,2,2,1.0,3.0,51,930,0,0,5,2.0,1.0,A01,1,1,1,1,5.0,1951,2005,4,0.0,1,1.0,1.0,0,0,1.0,1.0
200600083028,10,7,1,1,1,1.0,2.0,213,972,0,0,5,1.0,2.0,A01,1,1,1,1,0.0,1979,2006,1,3.0,4,2.0,1.0,0,0,0.0,1.0
200600049786,8,22,1,2,1,1.0,2.0,194,860,0,0,7,4.0,15.0,B01,1,1,1,2,9.0,1965,2006,4,2.0,2,1.0,1.0,0,130,1.0,1.0
201100066040,1,16,1,2,1,1.0,2.0,13,972,0,0,7,4.0,2.0,B01,1,1,1,1,0.0,1959,2011,4,2.0,2,1.0,1.0,0,0,1.0,1.0
201800045869,5,23,5,1,9,1.0,6.0,418,780,0,0,10,2.0,0.0,A01,1,1,1,1,9.0,1981,2018,1,1.0,12,1.0,1.0,0,0,1.0,3.0
200600080986,3,26,5,2,1,1.0,6.0,209,972,0,0,7,1.0,0.0,A01,1,1,1,1,0.0,1985,2006,2,2.0,4,1.0,1.0,0,100,1.0,1.0
201300019584,7,18,1,2,1,1.0,6.0,461,170,0,0,7,1.0,0.0,A01,1,1,1,2,0.0,1924,2013,4,0.0,1,1.0,1.0,0,0,1.0,1.0
201100004189,3,10,2,1,1,5.0,5.0,417,330,0,0,17,8.0,19.0,A01,1,1,1,1,4.0,1966,2011,3,2.0,2,1.0,1.0,0,72,1.0,1.0
201400055179,6,11,1,2,1,1.0,6.0,115,750,0,0,7,8.0,1.0,A01,1,1,1,1,4.0,1978,2014,4,2.0,2,1.0,0.0,0,104,1.0,1.0
200500017742,3,18,2,2,1,1.0,6.0,37,940,0,0,7,1.0,5.0,B01,1,1,1,2,0.0,1957,2005,4,2.0,0,0.0,1.0,0,45,0.0,1.0
200600021246,4,4,5,2,1,1.0,4.0,1,750,0,0,7,4.0,23.0,C01,1,1,1,1,5.0,1959,2006,4,1.0,3,1.0,1.0,0,90,1.0,1.0