num_acc,mois,jour,lum,agg,int,atm,col,com,dep,hr,mn,catv,choc,manv,num_veh,place,catu,grav,sexe,trajet,an_nais,annee,catr,circ,nbv,prof,plan,lartpc,larrout,surf,situ
201400007664,8,5,1,1,1,1.0,1.0,80,130,0,0,14,1.0,1.0,B02,1,1,1,1,4.0,1970,2014,3,2.0,0,1.0,3.0,0,0,0.0,1.0
201000029925,8,23,1,2,1,1.0,2.0,3,340,0,0,1,5.0,3.0,B01,1,1,1,1,9.0,1967,2010,3,1.0,3,2.0,1.0,0,100,1.0,1.0
201800022976,3,14,1,2,1,1.0,6.0,555,310,0,0,37,2.0,1.0,A01,1,1,1,1,4.0,1969,2018,4,3.0,1,1.0,1.0,0,0,1.0,1.0
200900060388,6,11,1,2,1,1.0,2.0,134,280,0,0,7,1.0,0.0,A01,1,1,1,1,5.0,1987,2009,3,0.0,2,1.0,0.0,0,0,1.0,0.0
201800006553,5,1,2,1,1,1.0,6.0,27,510,0,0,7,2.0,14.0,A01,2,2,1,2,5.0,1994,2018,1,3.0,4,2.0,1.0,0,0,1.0,3.0
200700002692,1,9,1,2,1,1.0,6.0,63,330,0,0,7,2.0,1.0,A01,1,1,1,2,0.0,1986,2007,4,1.0,2,1.0,1.0,0,33,1.0,1.0
201400050034,10,27,2,1,1,1.0,5.0,318,330,0,0,7,6.0,0.0,I01,1,1,1,2,1.0,1985,2014,1,1.0,4,1.0,1.0,90,140,1.0,1.0
200700025002,4,24,1,2,2,1.0,1.0,385,690,0,0,7,3.0,1.0,B01,1,1,1,2,0.0,1950,2007,4,2.0,2,4.0,3.0,0,71,1.0,1.0
201400047977,2,26,1,1,1,1.0,4.0,62,920,0,0,7,4.0,2.0,B01,3,2,1,2,0.0,2006,2014,1,1.0,2,1.0,1.0,0,85,1.0,1.0
201900058182,9,21,1,1,1,1.0,1.0,32298,32,0,0,7,1.0,1.0,B01,1,1,1,1,5.0,1984,2019,3,2.0,2,3.0,3.0,0,0,1.0,1.0
201200013798,10,15,1,2,4,1.0,1.0,176,120,0,0,2,2.0,0.0,A01,1,1,1,1,4.0,1972,2012,4,2.0,2,4.0,0.0,0,56,1.0,1.0
201300051156,6,3,5,2,3,1.0,4.0,107,750,0,0,7,1.0,2.0,A01,1,1,1,1,4.0,1960,2013,4,1.0,4,1.0,1.0,0,140,1.0,1.0
200900022797,3,25,5,2,1,1.0,2.0,88,60,0,0,7,5.0,0.0,B01,1,1,1,1,0.0,1965,2009,4,1.0,0,1.0,3.0,0,0,1.0,1.0
201300039937,8,28,1,2,1,1.0,7.0,50,920,0,0,33,7.0,0.0,A01,1,1,1,1,1.0,1980,2013,9,2.0,2,1.0,1.0,0,100,8.0,1.0
201600023582,1,12,4,2,4,1.0,6.0,167,330,0,0,7,0.0,15.0,A01,1,1,1,2,0.0,1956,2016,4,2.0,2,1.0,0.0,0,0,2.0,1.0
201200061048,11,9,1,1,1,1.0,1.0,23,972,0,0,10,3.0,1.0,B02,1,1,1,1,1.0,1945,2012,3,2.0,2,3.0,3.0,0,55,1.0,1.0
201900053264,2,18,1,2,1,1.0,3.0,13202,13,0,0,7,3.0,15.0,A01,1,1,1,1,5.0,1976,2019,9,3.0,4,1.0,1.0,0,0,1.0,1.0
201100018668,8,30,1,2,1,1.0,6.0,1,130,0,0,7,3.0,0.0,A01,1,1,1,2,5.0,1989,2011,4,0.0,1,0.0,0.0,0,0,0.0,1.0
201100034855,10,18,5,2,1,1.0,6.0,194,580,0,0,7,1.0,0.0,A01,0,3,1,1,9.0,1956,2011,4,2.0,2,1.0,1.0,0,76,1.0,0.0
201400005441,5,26,2,1,1,3.0,4.0,345,630,0,0,7,8.0,1.0,B02,1,1,1,2,0.0,1988,2014,3,2.0,0,2.0,2.0,0,78,2.0,1.0
201500049773,9,17,1,1,1,1.0,2.0,266,690,0,0,7,1.0,2.0,A01,1,1,1,2,5.0,1989,2015,3,1.0,3,1.0,1.0,15,105,1.0,1.0
201200055600,3,19,1,2,1,1.0,3.0,111,750,0,0,30,1.0,9.0,A01,1,1,1,1,4.0,1986,2012,4,2.0,0,1.0,1.0,0,140,1.0,1.0
201100051772,10,29,1,2,1,1.0,4.0,78,940,0,0,7,1.0,2.0,A01,1,1,1,1,5.0,1973,2011,3,3.0,3,2.0,1.0,0,75,1.0,1.0
200600009910,2,4,1,2,3,8.0,3.0,640,780,0,0,7,3.0,15.0,B01,1,1,1,2,5.0,1966,2006,3,2.0,3,1.0,1.0,0,0,1.0,1.0
201600024774,9,18,1,1,1,1.0,4.0,172,340,0,0,7,4.0,2.0,C01,2,2,1,1,9.0,1972,2016,4,2.0,2,1.0,1.0,0,60,1.0,1.0
201400023902,1,9,1,2,2,1.0,3.0,281,330,0,0,7,1.0,1.0,B01,1,1,1,2,0.0,1932,2014,4,1.0,4,1.0,1.0,0,0,1.0,1.0
200500047431,7,16,5,2,6,1.0,6.0,4,201,0,0,7,1.0,21.0,A01,2,2,1,2,0.0,1983,2005,4,1.0,3,1.0,1.0,0,114,1.0,1.0
201000015307,7,5,1,2,3,1.0,5.0,155,60,0,0,10,5.0,16.0,B01,1,1,1,1,1.0,1969,2010,4,1.0,1,1.0,1.0,0,35,1.0,1.0
200800033586,6,5,1,2,9,1.0,1.0,222,730,0,0,99,1.0,5.0,A01,1,1,1,2,4.0,1972,2008,4,2.0,0,1.0,4.0,0,0,1.0,1.0
200700069715,11,29,2,2,1,2.0,6.0,9,590,0,0,7,1.0,1.0,A01,1,1,1,1,5.0,1923,2007,4,2.0,2,1.0,1.0,0,150,2.0,1.0
200700059470,9,20,1,2,2,1.0,3.0,112,750,0,0,2,7.0,2.0,A01,2,2,1,1,0.0,1989,2007,4,2.0,1,1.0,0.0,0,83,1.0,1.0
201200041606,10,14,5,2,2,1.0,3.0,4,920,0,0,1,1.0,1.0,A01,1,1,1,1,0.0,1992,2012,3,2.0,2,1.0,1.0,0,0,1.0,1.0
200900054174,8,22,1,1,1,1.0,5.0,199,340,0,0,7,6.0,2.0,C03,1,1,1,1,5.0,1979,2009,2,3.0,2,1.0,1.0,10,70,1.0,2.0
201600013059,12,4,5,2,1,1.0,3.0,69,110,0,0,10,0.0,0.0,B01,1,1,1,1,3.0,1961,2016,4,2.0,3,1.0,1.0,0,110,1.0,1.0
201000064841,4,27,5,2,1,1.0,1.0,117,750,0,0,7,1.0,17.0,A01,3,2,1,2,0.0,1981,2010,4,2.0,2,1.0,1.0,0,0,1.0,1.0
201100030359,1,28,5,2,1,1.0,4.0,185,380,0,0,7,4.0,2.0,B01,1,1,1,2,4.0,1966,2011,2,3.0,8,1.0,1.0,0,400,1.0,1.0
201500042758,11,5,1,2,2,1.0,3.0,43,940,0,0,7,8.0,15.0,B01,1,1,1,1,0.0,1980,2015,4,2.0,1,1.0,1.0,0,0,1.0,1.0
201800003437,12,19,2,2,1,3.0,6.0,41,130,0,0,7,3.0,1.0,A01,0,3,1,2,2.0,2003,2018,4,3.0,2,2.0,1.0,0,0,2.0,1.0
200800051678,9,25,1,2,1,1.0,3.0,1,800,0,0,7,2.0,9.0,B01,1,1,1,1,9.0,1967,2008,3,2.0,2,1.0,1.0,0,88,2.0,1.0
200500055395,9,16,3,1,1,1.0,1.0,391,210,0,0,17,3.0,1.0,B02,1,1,1,1,4.0,1971,2005,2,2.0,2,2.0,3.0,0,74,1.0,1.0
201000002729,10,20,1,1,1,1.0,2.0,603,500,0,0,7,2.0,2.0,A01,1,1,1,1,3.0,1920,2010,3,2.0,2,1.0,1.0,0,58,1.0,1.0
201500014154,3,9,1,2,1,1.0,6.0,55,130,0,0,7,3.0,1.0,A01,2,2,1,2,5.0,1988,2015,4,2.0,6,2.0,1.0,0,155,1.0,1.0
201100033268,5,7,1,1,1,1.0,3.0,475,500,0,0,7,2.0,17.0,A01,1,1,1,2,1.0,1989,2011,3,2.0,2,1.0,1.0,0,76,1.0,1.0
201100026463,2,10,5,1,1,1.0,5.0,555,310,0,0,7,8.0,0.0,C01,1,1,1,1,0.0,1962,2011,1,1.0,3,1.0,1.0,0,125,2.0,1.0
200500080504,12,1,2,2,6,3.0,6.0,278,220,0,0,7,2.0,9.0,A01,0,3,1,2,2.0,1991,2005,4,2.0,2,1.0,0.0,0,80,2.0,1.0
201000019283,6,30,5,2,1,1.0,7.0,69,110,0,0,7,0.0,0.0,A01,1,1,1,1,0.0,1972,2010,4,0.0,2,1.0,1.0,50,30,1.0,1.0
201400040642,4,14,1,2,2,1.0,3.0,51,920,0,0,33,1.0,1.0,B01,1,1,1,1,4.0,1965,2014,4,2.0,2,1.0,1.0,0,100,1.0,1.0
201000019800,5,5,1,1,1,3.0,6.0,1,130,0,0,7,8.0,1.0,A01,1,1,1,1,1.0,1976,2010,3,3.0,2,1.0,1.0,12,90,4.0,1.0
200500054819,9,30,1,2,1,1.0,1.0,107,320,0,0,2,1.0,5.0,B02,1,1,1,1,1.0,1991,2005,9,1.0,1,2.0,1.0,0,30,1.0,1.0
201300050718,11,18,1,2,2,8.0,3.0,109,750,0,0,10,1.0,1.0,A01,1,1,1,1,4.0,1965,2013,4,1.0,1,0.0,1.0,0,60,1.0,1.0
200900036373,6,9,1,2,9,1.0,3.0,88,60,0,0,7,1.0,1.0,B01,3,2,1,2,5.0,1988,2009,4,3.0,5,1.0,1.0,0,150,1.0,1.0
201100064759,8,15,5,2,1,1.0,6.0,114,750,0,0,7,3.0,1.0,A01,4,2,1,1,5.0,1982,2011,4,1.0,1,1.0,1.0,0,35,1.0,1.0
200900023991,8,25,1,1,1,2.0,6.0,214,470,0,0,7,1.0,14.0,A01,2,2,1,2,0.0,1971,2009,1,3.0,0,1.0,1.0,30,100,2.0,2.0
200500071839,11,13,1,1,1,3.0,3.0,8,300,0,0,10,1.0,1.0,A01,1,1,1,1,5.0,1987,2005,3,2.0,2,1.0,3.0,0,111,2.0,1.0
200500083906,12,9,1,2,1,1.0,6.0,81,940,0,0,7,1.0,1.0,A01,1,1,1,1,5.0,1965,2005,4,1.0,4,2.0,0.0,0,40,0.0,1.0
200800029935,6,22,3,1,1,3.0,6.0,236,170,0,0,7,6.0,1.0,A01,2,2,1,1,0.0,1988,2008,3,2.0,2,2.0,3.0,0,65,2.0,1.0
201300049694,5,30,1,1,1,1.0,2.0,137,830,0,0,7,4.0,2.0,B01,1,1,1,2,9.0,1963,2013,1,3.0,2,1.0,1.0,20,60,1.0,1.0
201800018929,12,24,5,2,1,1.0,6.0,119,560,0,0,7,8.0,1.0,A01,1,1,1,1,3.0,1974,2018,3,2.0,2,1.0,1.0,0,0,1.0,1.0
201100055580,2,18,1,2,1,8.0,7.0,382,690,0,0,7,2.0,1.0,A01,1,1,1,1,4.0,1988,2011,4,1.0,3,1.0,1.0,0,81,1.0,1.0
201700049496,10,1,3,1,1,1.0,3.0,136,910,0,0,7,8.0,1.0,B01,2,2,1,2,9.0,1981,2017,1,2.0,2,1.0,1.0,0,70,1.0,1.0
200700074497,11,30,3,1,9,1.0,6.0,386,720,0,0,10,3.0,1.0,A01,2,2,1,2,0.0,1978,2007,1,1.0,0,2.0,2.0,0,50,1.0,1.0
200600030302,6,2,1,1,1,1.0,2.0,93,560,0,0,7,1.0,2.0,A01,1,1,1,1,5.0,1982,2006,3,2.0,2,1.0,1.0,0,61,1.0,1.0
200600009574,2,21,1,2,1,2.0,3.0,19,750,0,0,7,3.0,10.0,A01,1,1,1,1,4.0,1982,2006,4,2.0,4,1.0,1.0,0,120,2.0,1.0
201800050290,7,9,1,2,2,1.0,6.0,101,750,0,0,10,2.0,16.0,A01,0,3,1,2,9.0,2000,2018,4,2.0,2,1.0,1.0,0,0,1.0,1.0
201800049203,7,9,1,1,1,1.0,2.0,123,540,0,0,14,1.0,2.0,A01,1,1,1,1,4.0,1978,2018,1,3.0,4,1.0,1.0,0,0,1.0,3.0
200600060138,10,29,3,1,1,1.0,4.0,295,400,0,0,7,4.0,17.0,C03,2,2,1,1,0.0,1951,2006,2,3.0,2,1.0,1.0,70,75,1.0,1.0
200800014520,3,15,3,1,1,2.0,2.0,174,910,0,0,7,4.0,24.0,A01,1,1,1,1,0.0,1986,2008,2,1.0,2,2.0,1.0,0,70,2.0,1.0
201000046554,7,15,1,1,1,1.0,2.0,160,880,0,0,7,1.0,2.0,A01,2,2,1,1,5.0,1985,2010,3,2.0,2,2.0,1.0,0,58,1.0,1.0
200900058550,12,17,2,1,1,4.0,1.0,286,30,0,0,17,1.0,1.0,A01,1,1,1,1,4.0,1953,2009,2,2.0,2,1.0,1.0,0,140,5.0,1.0
200500024901,5,19,1,1,1,2.0,1.0,221,350,0,0,7,2.0,19.0,A01,1,1,1,1,3.0,1970,2005,3,2.0,0,1.0,0.0,0,55,1.0,1.0
200500034538,6,29,1,2,1,1.0,4.0,193,620,0,0,7,4.0,2.0,B01,1,1,1,2,3.0,1978,2005,4,0.0,2,1.0,1.0,0,120,1.0,1.0
200700055947,9,24,5,2,1,2.0,5.0,63,330,0,0,7,1.0,1.0,C01,1,1,1,1,0.0,1987,2007,4,2.0,2,1.0,1.0,0,47,2.0,1.0
201200028597,11,12,1,2,2,1.0,3.0,218,420,0,0,10,8.0,1.0,B01,1,1,1,1,9.0,1989,2012,4,1.0,2,1.0,1.0,0,60,1.0,1.0
201000030831,2,11,2,2,1,1.0,2.0,278,350,0,0,10,1.0,2.0,A01,1,1,1,1,3.0,1982,2010,4,2.0,2,0.0,0.0,0,0,1.0,1.0
200500075295,11,17,1,2,3,1.0,6.0,17,750,0,0,5,1.0,1.0,B01,1,1,1,1,4.0,1971,2005,4,2.0,2,1.0,1.0,0,60,1.0,1.0
201400049029,11,12,1,1,1,1.0,2.0,235,910,0,0,7,4.0,1.0,B01,1,1,1,2,0.0,1985,2014,2,3.0,4,1.0,1.0,15,70,1.0,1.0
200800054079,9,21,1,2,1,1.0,2.0,114,750,0,0,33,1.0,1.0,B01,1,1,1,1,5.0,1960,2008,9,1.0,2,1.0,1.0,0,70,1.0,1.0
201400039143,9,6,1,2,6,1.0,6.0,7,920,0,0,1,1.0,1.0,B01,1,1,1,1,1.0,1955,2014,3,2.0,2,1.0,0.0,0,93,1.0,0.0
200700082980,6,13,1,2,1,1.0,6.0,411,974,0,0,7,1.0,1.0,A01,0,3,1,1,5.0,1983,2007,4,1.0,2,1.0,1.0,0,0,1.0,1.0
200500066728,10,23,1,2,1,1.0,6.0,108,510,0,0,7,7.0,1.0,A01,1,1,1,1,5.0,1957,2005,4,2.0,2,1.0,1.0,0,70,2.0,1.0
201000029676,10,29,5,2,1,1.0,6.0,63,330,0,0,7,1.0,0.0,A01,3,2,1,2,0.0,1960,2010,4,3.0,6,1.0,1.0,0,0,1.0,1.0
200500046478,7,19,1,2,2,1.0,3.0,121,770,0,0,7,3.0,2.0,B01,2,2,1,2,0.0,1973,2005,9,1.0,2,1.0,1.0,0,60,1.0,1.0
201100002863,9,22,1,2,1,1.0,6.0,382,610,0,0,3,3.0,1.0,A01,1,1,1,1,5.0,1962,2011,2,2.0,2,1.0,1.0,0,76,1.0,1.0
200600027419,5,20,1,2,1,1.0,1.0,113,630,0,0,14,1.0,1.0,B01,1,1,1,1,4.0,1961,2006,4,2.0,2,1.0,1.0,0,90,1.0,1.0
201400042368,12,9,2,2,1,9.0,3.0,32,930,0,0,7,1.0,5.0,A01,1,1,1,2,1.0,1981,2014,4,2.0,2,1.0,1.0,0,50,7.0,1.0
201300033273,12,13,1,2,2,1.0,6.0,447,670,0,0,7,1.0,15.0,A01,1,1,1,2,1.0,1993,2013,4,2.0,2,1.0,1.0,0,80,1.0,1.0
200700001653,1,6,1,2,1,1.0,3.0,4,60,0,0,7,8.0,20.0,A01,1,1,1,1,5.0,1968,2007,4,2.0,2,1.0,1.0,0,80,1.0,1.0
201600023352,7,24,3,1,1,1.0,6.0,253,280,0,0,38,7.0,1.0,A01,3,2,1,2,0.0,1998,2016,1,3.0,3,0.0,1.0,6,135,1.0,0.0
201200013658,11,6,1,2,1,1.0,6.0,262,110,0,0,7,1.0,1.0,A01,0,3,1,1,5.0,1958,2012,4,2.0,3,1.0,1.0,0,0,1.0,1.0
201800043727,9,23,5,2,1,1.0,1.0,4,201,0,0,7,1.0,1.0,A01,4,2,1,1,0.0,1963,2018,4,2.0,2,1.0,1.0,0,0,1.0,3.0
200800033916,6,15,5,2,1,1.0,1.0,87,840,0,0,7,3.0,1.0,B01,4,2,1,2,0.0,1987,2008,4,2.0,2,1.0,1.0,0,60,1.0,1.0
201500042392,4,23,1,2,1,1.0,3.0,28,940,0,0,1,2.0,0.0,B01,1,1,1,1,0.0,1945,2015,3,2.0,2,0.0,0.0,0,60,0.0,1.0
201200045123,3,7,5,2,1,3.0,6.0,51,930,0,0,33,0.0,19.0,A01,1,1,1,1,5.0,1982,2012,4,2.0,2,1.0,1.0,30,10,2.0,1.0
201000056121,5,30,1,1,1,1.0,2.0,277,950,0,0,7,4.0,0.0,A01,1,1,1,1,5.0,1983,2010,1,3.0,2,2.0,2.0,15,135,1.0,1.0
200700016542,3,31,1,2,2,2.0,3.0,19,750,0,0,10,2.0,1.0,A01,1,1,1,1,4.0,1980,2007,4,1.0,1,1.0,1.0,0,30,2.0,1.0
200900024706,7,30,3,2,1,1.0,2.0,380,170,0,0,7,4.0,1.0,B01,3,2,1,2,9.0,1976,2009,3,2.0,2,1.0,1.0,0,0,1.0,1.0
201300056574,8,23,1,2,1,1.0,4.0,112,750,0,0,38,2.0,1.0,A01,1,1,1,1,4.0,1963,2013,4,1.0,4,1.0,3.0,15,140,1.0,1.0
200800014985,3,12,1,2,1,1.0,7.0,110,750,0,0,30,8.0,1.0,A01,1,1,1,1,5.0,1986,2008,4,1.0,1,1.0,1.0,0,45,1.0,1.0
201500040337,10,24,1,2,1,1.0,3.0,27,930,0,0,7,7.0,16.0,B01,1,1,1,1,5.0,1963,2015,9,1.0,0,1.0,1.0,0,0,1.0,1.0
201300045067,1,21,2,2,2,1.0,2.0,306,950,0,0,7,5.0,23.0,B01,1,1,1,1,5.0,1979,2013,4,2.0,2,1.0,1.0,0,0,1.0,1.0
201700052916,8,8,1,2,2,1.0,3.0,102,750,0,0,37,2.0,1.0,B01,1,1,1,1,4.0,1975,2017,4,1.0,3,2.0,1.0,10,100,1.0,1.0
201500057813,1,10,1,1,1,1.0,6.0,302,973,0,0,7,4.0,0.0,B01,1,1,1,2,0.0,1994,2015,4,0.0,0,0.0,0.0,0,0,1.0,1.0
201600007614,9,16,1,1,1,1.0,1.0,132,250,0,0,7,2.0,15.0,A01,1,1,1,1,5.0,1959,2016,3,2.0,2,2.0,1.0,0,56,1.0,1.0
200800039383,7,1,1,1,1,1.0,3.0,238,350,0,0,33,1.0,17.0,B01,1,1,1,1,0.0,1969,2008,4,2.0,2,1.0,1.0,0,89,1.0,1.0
201000043095,1,16,1,2,1,2.0,6.0,108,770,0,0,7,1.0,0.0,A01,0,3,1,1,1.0,1954,2010,4,2.0,2,1.0,1.0,0,62,2.0,1.0
200500082723,12,16,1,2,2,2.0,6.0,9,750,0,0,4,3.0,5.0,A01,0,3,1,1,4.0,1932,2005,4,1.0,1,1.0,1.0,0,30,2.0,1.0
201100009535,4,30,3,2,1,1.0,1.0,523,670,0,0,7,2.0,1.0,A01,1,1,1,1,5.0,1984,2011,9,2.0,0,1.0,1.0,0,59,1.0,1.0
201000001039,11,15,1,2,2,2.0,3.0,408,600,0,0,10,1.0,0.0,A01,2,2,1,1,4.0,1984,2010,3,2.0,2,1.0,1.0,0,0,2.0,1.0
201100044384,2,24,5,2,3,2.0,3.0,10,900,0,0,7,2.0,1.0,B01,1,1,1,1,5.0,1958,2011,3,2.0,2,1.0,1.0,0,0,2.0,0.0
201300018269,11,22,3,1,1,2.0,1.0,46,410,0,0,7,2.0,1.0,B02,1,1,1,1,5.0,1985,2013,3,2.0,2,1.0,2.0,0,64,2.0,1.0
200500001985,1,18,2,1,1,4.0,4.0,16,620,0,0,7,1.0,17.0,A01,1,1,1,1,1.0,1980,2005,1,3.0,0,1.0,1.0,11,106,7.0,1.0
201400052856,4,15,1,2,5,1.0,2.0,108,750,0,0,7,7.0,22.0,A01,1,1,1,1,4.0,1948,2014,4,1.0,1,1.0,1.0,0,0,1.0,1.0
201700008401,6,22,5,2,6,1.0,7.0,169,300,0,0,7,1.0,1.0,A01,9,2,1,1,5.0,1997,2017,4,2.0,2,1.0,0.0,7,510,3.0,0.0
200600041090,7,1,3,2,2,1.0,3.0,326,910,0,0,7,8.0,1.0,B01,2,2,1,1,0.0,1956,2006,4,0.0,2,0.0,0.0,0,0,0.0,1.0
201800001255,4,12,1,2,3,1.0,3.0,243,330,0,0,7,6.0,16.0,B01,1,1,1,2,5.0,1939,2018,4,1.0,1,1.0,1.0,0,0,1.0,1.0
200500038482,6,12,1,2,1,1.0,3.0,235,90,0,0,7,8.0,17.0,A01,1,1,1,1,5.0,1971,2005,3,2.0,2,1.0,1.0,0,70,1.0,1.0
201000035314,10,29,5,2,1,1.0,1.0,263,540,0,0,7,2.0,1.0,B01,3,2,1,2,5.0,2007,2010,4,2.0,2,2.0,1.0,0,62,1.0,1.0
200600010506,2,13,1,2,1,1.0,2.0,28,940,0,0,13,1.0,2.0,B01,1,1,1,1,4.0,1947,2006,2,3.0,6,1.0,1.0,10,180,0.0,1.0
200900045436,7,9,1,2,1,1.0,3.0,549,910,0,0,7,3.0,9.0,A01,1,1,1,2,5.0,1980,2009,4,1.0,1,1.0,1.0,0,0,1.0,1.0
201500017467,7,15,1,2,1,1.0,3.0,699,140,0,0,7,8.0,1.0,B01,1,1,1,1,5.0,1978,2015,4,2.0,2,1.0,1.0,0,0,1.0,1.0
201700038588,5,7,1,2,4,1.0,5.0,215,910,0,0,7,3.0,21.0,B01,2,2,1,2,5.0,1958,2017,4,2.0,2,1.0,2.0,0,60,1.0,1.0
201800049521,12,15,3,1,1,2.0,5.0,81,690,0,0,7,6.0,1.0,B01,1,1,1,2,5.0,1962,2018,1,3.0,2,1.0,1.0,0,0,2.0,3.0
200700054725,9,19,1,2,1,1.0,7.0,29,60,0,0,7,1.0,15.0,A01,1,1,1,1,5.0,1966,2007,3,2.0,2,1.0,1.0,10,78,1.0,1.0
201900054019,7,12,1,2,1,1.0,3.0,92050,92,0,0,37,3.0,0.0,B01,1,1,1,1,1.0,1986,2019,4,4.0,4,1.0,1.0,0,0,1.0,1.0
200800077198,11,19,1,2,1,1.0,6.0,209,972,0,0,7,0.0,1.0,A01,0,3,1,1,5.0,2001,2008,4,2.0,2,1.0,1.0,0,0,1.0,1.0
201100029205,3,14,2,2,2,1.0,3.0,238,350,0,0,2,1.0,5.0,A01,1,1,1,1,5.0,1988,2011,4,1.0,1,1.0,1.0,0,0,1.0,1.0
200800028858,5,15,1,1,1,1.0,4.0,1,40,0,0,7,4.0,23.0,D04,2,2,1,1,0.0,1969,2008,3,2.0,2,1.0,1.0,0,0,1.0,1.0
201400010374,5,27,1,2,1,1.0,7.0,29,60,0,0,7,1.0,15.0,A01,1,1,1,2,5.0,1973,2014,4,1.0,2,1.0,1.0,0,60,1.0,1.0
201600055195,10,17,5,2,2,2.0,3.0,116,750,0,0,7,3.0,1.0,B01,1,1,1,1,4.0,1974,2016,4,2.0,2,1.0,1.0,0,0,2.0,1.0
201900053422,1,1,5,2,3,2.0,2.0,69259,69,0,0,7,1.0,1.0,A01,1,1,1,1,5.0,1996,2019,4,3.0,3,1.0,1.0,0,0,2.0,1.0
200600020226,4,7,1,2,1,1.0,6.0,421,380,0,0,7,3.0,14.0,A01,0,3,1,2,1.0,1967,2006,4,2.0,2,1.0,1.0,0,70,1.0,4.0
200600064600,10,16,5,2,1,1.0,3.0,50,920,0,0,7,8.0,15.0,A01,2,2,1,1,0.0,1982,2006,4,2.0,1,2.0,1.0,0,0,1.0,1.0
200600070140,11,17,1,2,5,7.0,6.0,1,930,0,0,7,1.0,2.0,A01,1,1,1,1,0.0,1968,2006,4,0.0,1,1.0,1.0,160,80,1.0,0.0
201400059000,7,18,1,1,1,1.0,6.0,9,972,0,0,7,8.0,1.0,A01,1,1,1,2,5.0,1977,2014,4,2.0,2,2.0,4.0,0,0,1.0,1.0
200700051677,8,27,1,1,1,1.0,4.0,340,910,0,0,7,4.0,2.0,A01,1,1,1,1,9.0,1958,2007,1,3.0,6,1.0,1.0,10,210,1.0,1.0
201200054776,7,17,1,2,5,1.0,3.0,108,750,0,0,32,1.0,1.0,B01,1,1,1,1,1.0,1961,2012,4,1.0,5,1.0,1.0,0,0,1.0,1.0
200600060777,10,15,1,2,1,1.0,2.0,55,130,0,0,7,4.0,23.0,B01,1,1,1,1,0.0,1961,2006,4,3.0,2,1.0,1.0,10,100,1.0,1.0
200900034455,8,16,1,1,1,1.0,4.0,382,570,0,0,7,4.0,1.0,C03,1,1,1,1,5.0,1958,2009,3,2.0,0,3.0,2.0,0,64,1.0,1.0
200900061812,5,25,1,2,3,1.0,3.0,259,760,0,0,7,3.0,1.0,B01,1,1,1,2,0.0,1986,2009,4,2.0,2,1.0,1.0,0,65,1.0,1.0
201600042939,12,24,5,2,1,1.0,6.0,3,940,0,0,7,2.0,2.0,Z01,0,3,1,2,5.0,1998,2016,4,0.0,1,1.0,2.0,0,90,1.0,1.0
200700054405,9,15,3,1,1,1.0,2.0,217,300,0,0,38,1.0,1.0,A01,5,2,1,2,0.0,1956,2007,1,1.0,2,1.0,1.0,40,85,1.0,1.0
200500029372,5,26,1,2,3,1.0,6.0,215,620,0,0,7,4.0,4.0,A01,1,1,1,1,5.0,1973,2005,4,2.0,2,1.0,1.0,0,70,1.0,1.0
200600036035,6,24,5,2,1,1.0,6.0,725,800,0,0,1,0.0,0.0,A01,0,3,1,1,5.0,1942,2006,4,2.0,2,1.0,1.0,0,30,1.0,1.0
201600021552,8,20,1,1,2,1.0,5.0,153,170,0,0,7,3.0,1.0,A01,5,2,1,2,5.0,2010,2016,3,2.0,2,1.0,1.0,0,71,1.0,1.0
201400028296,2,11,1,1,1,1.0,2.0,267,490,0,0,7,3.0,0.0,A01,1,1,1,1,0.0,1984,2014,4,2.0,2,1.0,1.0,0,0,1.0,1.0
201200038267,5,29,1,2,6,1.0,3.0,440,780,0,0,13,7.0,2.0,A01,1,1,1,1,1.0,1969,2012,3,2.0,2,1.0,2.0,0,0,1.0,1.0
200700062644,10,20,5,2,2,1.0,3.0,300,170,0,0,7,1.0,9.0,A01,1,1,1,2,0.0,1931,2007,4,2.0,2,1.0,1.0,0,60,1.0,1.0
200500051490,8,28,1,2,1,1.0,3.0,223,420,0,0,7,8.0,15.0,B01,2,2,1,2,0.0,1981,2005,3,3.0,2,1.0,1.0,0,70,1.0,1.0
201800002915,10,5,1,1,3,1.0,2.0,246,670,0,0,15,1.0,1.0,B01,1,1,1,1,4.0,1994,2018,3,0.0,0,0.0,0.0,0,0,0.0,0.0
200600027884,5,29,5,2,2,1.0,3.0,15,750,0,0,7,1.0,1.0,A01,4,2,1,1,0.0,1976,2006,4,2.0,2,1.0,1.0,0,60,1.0,1.0
201500046136,12,14,1,1,1,1.0,3.0,36,920,0,0,15,0.0,0.0,A01,1,1,1,1,4.0,1970,2015,1,3.0,4,1.0,1.0,0,0,0.0,1.0
201200053053,2,3,3,1,1,1.0,5.0,55,130,0,0,7,4.0,2.0,B01,1,1,1,2,1.0,1985,2012,1,1.0,2,1.0,3.0,5,70,1.0,0.0
201800005345,2,25,1,1,1,3.0,6.0,69,60,0,0,7,1.0,1.0,A01,1,1,1,2,5.0,1952,2018,3,2.0,2,2.0,2.0,0,0,2.0,1.0
201500038264,5,24,1,2,1,1.0,4.0,35,920,0,0,7,4.0,2.0,B01,3,2,1,2,5.0,1985,2015,2,3.0,2,1.0,1.0,0,0,1.0,1.0