num_acc,mois,jour,lum,agg,int,atm,col,com,dep,hr,mn,catv,choc,manv,num_veh,place,catu,grav,sexe,trajet,an_nais,annee,catr,circ,nbv,prof,plan,lartpc,larrout,surf,situ
200600024883,5,13,1,1,2,1.0,3.0,398,280,0,0,7,8.0,1.0,A01,8,2,1,1,0.0,1998,2006,3,2.0,2,1.0,1.0,48,0,1.0,1.0
201300028065,7,20,1,2,1,1.0,2.0,328,490,0,0,7,5.0,1.0,B01,1,1,1,2,5.0,1988,2013,4,2.0,1,1.0,1.0,0,50,1.0,1.0
200600029131,5,16,1,2,4,1.0,2.0,8,930,0,0,7,2.0,2.0,A01,1,1,1,1,9.0,1961,2006,4,2.0,3,1.0,1.0,40,90,1.0,1.0
200700059175,9,26,1,2,1,1.0,3.0,102,750,0,0,7,2.0,16.0,A01,1,1,1,1,4.0,1958,2007,9,1.0,3,1.0,0.0,41,131,1.0,0.0
201100038242,12,8,1,2,1,1.0,6.0,445,640,0,0,7,4.0,2.0,B01,1,1,1,1,5.0,1992,2011,4,2.0,2,1.0,1.0,0,0,1.0,1.0
201700028475,9,16,1,2,1,1.0,3.0,162,440,0,0,7,3.0,1.0,Z01,1,1,1,1,0.0,1988,2017,4,2.0,2,1.0,1.0,0,0,1.0,1.0
201800039673,11,20,1,1,1,2.0,3.0,57,930,0,0,7,1.0,1.0,B01,1,1,1,2,4.0,1966,2018,2,1.0,3,1.0,1.0,0,0,2.0,1.0
200600035555,6,24,1,2,1,1.0,6.0,19,750,0,0,7,1.0,1.0,A01,1,1,1,1,1.0,1959,2006,4,2.0,2,1.0,1.0,0,60,1.0,1.0
201400053512,11,1,1,2,1,1.0,2.0,110,750,0,0,7,1.0,2.0,A01,1,1,1,1,5.0,1989,2014,4,2.0,4,1.0,1.0,1,160,1.0,1.0
200500019308,4,20,1,2,3,1.0,3.0,189,300,0,0,2,1.0,2.0,B01,1,1,1,1,5.0,1989,2005,4,2.0,3,1.0,1.0,0,105,1.0,1.0
201700036118,7,9,1,2,1,1.0,2.0,540,760,0,0,7,2.0,2.0,A01,1,1,1,1,0.0,1974,2017,2,3.0,4,1.0,1.0,0,0,1.0,1.0
200900053928,9,6,5,2,1,1.0,1.0,24,920,0,0,7,8.0,1.0,B01,2,2,1,1,0.0,1982,2009,3,2.0,2,1.0,1.0,0,0,1.0,1.0
201600045707,5,15,3,1,1,1.0,1.0,13,930,0,0,7,1.0,0.0,A01,1,1,1,1,0.0,1991,2016,1,3.0,3,0.0,0.0,0,0,0.0,1.0
201400047961,2,14,1,1,1,1.0,7.0,29,780,0,0,7,3.0,2.0,A01,2,2,1,1,5.0,1984,2014,1,1.0,3,1.0,1.0,20,35,1.0,1.0
201400025859,9,25,1,1,1,1.0,4.0,51,350,0,0,7,1.0,2.0,A01,3,2,1,1,0.0,2005,2014,2,3.0,2,1.0,1.0,0,0,1.0,1.0
200700020926,4,20,1,2,1,1.0,4.0,55,130,0,0,7,6.0,11.0,B01,3,2,1,2,0.0,1999,2007,4,2.0,3,1.0,1.0,0,0,1.0,1.0
200800005029,1,24,1,2,3,1.0,6.0,38,940,0,0,13,7.0,9.0,A01,1,1,1,1,4.0,1963,2008,4,2.0,2,1.0,1.0,0,0,0.0,1.0
201200054724,6,8,1,2,1,8.0,6.0,108,750,0,0,7,2.0,14.0,A01,1,1,1,1,4.0,1949,2012,4,2.0,4,1.0,1.0,0,160,1.0,1.0
201800057394,12,25,5,2,9,1.0,6.0,411,974,20,22,7,1.0,0.0,A01,3,2,1,2,0.0,1949,2018,4,2.0,2,2.0,2.0,0,0,1.0,3.0
200700074965,12,19,1,1,1,1.0,4.0,151,850,0,0,10,1.0,1.0,A01,1,1,1,1,4.0,1950,2007,3,2.0,2,3.0,1.0,0,0,1.0,1.0
201100049077,5,30,1,2,2,1.0,3.0,51,930,0,0,10,8.0,1.0,B02,1,1,1,1,9.0,1986,2011,3,1.0,2,1.0,1.0,0,0,1.0,1.0
200700036123,6,20,1,2,1,1.0,2.0,597,590,0,0,7,5.0,2.0,B01,1,1,1,1,1.0,1971,2007,4,2.0,1,1.0,1.0,0,70,1.0,1.0
200500016777,3,15,1,2,1,1.0,2.0,12,750,0,0,7,4.0,1.0,B01,1,1,1,2,4.0,1972,2005,4,3.0,4,1.0,1.0,15,120,1.0,1.0
201200025065,5,8,1,2,2,2.0,3.0,281,330,0,0,7,7.0,12.0,A01,1,1,1,1,4.0,1991,2012,4,0.0,1,0.0,1.0,0,0,0.0,0.0
200800047188,8,4,2,1,1,1.0,2.0,253,320,0,0,10,1.0,1.0,A01,5,2,1,1,0.0,1981,2008,3,2.0,2,1.0,1.0,0,37,1.0,1.0
201100020175,6,28,1,2,1,1.0,1.0,55,130,0,0,7,3.0,1.0,B01,1,1,1,1,0.0,1947,2011,4,2.0,2,1.0,1.0,0,70,1.0,1.0
201000057143,3,19,1,1,1,1.0,2.0,589,910,0,0,7,3.0,12.0,B01,1,1,1,1,1.0,1975,2010,1,3.0,3,1.0,1.0,15,105,1.0,1.0
201700031395,3,9,1,2,1,1.0,6.0,194,580,0,0,7,0.0,15.0,A01,1,1,1,2,1.0,1964,2017,4,2.0,2,1.0,1.0,0,0,1.0,1.0
201000029081,5,1,1,2,2,1.0,1.0,75,330,0,0,33,1.0,1.0,B01,1,1,1,1,0.0,1957,2010,4,2.0,2,1.0,1.0,0,0,1.0,1.0
200500060201,9,28,5,2,2,2.0,6.0,14,750,0,0,4,1.0,1.0,A01,1,1,1,1,5.0,1972,2005,4,2.0,2,1.0,1.0,0,60,2.0,1.0
201800042576,10,4,1,2,1,1.0,6.0,43,940,0,0,30,1.0,17.0,A01,0,3,1,2,0.0,1949,2018,3,2.0,2,1.0,1.0,0,0,2.0,1.0
201200012185,5,28,1,1,1,1.0,5.0,270,710,0,0,7,8.0,1.0,F06,1,1,1,1,5.0,1946,2012,1,3.0,3,1.0,1.0,30,110,1.0,1.0
200900045892,8,31,1,2,2,1.0,3.0,28,170,0,0,7,1.0,1.0,A01,1,1,1,1,4.0,1991,2009,4,2.0,2,1.0,1.0,0,0,1.0,1.0
200800050180,9,26,1,1,1,1.0,1.0,1,610,0,0,7,3.0,13.0,B01,1,1,1,2,5.0,1973,2008,4,0.0,2,1.0,1.0,0,60,1.0,1.0
201300042449,10,29,2,2,1,2.0,3.0,66,930,0,0,33,7.0,0.0,A01,1,1,1,1,4.0,1978,2013,4,2.0,2,1.0,1.0,0,0,2.0,1.0
201400030922,1,12,5,2,6,1.0,3.0,299,590,0,0,7,3.0,13.0,B01,1,1,1,1,5.0,1979,2014,3,1.0,2,1.0,0.0,10,10,1.0,1.0
200500026063,5,26,1,1,2,1.0,3.0,41,100,0,0,7,2.0,1.0,A01,1,1,1,1,5.0,1946,2005,3,2.0,0,1.0,1.0,0,60,1.0,1.0
201600021780,9,1,1,1,1,1.0,3.0,168,350,0,0,33,2.0,17.0,B02,2,2,1,2,0.0,1997,2016,3,2.0,0,3.0,3.0,0,83,1.0,1.0
201100018618,3,24,5,2,3,1.0,4.0,1,130,0,0,37,2.0,7.0,A01,1,1,1,1,9.0,1979,2011,4,2.0,3,1.0,0.0,0,90,1.0,1.0
200700059799,9,19,2,2,2,1.0,3.0,113,750,0,0,7,6.0,1.0,B01,1,1,1,1,1.0,1957,2007,4,2.0,4,1.0,1.0,0,100,1.0,1.0
200500038447,6,11,1,2,1,1.0,3.0,224,310,0,0,7,2.0,1.0,B02,1,1,1,2,5.0,1986,2005,3,2.0,2,1.0,1.0,0,58,1.0,1.0
200800009259,2,29,1,2,1,8.0,4.0,105,710,0,0,10,8.0,1.0,C01,1,1,1,2,4.0,1960,2008,4,0.0,2,1.0,1.0,0,80,1.0,0.0
201000060220,8,4,1,2,3,8.0,6.0,101,750,0,0,13,2.0,16.0,A01,1,1,1,1,4.0,1988,2010,4,1.0,2,0.0,0.0,6,160,1.0,1.0
200700065487,10,31,2,2,1,1.0,1.0,63,920,0,0,30,1.0,21.0,A01,1,1,1,1,0.0,1990,2007,3,2.0,2,0.0,0.0,0,0,1.0,1.0
200500075057,11,2,1,2,1,2.0,6.0,16,750,0,0,7,1.0,1.0,A01,0,3,1,1,4.0,1968,2005,4,2.0,6,1.0,1.0,0,180,2.0,1.0
201700055174,6,10,1,2,2,1.0,6.0,113,750,0,0,33,1.0,1.0,A01,1,1,1,1,0.0,1981,2017,4,1.0,1,1.0,1.0,0,60,1.0,1.0
201600054709,10,30,5,2,2,1.0,6.0,115,750,0,0,7,1.0,1.0,B01,1,1,1,1,5.0,1990,2016,4,1.0,1,1.0,1.0,0,0,1.0,1.0
200500053023,8,16,1,1,1,1.0,1.0,121,820,0,0,7,1.0,1.0,B01,1,1,1,1,5.0,1968,2005,4,2.0,2,2.0,3.0,0,0,1.0,1.0
201900000793,9,19,1,2,6,1.0,3.0,5061,5,0,0,7,1.0,16.0,A01,1,1,1,1,0.0,1980,2019,2,2.0,2,1.0,1.0,0,0,1.0,1.0
200500052592,8,16,1,2,2,1.0,6.0,7,750,0,0,5,2.0,1.0,B01,1,1,1,1,5.0,1956,2005,4,2.0,4,1.0,1.0,0,120,1.0,1.0
200700013581,3,16,1,2,3,1.0,1.0,123,60,0,0,7,1.0,5.0,A01,1,1,1,1,0.0,1930,2007,2,1.0,3,1.0,1.0,0,98,1.0,1.0
200600044946,8,26,1,1,1,8.0,1.0,655,600,0,0,7,3.0,1.0,A01,1,1,1,1,1.0,1955,2006,3,2.0,2,1.0,4.0,0,60,2.0,1.0
200900017186,1,27,1,2,9,1.0,3.0,55,130,0,0,33,1.0,21.0,B01,1,1,1,1,1.0,1974,2009,4,1.0,1,1.0,1.0,0,40,1.0,1.0
200500001216,1,18,1,1,2,2.0,3.0,392,100,0,0,7,0.0,19.0,B02,3,2,1,2,0.0,1986,2005,2,2.0,3,1.0,1.0,0,156,2.0,1.0
201100030700,8,5,1,2,3,2.0,3.0,18,410,0,0,7,8.0,16.0,B01,1,1,1,1,9.0,1958,2011,4,2.0,2,1.0,1.0,0,0,2.0,1.0
201000046868,5,12,1,1,1,1.0,5.0,339,910,0,0,7,1.0,1.0,B01,2,2,1,2,9.0,1967,2010,2,3.0,2,1.0,1.0,0,0,1.0,1.0
201200035046,3,14,1,2,1,1.0,3.0,440,650,0,0,7,7.0,1.0,A01,1,1,1,1,0.0,1973,2012,2,1.0,2,1.0,1.0,43,59,1.0,1.0
201000067987,9,29,1,1,1,1.0,2.0,5,971,0,0,7,1.0,16.0,A01,1,1,1,2,0.0,1988,2010,6,0.0,0,1.0,1.0,0,0,1.0,1.0
201600004721,6,2,1,1,1,1.0,3.0,349,70,0,0,7,5.0,17.0,B02,1,1,1,1,3.0,1938,2016,3,2.0,2,1.0,1.0,0,50,1.0,1.0
200800039606,7,18,1,2,1,1.0,6.0,109,440,0,0,30,1.0,1.0,B01,1,1,1,1,0.0,1991,2008,4,2.0,2,1.0,1.0,15,34,1.0,1.0
201000047506,9,11,1,2,1,1.0,7.0,692,910,0,0,7,1.0,1.0,A01,1,1,1,1,0.0,1990,2010,4,2.0,2,1.0,3.0,0,0,1.0,1.0
200800054770,9,29,1,2,1,1.0,6.0,23,920,0,0,14,3.0,0.0,A01,1,1,1,1,4.0,1972,2008,3,2.0,2,2.0,1.0,0,150,1.0,1.0
200500066965,10,13,1,2,1,1.0,4.0,194,580,0,0,7,1.0,2.0,A01,1,1,1,1,5.0,1966,2005,4,2.0,2,1.0,1.0,0,138,1.0,1.0
201500046422,5,23,1,1,1,1.0,6.0,466,780,0,0,10,1.0,1.0,A01,1,1,1,1,5.0,1988,2015,1,1.0,3,1.0,1.0,15,105,1.0,2.0
201700036431,9,9,1,1,3,1.0,5.0,133,770,0,0,7,1.0,0.0,A01,4,2,1,1,0.0,1987,2017,3,2.0,2,1.0,1.0,0,60,1.0,1.0
201400014584,4,19,1,2,1,1.0,6.0,55,130,0,0,7,2.0,1.0,B01,1,1,1,1,0.0,1983,2014,4,2.0,0,1.0,1.0,0,0,1.0,1.0
201300055249,2,5,1,2,1,8.0,2.0,119,750,0,0,7,4.0,4.0,A01,1,1,1,1,0.0,1979,2013,4,1.0,1,1.0,1.0,0,30,1.0,5.0
201700048581,6,18,1,1,1,1.0,4.0,25,920,0,0,7,1.0,0.0,A01,4,2,1,1,5.0,2006,2017,1,1.0,2,0.0,0.0,15,35,0.0,0.0
201000057814,10,11,1,2,1,2.0,4.0,33,202,0,0,7,9.0,2.0,B01,1,1,1,2,9.0,1974,2010,4,2.0,2,1.0,1.0,0,0,2.0,1.0
200500044515,7,16,1,2,2,1.0,2.0,63,330,0,0,7,2.0,1.0,A01,1,1,1,2,5.0,1960,2005,4,2.0,2,1.0,1.0,0,131,0.0,1.0
200500022971,4,30,1,1,4,1.0,3.0,299,350,0,0,7,1.0,1.0,A01,1,1,1,2,5.0,1956,2005,3,2.0,2,1.0,3.0,0,50,1.0,1.0
201700035839,4,12,1,1,1,1.0,5.0,351,760,0,0,15,0.0,0.0,C01,1,1,1,1,4.0,1973,2017,4,3.0,4,1.0,1.0,0,64,1.0,1.0
201200008409,8,10,1,1,1,1.0,4.0,79,830,0,0,7,1.0,23.0,A01,1,1,1,1,5.0,1991,2012,3,2.0,2,1.0,1.0,0,70,1.0,1.0
200600063283,10,10,1,2,1,1.0,6.0,2,750,0,0,7,1.0,1.0,A01,0,3,1,1,4.0,1954,2006,4,1.0,1,1.0,1.0,0,30,1.0,1.0
201700036714,2,25,1,2,1,1.0,6.0,165,780,0,0,7,1.0,15.0,A01,1,1,1,1,0.0,1976,2017,4,2.0,2,1.0,2.0,0,120,1.0,1.0
201700054990,12,16,1,2,4,1.0,3.0,112,750,0,0,1,1.0,17.0,B01,1,1,1,1,5.0,1951,2017,4,1.0,1,1.0,1.0,0,30,1.0,1.0
200700042558,7,14,1,2,3,1.0,6.0,681,270,0,0,1,1.0,1.0,B01,1,1,1,1,5.0,1967,2007,4,2.0,2,1.0,1.0,0,92,1.0,1.0
201300045901,2,28,1,1,1,1.0,6.0,42,950,0,0,7,3.0,1.0,A01,1,1,1,2,5.0,1984,2013,2,3.0,6,1.0,1.0,0,0,1.0,1.0
200700030133,5,27,1,2,1,2.0,4.0,18,750,0,0,7,4.0,1.0,C01,1,1,1,2,5.0,1981,2007,4,3.0,4,1.0,1.0,15,120,2.0,1.0
200500066228,10,29,1,2,1,1.0,6.0,172,340,0,0,7,1.0,14.0,A01,2,2,1,2,0.0,1974,2005,4,2.0,3,1.0,1.0,0,150,1.0,1.0
201500044741,7,2,1,1,1,1.0,5.0,28,940,0,0,7,6.0,1.0,B01,1,1,1,1,1.0,1991,2015,1,3.0,4,1.0,1.0,25,35,1.0,1.0
200800076168,7,2,1,2,1,1.0,6.0,209,972,0,0,7,0.0,0.0,A01,0,3,1,1,5.0,2000,2008,4,2.0,2,1.0,1.0,0,55,1.0,1.0
201000020865,4,11,1,2,1,1.0,6.0,55,130,0,0,7,1.0,1.0,A01,1,1,1,1,5.0,1932,2010,4,2.0,0,1.0,1.0,10,70,1.0,1.0
201100055195,9,22,1,1,1,1.0,7.0,182,910,0,0,7,3.0,1.0,A01,1,1,1,1,1.0,1980,2011,1,3.0,6,1.0,1.0,15,210,1.0,1.0
200900050390,7,23,3,1,3,1.0,3.0,174,140,0,0,7,7.0,15.0,A01,1,1,1,1,5.0,1949,2009,3,2.0,2,3.0,1.0,0,70,1.0,1.0
200900047016,12,8,1,1,1,1.0,1.0,145,120,0,0,10,4.0,23.0,B02,1,1,1,1,4.0,1977,2009,1,1.0,2,0.0,1.0,0,74,1.0,1.0
201600055608,9,21,1,2,2,1.0,3.0,117,750,0,0,30,7.0,1.0,A01,1,1,1,1,1.0,1974,2016,4,2.0,2,1.0,1.0,0,0,1.0,1.0
201100065112,8,9,1,2,9,1.0,3.0,6,972,0,0,7,3.0,15.0,B02,1,1,1,2,5.0,1972,2011,3,2.0,2,2.0,2.0,0,70,1.0,1.0
200700004894,1,31,1,1,1,1.0,2.0,35,840,0,0,2,1.0,2.0,A01,1,1,1,1,0.0,1987,2007,3,2.0,2,1.0,1.0,0,70,1.0,1.0
200600008447,2,3,2,2,3,1.0,3.0,208,370,0,0,5,1.0,17.0,A01,1,1,1,1,5.0,1977,2006,4,2.0,2,1.0,1.0,0,68,1.0,1.0
201700027186,5,3,1,2,2,1.0,3.0,261,370,0,0,1,7.0,1.0,A01,1,1,1,1,9.0,1981,2017,4,2.0,3,2.0,1.0,0,0,1.0,1.0
201500027246,8,18,1,1,1,1.0,2.0,232,450,0,0,7,4.0,12.0,B01,2,2,1,2,0.0,1953,2015,2,2.0,4,1.0,1.0,10,84,1.0,1.0
200900052592,6,4,1,2,1,1.0,3.0,208,130,0,0,14,8.0,1.0,B01,1,1,1,1,4.0,1970,2009,4,2.0,4,1.0,1.0,0,118,1.0,1.0
201400053684,5,2,5,2,2,1.0,3.0,111,750,0,0,31,6.0,1.0,A01,2,2,1,2,9.0,1991,2014,4,2.0,2,1.0,1.0,0,200,1.0,1.0
200600047271,8,28,1,2,1,1.0,6.0,88,60,0,0,34,1.0,1.0,A01,2,2,1,2,0.0,1983,2006,4,0.0,0,1.0,1.0,0,0,0.0,0.0
201900054158,3,30,1,1,1,1.0,7.0,37054,37,0,0,31,1.0,1.0,A01,1,1,1,1,5.0,2001,2019,3,2.0,2,1.0,2.0,0,0,1.0,8.0
201300004893,10,22,1,2,1,1.0,1.0,279,380,0,0,7,2.0,1.0,B02,1,1,1,2,2.0,1994,2013,3,2.0,0,4.0,1.0,0,73,1.0,1.0
200600069661,11,22,5,2,1,1.0,3.0,7,840,0,0,7,2.0,1.0,A01,1,1,1,1,5.0,1984,2006,2,3.0,4,1.0,1.0,0,90,1.0,1.0
200900038006,6,13,1,2,1,1.0,5.0,129,500,0,0,7,6.0,23.0,B01,1,1,1,2,5.0,1988,2009,3,3.0,6,1.0,1.0,15,100,1.0,1.0
200700027635,5,29,1,2,3,1.0,6.0,55,130,0,0,7,1.0,15.0,A01,0,3,1,2,0.0,1975,2007,4,1.0,2,1.0,1.0,0,36,1.0,1.0
201500036907,2,12,1,2,1,1.0,6.0,161,910,0,0,7,1.0,1.0,A01,1,1,1,2,5.0,1972,2015,4,2.0,2,1.0,1.0,0,0,1.0,1.0
201600017506,4,25,1,1,1,1.0,6.0,180,600,0,0,7,1.0,1.0,A01,1,1,1,2,1.0,1943,2016,3,0.0,2,1.0,0.0,0,0,1.0,1.0
201100049215,5,7,1,2,1,1.0,6.0,55,930,0,0,7,4.0,4.0,A01,1,1,1,1,9.0,1969,2011,4,1.0,0,1.0,1.0,0,0,1.0,1.0
200800003537,1,8,5,2,3,2.0,3.0,78,920,0,0,7,1.0,15.0,A01,1,1,1,2,0.0,1972,2008,3,1.0,2,1.0,1.0,0,0,2.0,1.0
201600000130,8,23,3,1,1,1.0,3.0,136,590,0,0,10,1.0,2.0,B02,1,1,1,1,5.0,1967,2016,3,2.0,0,1.0,1.0,0,0,1.0,1.0
201400031702,1,3,1,1,1,1.0,1.0,197,620,0,0,7,3.0,1.0,B01,1,1,1,2,1.0,1971,2014,3,2.0,2,1.0,1.0,0,0,1.0,1.0
200900073866,9,2,5,2,1,1.0,1.0,29,971,0,0,7,3.0,15.0,A01,1,1,1,1,5.0,1970,2009,3,2.0,0,1.0,1.0,0,60,1.0,1.0
200800031979,6,15,1,2,3,2.0,3.0,231,210,0,0,2,1.0,1.0,A01,1,1,1,2,1.0,1956,2008,4,2.0,2,1.0,1.0,0,64,1.0,0.0
200800016615,3,16,1,1,1,1.0,5.0,117,830,0,0,7,3.0,5.0,A01,1,1,1,1,5.0,1944,2008,3,2.0,2,1.0,3.0,0,60,1.0,1.0
201100032424,4,23,1,2,3,1.0,3.0,7,490,0,0,7,3.0,15.0,A01,1,1,1,2,0.0,1938,2011,4,2.0,2,1.0,1.0,0,60,1.0,0.0
200700032191,6,24,3,1,1,2.0,1.0,197,220,0,0,38,1.0,1.0,B02,5,2,1,1,0.0,1946,2007,2,2.0,2,1.0,3.0,0,72,2.0,1.0
201900009170,6,29,1,2,4,1.0,3.0,56260,56,0,0,7,7.0,15.0,A01,1,1,1,1,5.0,1996,2019,4,2.0,2,2.0,1.0,0,0,1.0,1.0
201600044799,5,14,1,1,1,1.0,2.0,514,770,0,0,7,4.0,1.0,B01,1,1,1,2,5.0,1977,2016,1,3.0,2,1.0,1.0,35,70,1.0,1.0
201000037935,2,21,1,2,6,1.0,3.0,352,590,0,0,7,3.0,9.0,A01,1,1,1,2,0.0,1989,2010,4,0.0,2,1.0,0.0,10,30,1.0,1.0
200500013919,3,28,1,1,1,1.0,6.0,33,180,0,0,17,7.0,14.0,A01,1,1,1,1,4.0,1983,2005,1,3.0,2,0.0,2.0,0,40,1.0,3.0
201300008758,9,13,3,2,1,1.0,6.0,190,660,0,0,7,2.0,1.0,A01,1,1,1,1,1.0,1992,2013,3,2.0,2,1.0,1.0,0,104,1.0,1.0
201700037595,3,10,5,2,4,1.0,3.0,7,840,0,0,7,2.0,1.0,A01,1,1,1,1,5.0,1997,2017,3,2.0,2,1.0,3.0,0,0,1.0,1.0
201900056870,6,11,1,2,1,3.0,4.0,75113,75,0,0,7,1.0,2.0,A01,1,1,1,1,0.0,1986,2019,4,1.0,4,1.0,1.0,0,0,2.0,1.0
201700010469,9,26,1,2,3,1.0,3.0,55,130,0,0,33,3.0,1.0,B01,1,1,1,1,5.0,1962,2017,4,1.0,2,1.0,1.0,0,80,1.0,1.0
201600006417,6,1,1,1,2,1.0,1.0,233,880,0,0,7,1.0,19.0,A01,1,1,1,2,5.0,1949,2016,3,2.0,2,1.0,1.0,0,70,1.0,1.0
201400045324,5,13,1,2,3,8.0,2.0,78,940,0,0,10,1.0,2.0,A01,1,1,1,1,1.0,1981,2014,2,3.0,4,1.0,1.0,0,0,1.0,1.0
201200000243,8,3,1,1,1,1.0,1.0,560,620,0,0,7,2.0,21.0,A01,1,1,1,1,1.0,1992,2012,4,2.0,2,1.0,2.0,0,43,1.0,1.0
201500010078,1,7,1,2,1,1.0,6.0,29,60,0,0,7,1.0,0.0,A01,1,1,1,1,0.0,1941,2015,4,2.0,2,1.0,1.0,0,80,1.0,1.0
201800031723,4,20,1,2,3,1.0,3.0,482,670,0,0,7,1.0,19.0,A01,2,2,1,1,0.0,2011,2018,4,2.0,2,1.0,1.0,0,0,1.0,3.0
201200018487,5,30,1,2,1,1.0,1.0,380,720,0,0,33,1.0,17.0,A01,1,1,1,1,1.0,1988,2012,3,0.0,1,1.0,0.0,62,0,1.0,1.0
201200028070,9,13,1,2,1,1.0,7.0,18,410,0,0,33,1.0,1.0,A01,1,1,1,1,2.0,1992,2012,4,1.0,2,2.0,3.0,0,0,1.0,1.0
200500075867,11,13,1,2,1,2.0,1.0,81,790,0,0,7,1.0,1.0,B01,1,1,1,1,5.0,1985,2005,4,2.0,2,2.0,2.0,0,0,2.0,1.0
201500030227,11,23,1,2,1,1.0,5.0,646,590,0,0,10,1.0,1.0,E01,1,1,1,1,1.0,1964,2015,4,2.0,2,1.0,1.0,0,80,7.0,1.0
200500037237,6,30,1,1,1,1.0,4.0,32,930,0,0,7,4.0,0.0,B01,1,1,1,2,5.0,1981,2005,1,3.0,3,1.0,1.0,20,140,2.0,1.0
201800052530,9,17,1,2,2,1.0,3.0,113,750,0,0,7,6.0,15.0,A01,2,2,1,2,1.0,1968,2018,4,1.0,2,1.0,1.0,0,0,1.0,1.0
201200051580,7,12,1,2,9,1.0,3.0,383,690,0,0,7,1.0,1.0,A01,1,1,1,1,1.0,1951,2012,4,1.0,1,1.0,1.0,0,0,1.0,1.0
201800026651,5,30,1,2,1,1.0,2.0,208,450,0,0,7,6.0,2.0,A01,1,1,1,2,5.0,1935,2018,4,1.0,1,2.0,1.0,0,0,1.0,1.0
200800063621,11,28,1,1,1,7.0,1.0,11,130,0,0,7,3.0,13.0,A01,2,2,1,1,0.0,2008,2008,3,2.0,2,2.0,3.0,0,73,1.0,1.0
201000047650,12,8,2,2,1,2.0,2.0,216,910,0,0,7,6.0,15.0,B01,4,2,1,1,0.0,2006,2010,3,2.0,2,2.0,1.0,0,0,2.0,1.0
200600057009,9,14,1,2,3,1.0,6.0,4,920,0,0,7,4.0,4.0,A01,0,3,1,2,0.0,1958,2006,4,1.0,1,0.0,0.0,0,0,1.0,1.0
201200022144,3,13,5,2,3,1.0,3.0,56,250,0,0,2,1.0,1.0,B01,1,1,1,1,4.0,1992,2012,4,0.0,0,0.0,0.0,0,0,1.0,1.0
200500068373,10,30,5,2,1,1.0,6.0,20,750,0,0,7,1.0,1.0,A01,1,1,1,1,5.0,1954,2005,4,1.0,2,1.0,1.0,0,60,1.0,1.0
200500010941,2,26,3,1,1,1.0,1.0,175,160,0,0,17,3.0,1.0,B02,1,1,1,1,4.0,1971,2005,2,2.0,2,2.0,3.0,0,110,1.0,1.0
200800014612,3,17,1,1,1,1.0,5.0,183,590,0,0,17,0.0,0.0,A01,1,1,1,1,4.0,1965,2008,1,3.0,4,1.0,1.0,25,140,1.0,1.0
201400048706,5,19,1,1,1,1.0,2.0,43,940,0,0,17,5.0,1.0,B01,1,1,1,1,4.0,1970,2014,1,3.0,2,2.0,3.0,0,70,1.0,1.0
200700083337,8,10,1,1,1,1.0,1.0,415,974,0,0,2,1.0,5.0,A01,1,1,1,1,5.0,1988,2007,4,1.0,1,1.0,2.0,0,41,1.0,5.0
200900072881,5,9,5,2,1,1.0,6.0,7,974,0,0,7,1.0,1.0,A01,1,1,1,2,1.0,1974,2009,4,2.0,2,1.0,1.0,0,82,1.0,1.0
201100034032,5,14,1,1,1,1.0,4.0,528,540,0,0,7,1.0,1.0,A01,1,1,1,1,9.0,1992,2011,3,2.0,2,1.0,1.0,0,51,1.0,1.0
201500026204,9,1,1,1,1,1.0,1.0,183,420,0,0,7,1.0,0.0,A01,1,1,1,2,0.0,1985,2015,3,2.0,2,2.0,1.0,0,60,1.0,1.0
200500034147,6,5,2,2,1,1.0,7.0,395,540,0,0,7,9.0,1.0,A01,1,1,1,1,9.0,1984,2005,4,1.0,0,2.0,4.0,0,100,1.0,1.0
201500008747,3,7,1,1,1,1.0,2.0,144,660,0,0,7,6.0,2.0,A01,1,1,1,2,5.0,1991,2015,3,2.0,2,1.0,1.0,0,70,1.0,1.0
200800021351,4,26,5,2,1,1.0,3.0,71,940,0,0,7,1.0,1.0,B01,1,1,1,1,0.0,1989,2008,4,2.0,0,0.0,0.0,0,0,1.0,1.0
200700078712,12,3,1,1,1,1.0,1.0,482,670,0,0,7,1.0,1.0,B01,2,2,1,2,0.0,1932,2007,4,2.0,2,1.0,1.0,0,83,1.0,1.0
200600064867,10,5,1,2,1,1.0,6.0,70,930,0,0,7,3.0,1.0,A01,1,1,1,1,5.0,1956,2006,4,2.0,2,1.0,1.0,0,200,1.0,1.0
201700043545,10,12,1,2,1,1.0,2.0,78,930,0,0,7,2.0,14.0,A01,1,1,1,1,1.0,1970,2017,4,3.0,0,1.0,1.0,0,0,1.0,1.0
201000049635,11,15,1,2,3,1.0,3.0,72,920,0,0,7,3.0,1.0,B01,1,1,1,2,1.0,1964,2010,4,2.0,1,1.0,1.0,0,0,1.0,1.0
200600049163,8,4,5,2,1,1.0,2.0,18,750,0,0,7,1.0,2.0,A01,1,1,1,1,5.0,1982,2006,4,1.0,2,1.0,1.0,0,60,1.0,1.0
200900007708,2,7,1,2,1,4.0,6.0,31,360,0,0,7,3.0,1.0,A01,1,1,1,2,3.0,1981,2009,4,2.0,2,1.0,1.0,0,60,2.0,1.0
201500016215,11,4,5,1,3,1.0,1.0,117,130,0,0,7,7.0,15.0,A01,1,1,1,1,0.0,1975,2015,3,0.0,2,1.0,1.0,0,80,1.0,1.0