num_acc,mois,jour,lum,agg,int,atm,col,com,dep,hr,mn,catv,choc,manv,num_veh,place,catu,grav,sexe,trajet,an_nais,annee,catr,circ,nbv,prof,plan,lartpc,larrout,surf,situ
201000049211,4,21,1,1,1,1.0,3.0,51,920,0,0,7,8.0,1.0,A01,1,1,1,1,5.0,1978,2010,4,2.0,2,1.0,1.0,0,0,1.0,1.0
201400031133,10,22,5,2,2,1.0,3.0,512,590,0,0,7,1.0,1.0,A01,1,1,1,1,0.0,1996,2014,3,2.0,2,1.0,0.0,50,500,1.0,1.0
201700057100,10,19,1,2,4,1.0,3.0,118,750,0,0,32,0.0,1.0,A01,1,1,1,1,0.0,1971,2017,4,2.0,3,1.0,1.0,0,70,1.0,1.0
201100037452,9,20,1,2,1,1.0,3.0,113,630,0,0,99,1.0,0.0,A01,1,1,1,1,0.0,1981,2011,3,2.0,0,1.0,1.0,0,0,1.0,1.0
201800014626,3,28,1,1,2,1.0,3.0,72,30,0,0,7,2.0,15.0,A01,1,1,1,1,0.0,1936,2018,3,2.0,2,1.0,1.0,0,0,1.0,1.0
200800075511,5,4,1,1,1,1.0,1.0,217,972,0,0,7,3.0,1.0,B02,1,2,1,2,0.0,1976,2008,2,2.0,0,0.0,2.0,0,75,1.0,1.0
200500080124,12,6,1,2,1,1.0,3.0,55,130,0,0,2,7.0,1.0,A01,1,2,1,1,0.0,1983,2005,4,3.0,4,1.0,1.0,0,120,1.0,1.0
200900009458,6,29,1,2,1,1.0,6.0,118,750,0,0,7,4.0,2.0,B01,1,1,1,1,4.0,1978,2009,4,1.0,4,1.0,1.0,0,140,1.0,1.0
201000046260,6,14,1,2,1,1.0,6.0,85,870,0,0,30,7.0,2.0,A01,1,1,1,1,4.0,1986,2010,4,2.0,2,1.0,1.0,0,60,1.0,1.0
200700026944,5,9,1,1,1,1.0,1.0,67,740,0,0,7,3.0,1.0,A01,3,2,1,1,0.0,2002,2007,4,2.0,2,2.0,2.0,0,41,1.0,1.0
200600070328,11,23,5,2,3,2.0,3.0,78,930,0,0,7,3.0,1.0,B01,1,1,1,1,3.0,1963,2006,4,2.0,2,1.0,1.0,0,80,0.0,1.0
200800074397,12,16,5,1,1,1.0,3.0,297,780,0,0,7,7.0,12.0,B01,1,1,1,1,4.0,1961,2008,2,3.0,2,1.0,1.0,0,35,1.0,1.0
200700080279,12,12,1,1,1,9.0,6.0,21,940,0,0,7,2.0,2.0,A01,1,1,1,1,1.0,1974,2007,1,3.0,4,2.0,3.0,15,140,7.0,1.0
201100057601,7,28,1,1,1,1.0,5.0,214,130,0,0,7,4.0,2.0,A01,1,1,1,1,5.0,1961,2011,1,1.0,3,1.0,1.0,20,105,0.0,0.0
201500036046,9,12,1,1,1,1.0,2.0,85,870,0,0,7,1.0,2.0,A01,1,1,1,1,5.0,1957,2015,2,2.0,2,0.0,1.0,0,60,1.0,1.0
201800055791,2,19,1,1,1,1.0,1.0,134,971,12,30,7,3.0,14.0,B01,2,2,1,2,5.0,1983,2018,2,2.0,2,3.0,1.0,0,0,1.0,1.0
201200005507,8,19,1,2,1,1.0,5.0,51,730,0,0,33,1.0,1.0,A01,1,1,1,1,5.0,1970,2012,3,2.0,0,1.0,1.0,0,64,1.0,1.0
200700071912,11,26,1,2,1,1.0,7.0,389,690,0,0,7,7.0,0.0,B01,1,1,1,2,0.0,1948,2007,4,2.0,2,1.0,1.0,0,55,1.0,1.0
201700030909,9,13,1,2,6,2.0,7.0,121,560,0,0,2,0.0,1.0,A01,1,1,1,2,5.0,1966,2017,4,2.0,2,1.0,1.0,0,0,2.0,1.0
201600039073,6,24,1,2,3,1.0,6.0,62,920,0,0,7,1.0,1.0,A01,1,1,1,2,5.0,1973,2016,4,3.0,4,1.0,1.0,0,0,1.0,1.0
201100032729,12,1,5,2,6,1.0,6.0,7,490,0,0,7,1.0,1.0,A01,0,3,1,2,2.0,1999,2011,4,3.0,2,1.0,1.0,0,90,2.0,1.0
201000062942,9,20,5,2,5,1.0,3.0,112,750,0,0,7,3.0,13.0,A01,1,1,1,1,5.0,1986,2010,4,2.0,2,1.0,1.0,0,115,1.0,1.0
200700014343,3,19,1,2,1,2.0,3.0,375,270,0,0,2,2.0,17.0,A01,1,1,1,1,0.0,1981,2007,4,2.0,3,1.0,1.0,0,90,2.0,1.0
201600033178,11,10,5,2,2,2.0,3.0,266,690,0,0,7,2.0,1.0,B01,1,1,1,1,0.0,1985,2016,4,2.0,3,1.0,1.0,0,0,2.0,1.0
201300052735,5,24,1,2,7,1.0,3.0,112,750,0,0,7,1.0,1.0,B01,1,1,1,2,1.0,1970,2013,4,2.0,7,1.0,0.0,0,200,1.0,1.0
200500029681,5,14,1,2,1,2.0,5.0,259,690,0,0,7,4.0,23.0,B01,2,2,1,2,0.0,1972,2005,4,2.0,0,1.0,1.0,0,34,2.0,1.0
201300001504,8,15,1,1,2,1.0,3.0,605,500,0,0,7,3.0,1.0,A01,2,2,1,2,0.0,1990,2013,3,2.0,2,1.0,1.0,0,0,1.0,1.0
200500039397,6,4,1,1,1,1.0,2.0,72,130,0,0,7,6.0,1.0,B02,1,1,1,1,1.0,1956,2005,3,2.0,0,1.0,1.0,0,79,1.0,1.0
201900003281,6,17,1,2,1,1.0,2.0,57038,57,0,0,7,1.0,1.0,A01,1,1,1,1,1.0,1984,2019,4,2.0,2,2.0,1.0,0,0,1.0,1.0
201100064466,3,12,1,2,4,1.0,4.0,120,750,0,0,7,2.0,16.0,A01,1,1,1,2,5.0,1974,2011,4,1.0,2,1.0,1.0,15,70,1.0,0.0
201100031698,9,23,1,2,1,1.0,3.0,109,440,0,0,33,7.0,1.0,B01,1,1,1,1,1.0,1968,2011,4,2.0,2,1.0,1.0,0,0,1.0,1.0
201300024082,9,24,1,2,2,1.0,3.0,281,330,0,0,37,1.0,1.0,B01,1,1,1,1,4.0,1964,2013,4,2.0,2,1.0,1.0,0,0,1.0,1.0
200900049670,11,5,1,1,7,1.0,3.0,512,590,0,0,32,0.0,1.0,B01,1,1,1,2,9.0,1991,2009,4,1.0,2,1.0,1.0,0,0,2.0,1.0
200500005393,1,16,3,2,1,1.0,6.0,163,810,0,0,7,1.0,1.0,A01,4,2,1,2,0.0,1923,2005,3,2.0,2,2.0,2.0,0,74,2.0,1.0
200600049221,8,16,1,2,1,1.0,6.0,14,750,0,0,2,1.0,0.0,A01,0,3,1,1,5.0,1990,2006,4,1.0,2,1.0,1.0,0,60,1.0,1.0
200800054504,9,19,3,2,1,2.0,5.0,120,202,0,0,13,0.0,1.0,B01,1,1,1,1,4.0,1956,2008,2,3.0,4,1.0,1.0,0,0,2.0,1.0
200600050971,9,14,1,1,1,1.0,2.0,209,290,0,0,7,5.0,16.0,A01,1,1,1,1,5.0,1941,2006,3,2.0,2,4.0,1.0,0,86,1.0,1.0
201400032453,1,25,1,2,2,3.0,3.0,445,640,0,0,7,1.0,15.0,A01,1,1,1,1,5.0,1943,2014,4,1.0,2,1.0,1.0,0,0,2.0,1.0
201100012807,7,2,3,2,1,1.0,3.0,159,300,0,0,7,8.0,13.0,A01,1,1,1,1,5.0,1985,2011,3,2.0,2,0.0,2.0,0,0,1.0,1.0
201200034843,11,22,1,2,1,1.0,6.0,445,640,0,0,7,6.0,20.0,A01,1,1,1,2,3.0,1976,2012,6,2.0,2,1.0,1.0,0,35,1.0,1.0
200700046095,7,16,1,2,2,3.0,7.0,116,750,0,0,32,0.0,21.0,A01,5,2,1,2,0.0,1968,2007,4,1.0,0,1.0,2.0,0,0,2.0,1.0
201500052357,4,18,1,2,2,1.0,3.0,111,750,0,0,7,1.0,1.0,A01,1,1,1,2,5.0,1986,2015,4,3.0,2,1.0,1.0,200,120,1.0,1.0
200700074015,11,1,1,1,1,1.0,5.0,122,40,0,0,7,6.0,1.0,D04,2,2,1,1,0.0,1995,2007,3,2.0,0,0.0,1.0,0,67,1.0,1.0
201600034679,4,21,1,2,1,1.0,6.0,551,780,0,0,7,5.0,1.0,A01,1,1,1,1,1.0,1981,2016,4,3.0,4,0.0,0.0,0,0,0.0,1.0
201000027694,5,14,1,2,1,1.0,7.0,189,300,0,0,15,7.0,15.0,A01,1,1,1,1,4.0,1952,2010,3,1.0,2,1.0,2.0,0,97,1.0,1.0
200600052674,9,8,3,1,1,1.0,4.0,18,740,0,0,7,3.0,1.0,D04,2,2,1,1,0.0,1958,2006,1,1.0,2,1.0,1.0,45,103,1.0,1.0
200700001421,1,6,3,1,1,9.0,5.0,459,600,0,0,7,6.0,1.0,B02,1,1,1,1,1.0,1982,2007,1,3.0,3,1.0,1.0,30,135,2.0,1.0
201300014689,4,10,1,2,3,1.0,2.0,55,130,0,0,7,1.0,2.0,A01,1,1,1,2,0.0,1967,2013,4,2.0,3,1.0,0.0,0,0,1.0,1.0
200500043458,7,30,1,1,2,1.0,3.0,29,60,0,0,7,1.0,1.0,A01,1,1,1,2,5.0,1956,2005,2,1.0,2,1.0,1.0,0,72,1.0,1.0
201000028217,6,19,5,2,1,3.0,1.0,555,310,0,0,7,1.0,1.0,B01,1,1,1,1,5.0,1973,2010,4,2.0,4,1.0,3.0,0,140,4.0,1.0
201200013235,4,11,1,2,6,1.0,3.0,387,100,0,0,7,3.0,1.0,A01,1,1,1,2,5.0,1955,2012,4,1.0,2,1.0,0.0,0,0,2.0,1.0
201600046397,11,13,1,2,1,1.0,6.0,36,920,0,0,7,2.0,1.0,A01,1,1,1,1,0.0,1969,2016,1,1.0,2,2.0,3.0,15,70,2.0,1.0
200900023500,8,13,1,1,2,1.0,5.0,75,870,0,0,7,1.0,1.0,B01,2,2,1,2,5.0,1932,2009,3,2.0,2,0.0,1.0,0,60,1.0,1.0
201800048924,6,20,1,1,1,1.0,5.0,75,330,0,0,10,6.0,1.0,C01,4,2,1,2,4.0,1959,2018,1,3.0,4,1.0,1.0,0,0,1.0,1.0
201600013698,7,23,5,2,3,1.0,1.0,28,130,0,0,7,1.0,0.0,A01,2,2,1,1,0.0,1998,2016,4,2.0,2,2.0,1.0,0,60,1.0,1.0
201100049977,11,21,5,2,2,1.0,7.0,4,940,0,0,33,8.0,1.0,A01,1,1,1,1,1.0,1967,2011,2,2.0,4,2.0,1.0,0,0,8.0,1.0
201300017351,8,1,1,2,2,1.0,3.0,141,180,0,0,7,8.0,19.0,A01,4,2,1,1,0.0,2009,2013,3,1.0,1,2.0,1.0,0,50,1.0,1.0
200600033419,6,7,1,1,1,1.0,4.0,555,310,0,0,10,1.0,23.0,B01,1,1,1,1,0.0,1981,2006,1,2.0,4,1.0,1.0,0,120,1.0,1.0
201500033061,2,26,5,2,3,2.0,3.0,76,710,0,0,7,6.0,9.0,A01,4,2,1,2,0.0,2012,2015,4,0.0,2,1.0,1.0,0,0,2.0,1.0
200900029660,9,23,1,2,1,1.0,2.0,24,640,0,0,7,4.0,23.0,B01,1,1,1,2,9.0,1987,2009,3,2.0,2,1.0,1.0,0,72,1.0,1.0
201400015608,7,25,1,2,1,1.0,6.0,55,130,0,0,1,1.0,9.0,B01,1,1,1,1,5.0,2003,2014,4,1.0,0,1.0,1.0,0,0,1.0,1.0
200900026909,10,8,5,2,2,8.0,3.0,119,750,0,0,7,2.0,1.0,B01,1,1,1,1,4.0,1982,2009,4,2.0,3,1.0,1.0,0,110,2.0,1.0
201600016549,11,12,1,1,1,1.0,3.0,71,130,0,0,7,3.0,10.0,A01,2,2,1,2,0.0,1993,2016,3,2.0,3,1.0,1.0,0,0,1.0,1.0
201700027161,4,10,1,2,6,1.0,3.0,122,370,0,0,2,1.0,1.0,B01,1,1,1,1,5.0,2000,2017,4,0.0,2,1.0,1.0,0,0,1.0,0.0
201700017390,3,19,1,1,1,8.0,3.0,373,680,0,0,33,2.0,17.0,A01,1,1,1,1,5.0,1970,2017,3,2.0,2,2.0,3.0,0,60,1.0,1.0
201700028363,4,7,5,2,1,1.0,6.0,109,440,0,0,7,2.0,15.0,A01,1,1,1,1,0.0,1999,2017,4,0.0,0,0.0,0.0,0,0,0.0,0.0
200900029709,3,22,1,2,1,9.0,7.0,238,350,0,0,30,0.0,0.0,A01,2,2,1,2,5.0,1992,2009,4,2.0,2,1.0,1.0,0,60,0.0,0.0
201100056326,12,20,5,2,2,2.0,7.0,385,690,0,0,7,1.0,0.0,A01,1,1,1,1,0.0,1988,2011,4,1.0,3,1.0,1.0,0,140,2.0,1.0
200600028345,5,30,1,2,1,2.0,7.0,16,750,0,0,4,1.0,21.0,A01,1,1,1,1,4.0,1977,2006,4,2.0,2,1.0,1.0,0,60,2.0,1.0
200500026604,5,2,1,2,1,1.0,4.0,32,770,0,0,7,4.0,23.0,B02,1,1,1,1,4.0,1965,2005,2,2.0,2,1.0,1.0,0,80,1.0,1.0
201200038455,11,13,1,2,1,2.0,3.0,498,780,0,0,37,0.0,21.0,B01,1,1,1,1,4.0,1971,2012,4,1.0,1,1.0,1.0,0,0,1.0,1.0
201300039248,11,29,5,2,1,1.0,6.0,25,920,0,0,30,1.0,0.0,A01,0,3,1,2,0.0,2008,2013,4,0.0,0,1.0,1.0,0,0,2.0,0.0
200900019138,4,10,1,2,1,1.0,4.0,76,940,0,0,10,1.0,3.0,D01,1,1,1,1,1.0,1980,2009,2,2.0,2,2.0,1.0,0,0,1.0,1.0
201400002802,10,4,1,2,1,1.0,3.0,188,400,0,0,7,2.0,17.0,A01,1,1,1,1,5.0,1973,2014,3,2.0,2,2.0,1.0,0,70,1.0,1.0
200800033497,6,6,1,2,3,1.0,6.0,34,690,0,0,7,1.0,15.0,A01,0,3,1,2,1.0,1957,2008,4,2.0,2,1.0,1.0,0,80,1.0,1.0
201600025301,10,12,1,2,6,1.0,3.0,238,350,0,0,37,2.0,1.0,B01,1,1,1,1,4.0,1954,2016,4,2.0,2,1.0,1.0,0,0,1.0,1.0
201200024501,11,26,1,2,1,3.0,5.0,557,310,0,0,7,4.0,2.0,C01,1,1,1,1,9.0,1930,2012,3,2.0,2,1.0,1.0,0,35,2.0,1.0
201600001349,1,8,4,2,1,3.0,3.0,365,140,0,0,7,3.0,13.0,A01,1,1,1,1,5.0,1978,2016,3,2.0,2,1.0,1.0,0,56,2.0,1.0
201000042006,11,29,1,1,1,1.0,5.0,445,710,0,0,7,6.0,1.0,B01,1,1,1,1,5.0,1965,2010,3,2.0,2,1.0,2.0,0,0,2.0,1.0
200700005806,1,8,2,1,1,2.0,4.0,589,910,0,0,7,4.0,2.0,B01,2,2,1,1,0.0,1985,2007,1,3.0,6,4.0,1.0,5,210,2.0,1.0
201300006153,8,30,1,1,1,1.0,1.0,445,880,0,0,7,1.0,1.0,B02,1,1,1,2,1.0,1992,2013,3,3.0,0,1.0,3.0,10,190,1.0,1.0
201000013397,11,27,3,1,1,2.0,6.0,317,300,0,0,7,1.0,1.0,A01,3,2,1,2,0.0,1956,2010,3,2.0,2,1.0,1.0,0,75,1.0,1.0
201900007519,12,4,1,2,1,1.0,3.0,6085,6,0,0,7,3.0,19.0,B01,1,1,1,2,3.0,1979,2019,4,2.0,2,1.0,3.0,0,0,1.0,1.0
201700058459,9,18,1,2,1,1.0,3.0,119,750,0,0,7,0.0,12.0,A01,1,1,1,1,1.0,1988,2017,4,1.0,4,1.0,1.0,15,140,1.0,1.0
201600041689,10,10,1,2,1,1.0,6.0,71,930,0,0,7,2.0,1.0,A01,0,3,1,1,2.0,1992,2016,4,1.0,1,1.0,1.0,0,35,1.0,1.0
200600044928,8,28,1,1,1,3.0,1.0,592,600,0,0,7,1.0,1.0,B02,1,1,1,1,1.0,1964,2006,4,2.0,1,1.0,2.0,0,33,2.0,1.0
201100010127,12,10,1,1,1,1.0,6.0,491,80,0,0,7,1.0,1.0,A01,2,2,1,1,0.0,1977,2011,3,2.0,2,1.0,2.0,65,65,1.0,1.0
200600053325,9,16,5,2,2,1.0,3.0,88,60,0,0,2,1.0,1.0,A01,1,1,1,1,0.0,1973,2006,4,3.0,2,2.0,1.0,0,97,1.0,1.0
201800021008,6,20,1,2,1,1.0,3.0,56,250,0,0,1,0.0,0.0,B01,1,1,1,1,1.0,1945,2018,4,1.0,3,2.0,1.0,0,0,1.0,3.0
200900070407,10,22,1,1,1,1.0,3.0,286,910,0,0,33,3.0,3.0,A01,1,1,1,1,1.0,1963,2009,1,3.0,6,1.0,1.0,15,210,1.0,1.0
200800031113,6,27,2,1,1,1.0,3.0,176,90,0,0,7,8.0,11.0,A01,1,1,1,1,5.0,1982,2008,2,2.0,3,1.0,1.0,0,127,1.0,1.0
201800030006,4,11,1,1,1,1.0,1.0,356,220,0,0,7,1.0,17.0,A01,4,2,1,1,1.0,1994,2018,3,2.0,2,4.0,1.0,0,0,1.0,1.0
200900042685,5,20,1,2,6,1.0,1.0,279,420,0,0,1,1.0,15.0,B02,1,1,1,1,5.0,1934,2009,3,2.0,0,1.0,0.0,0,0,1.0,0.0
200600069682,11,9,1,2,1,1.0,4.0,87,840,0,0,7,1.0,1.0,A01,1,1,1,1,1.0,1960,2006,4,2.0,2,1.0,1.0,0,68,1.0,1.0
201500053582,10,15,1,2,7,1.0,6.0,114,750,0,0,31,1.0,1.0,A01,0,3,1,1,5.0,1964,2015,4,3.0,3,1.0,1.0,10,60,1.0,1.0
201500023629,7,17,1,2,4,1.0,3.0,318,330,0,0,7,7.0,1.0,B01,1,1,1,2,9.0,1969,2015,4,2.0,1,1.0,1.0,0,0,1.0,1.0
200700022652,4,29,2,2,1,2.0,4.0,91,690,0,0,7,1.0,1.0,A01,2,2,1,2,0.0,1939,2007,2,3.0,4,1.0,1.0,0,45,1.0,1.0
200500061476,9,30,1,2,1,1.0,1.0,55,940,0,0,7,3.0,2.0,B01,1,1,1,1,0.0,1964,2005,4,2.0,2,1.0,1.0,0,60,1.0,1.0
200700004758,1,30,3,2,2,1.0,2.0,650,780,0,0,33,1.0,1.0,B01,1,1,1,1,1.0,1975,2007,3,2.0,2,1.0,1.0,0,90,1.0,1.0
201000045577,11,2,5,2,1,1.0,2.0,137,830,0,0,7,4.0,2.0,B01,1,1,1,1,0.0,1975,2010,4,1.0,2,2.0,1.0,0,55,1.0,1.0
200900032361,11,18,5,2,1,1.0,6.0,104,750,0,0,30,1.0,1.0,A01,1,1,1,1,5.0,1987,2009,4,2.0,4,1.0,1.0,0,80,1.0,1.0
201400054180,7,1,1,2,3,1.0,3.0,112,750,0,0,7,7.0,14.0,A01,1,1,1,1,1.0,1961,2014,4,1.0,4,1.0,1.0,0,80,1.0,1.0
201600043327,1,28,1,2,2,2.0,6.0,46,940,0,0,7,3.0,1.0,A01,0,3,1,2,2.0,2000,2016,3,2.0,2,1.0,1.0,0,0,2.0,1.0
201000044978,11,24,1,2,2,1.0,3.0,121,820,0,0,7,1.0,19.0,A01,1,1,1,1,5.0,1981,2010,4,2.0,2,1.0,1.0,0,0,1.0,0.0
200800042307,7,31,5,2,2,1.0,3.0,114,750,0,0,7,8.0,1.0,B01,1,1,1,2,5.0,1968,2008,4,1.0,1,1.0,1.0,0,60,1.0,1.0
200700039382,7,1,1,2,1,1.0,1.0,206,800,0,0,7,5.0,10.0,B02,2,1,1,1,5.0,1964,2007,3,2.0,0,2.0,1.0,0,33,1.0,1.0
201300053677,3,4,1,2,2,1.0,1.0,115,750,0,0,7,3.0,1.0,A01,1,1,1,1,4.0,1990,2013,4,3.0,4,1.0,1.0,0,59,1.0,1.0
201600034573,4,10,1,1,1,5.0,7.0,401,780,0,0,7,7.0,2.0,A01,1,1,1,1,5.0,1972,2016,3,2.0,2,1.0,2.0,0,90,2.0,1.0
200600026360,5,12,5,2,1,1.0,6.0,555,310,0,0,7,0.0,1.0,A01,1,1,1,1,4.0,1947,2006,4,2.0,2,1.0,1.0,0,90,1.0,1.0
201200061516,1,13,1,2,1,1.0,2.0,2,973,0,0,7,4.0,2.0,B01,1,1,1,2,2.0,1967,2012,3,2.0,2,1.0,0.0,0,101,1.0,1.0
201700006312,8,1,1,2,3,1.0,2.0,88,60,0,0,31,1.0,2.0,A01,1,1,1,2,1.0,1990,2017,4,1.0,1,1.0,1.0,0,30,1.0,1.0
201800041880,8,6,1,2,3,1.0,3.0,22,940,0,0,1,1.0,1.0,A01,1,1,1,2,4.0,2002,2018,4,2.0,2,2.0,1.0,0,0,1.0,1.0
201500044412,6,28,5,2,1,1.0,7.0,4,201,0,0,7,1.0,1.0,A01,1,1,1,2,5.0,1938,2015,4,1.0,1,1.0,1.0,0,120,1.0,1.0
201400036643,5,18,1,2,1,1.0,6.0,61,830,0,0,7,3.0,1.0,A01,1,1,1,1,5.0,1991,2014,3,1.0,2,1.0,1.0,0,60,1.0,1.0
201300013065,12,18,1,1,1,1.0,3.0,69,110,0,0,34,1.0,1.0,B01,1,1,1,1,5.0,1974,2013,3,2.0,1,1.0,1.0,0,30,1.0,1.0
201900053950,7,12,1,2,1,1.0,6.0,94003,94,0,0,7,1.0,1.0,A01,10,3,1,1,0.0,1985,2019,4,2.0,2,1.0,1.0,0,0,1.0,1.0
200900010736,3,20,1,2,1,1.0,6.0,350,590,0,0,2,0.0,17.0,B01,1,1,1,2,0.0,1977,2009,4,2.0,2,1.0,1.0,0,100,1.0,1.0
200600080250,12,10,1,1,1,1.0,4.0,214,130,0,0,7,1.0,2.0,D01,1,1,1,2,9.0,1920,2006,1,3.0,3,1.0,1.0,10,105,1.0,1.0
201200025421,9,26,1,2,1,2.0,3.0,63,330,0,0,7,2.0,1.0,A01,1,1,1,2,4.0,1958,2012,4,1.0,2,3.0,1.0,0,109,2.0,1.0
201600046617,1,14,3,1,1,2.0,6.0,291,780,0,0,7,3.0,1.0,A01,1,1,1,1,0.0,1971,2016,1,1.0,3,1.0,1.0,0,0,2.0,1.0
200700051705,8,20,1,2,1,1.0,3.0,37,202,0,0,7,0.0,13.0,B01,1,1,1,1,0.0,1928,2007,2,3.0,4,1.0,1.0,0,70,1.0,1.0
201800043974,5,5,3,1,1,1.0,7.0,237,770,0,0,7,6.0,0.0,A01,4,2,1,1,5.0,2001,2018,1,3.0,6,1.0,1.0,0,0,1.0,3.0
201600037104,3,4,5,2,2,2.0,3.0,589,910,0,0,7,7.0,1.0,B01,2,2,1,1,1.0,1956,2016,4,2.0,2,1.0,1.0,0,0,2.0,1.0
200700079707,12,25,1,2,5,1.0,3.0,32,930,0,0,7,1.0,1.0,B01,2,2,1,1,0.0,1973,2007,4,3.0,4,1.0,1.0,0,0,1.0,1.0
200900024228,6,29,1,1,1,1.0,7.0,190,800,0,0,7,4.0,1.0,A01,1,1,1,2,3.0,1947,2009,3,2.0,0,1.0,1.0,0,73,1.0,3.0
200800040590,7,8,1,2,2,1.0,5.0,123,780,0,0,7,4.0,1.0,B01,3,2,1,2,0.0,1974,2008,2,2.0,5,1.0,1.0,0,180,1.0,1.0
201700006685,2,26,3,1,1,1.0,2.0,69,130,0,0,7,2.0,1.0,A01,2,2,1,1,9.0,1994,2017,1,1.0,5,1.0,1.0,15,175,1.0,1.0
200500022855,4,17,1,1,1,1.0,3.0,102,600,0,0,7,3.0,1.0,B02,2,2,1,2,0.0,1925,2005,3,2.0,2,1.0,3.0,0,71,1.0,1.0
201000033761,2,24,5,2,2,1.0,3.0,208,450,0,0,7,1.0,1.0,A01,1,1,1,2,1.0,1972,2010,4,2.0,2,1.0,1.0,0,30,2.0,1.0
200500073146,11,23,2,2,1,2.0,4.0,375,270,0,0,7,4.0,1.0,D01,1,1,1,2,3.0,1962,2005,3,2.0,2,1.0,1.0,0,70,1.0,1.0
200600029908,5,8,1,1,1,3.0,2.0,55,130,0,0,7,4.0,23.0,A01,3,2,1,2,0.0,1937,2006,1,1.0,3,1.0,1.0,0,105,2.0,1.0
200500006989,2,11,2,2,1,1.0,5.0,69,110,0,0,7,3.0,2.0,C01,1,1,1,1,9.0,1952,2005,3,2.0,2,1.0,1.0,0,63,1.0,1.0
200500027593,5,13,1,2,1,1.0,4.0,55,130,0,0,7,0.0,1.0,B01,1,1,1,2,0.0,1962,2005,4,0.0,0,1.0,1.0,0,59,1.0,1.0
201200029109,5,7,1,2,1,1.0,1.0,184,440,0,0,7,2.0,24.0,A01,1,1,1,1,0.0,1962,2012,4,2.0,2,1.0,1.0,0,0,1.0,1.0
201000044853,10,12,1,2,6,1.0,6.0,4,810,0,0,7,1.0,1.0,A01,1,1,1,2,1.0,1981,2010,4,2.0,2,1.0,1.0,0,52,1.0,1.0
201800044213,9,10,1,1,1,1.0,6.0,17,940,0,0,7,1.0,2.0,A01,1,1,1,1,5.0,1979,2018,1,1.0,3,1.0,1.0,0,0,1.0,1.0
201700048107,11,17,4,1,1,1.0,4.0,252,950,0,0,7,4.0,23.0,A01,1,1,1,2,0.0,1988,2017,1,3.0,6,2.0,1.0,0,0,1.0,1.0
200700070021,11,13,1,2,1,1.0,6.0,447,670,0,0,40,1.0,0.0,A01,1,1,1,1,4.0,1977,2007,4,2.0,2,1.0,1.0,0,0,1.0,1.0
200800058626,10,20,5,2,9,2.0,6.0,260,560,0,0,7,3.0,1.0,A01,2,2,1,2,0.0,1989,2008,4,2.0,2,2.0,1.0,0,0,2.0,1.0
201500039754,4,14,2,2,1,1.0,6.0,5,930,0,0,7,0.0,12.0,B01,2,2,1,1,0.0,1994,2015,2,1.0,3,1.0,1.0,10,60,1.0,1.0
200700038232,6,23,1,1,1,1.0,2.0,661,910,0,0,7,6.0,16.0,B01,2,2,1,2,0.0,1967,2007,1,3.0,4,4.0,1.0,15,140,1.0,1.0
200500040083,6,17,1,2,7,1.0,3.0,471,380,0,0,7,5.0,15.0,A01,1,1,1,2,2.0,1963,2005,3,2.0,0,2.0,3.0,0,65,1.0,0.0
200800020717,4,8,1,2,6,1.0,3.0,688,780,0,0,7,3.0,15.0,B01,1,1,1,1,3.0,1936,2008,4,2.0,0,1.0,1.0,0,0,1.0,1.0
201100002559,11,24,1,2,1,1.0,6.0,592,500,0,0,7,1.0,1.0,A01,1,1,1,1,5.0,1945,2011,3,2.0,0,0.0,1.0,0,62,1.0,1.0
201000051570,11,16,5,2,1,1.0,2.0,62,930,0,0,33,5.0,2.0,B01,1,1,1,1,0.0,1975,2010,4,2.0,2,1.0,0.0,0,0,1.0,1.0
200900064905,10,26,5,2,1,1.0,6.0,238,350,0,0,7,0.0,1.0,A01,0,3,1,1,5.0,1969,2009,4,3.0,2,1.0,1.0,30,60,1.0,1.0
201700030030,6,19,1,2,3,1.0,2.0,454,510,0,0,7,1.0,2.0,A01,1,1,1,1,0.0,1968,2017,4,0.0,0,0.0,0.0,0,0,0.0,0.0
200500040836,7,2,2,1,1,1.0,1.0,192,290,0,0,7,1.0,1.0,B02,4,2,1,1,0.0,2001,2005,3,2.0,2,1.0,3.0,0,74,1.0,1.0
201600024529,3,28,5,2,1,1.0,6.0,32,340,0,0,7,1.0,1.0,A01,2,2,1,1,5.0,1997,2016,4,2.0,2,1.0,2.0,0,109,1.0,1.0
200500010831,2,11,1,1,1,2.0,5.0,42,850,0,0,17,1.0,1.0,B02,1,1,1,1,4.0,1972,2005,2,2.0,2,0.0,3.0,0,73,2.0,1.0
200600068782,11,16,1,2,4,2.0,6.0,5,750,0,0,4,1.0,17.0,A01,1,1,1,1,4.0,1981,2006,4,2.0,2,1.0,1.0,0,60,2.0,1.0
201200030654,5,11,1,2,1,1.0,2.0,357,540,0,0,7,1.0,1.0,A01,1,1,1,2,5.0,1978,2012,4,2.0,2,4.0,3.0,0,0,1.0,1.0
200700041505,7,21,1,1,1,7.0,3.0,69,130,0,0,10,2.0,1.0,B02,2,2,1,1,0.0,1982,2007,3,2.0,0,1.0,1.0,0,70,1.0,1.0
201700008072,12,10,1,1,1,4.0,2.0,143,40,0,0,7,2.0,17.0,A01,2,2,1,2,5.0,2002,2017,1,1.0,2,1.0,1.0,0,0,5.0,1.0