num_acc,mois,jour,lum,agg,int,atm,col,com,dep,hr,mn,catv,choc,manv,num_veh,place,catu,grav,sexe,trajet,an_nais,annee,catr,circ,nbv,prof,plan,lartpc,larrout,surf,situ
200800052395,9,24,1,2,1,1.0,3.0,555,310,0,0,30,7.0,17.0,B01,1,1,1,1,2.0,1988,2008,4,2.0,2,1.0,1.0,0,85,1.0,1.0
200800037425,7,18,1,1,1,1.0,1.0,64,60,0,0,7,1.0,0.0,B02,1,1,1,2,0.0,1976,2008,3,2.0,2,0.0,3.0,0,0,1.0,1.0
200900057732,10,22,1,2,1,1.0,3.0,55,130,0,0,7,7.0,1.0,B01,1,1,1,2,5.0,1982,2009,4,1.0,2,1.0,1.0,0,0,1.0,1.0
200500059173,9,28,1,1,2,1.0,5.0,37,620,0,0,7,1.0,1.0,B01,1,1,1,1,1.0,1966,2005,2,2.0,2,1.0,1.0,30,110,1.0,1.0
201500038716,8,7,1,2,1,1.0,6.0,20,920,0,0,40,1.0,1.0,A01,1,1,1,1,4.0,1981,2015,3,2.0,2,1.0,1.0,0,0,1.0,1.0
201800045448,11,12,1,1,1,2.0,6.0,5,930,0,0,7,9.0,1.0,A01,1,1,1,2,0.0,1980,2018,1,1.0,1,2.0,3.0,0,0,2.0,3.0
201600010768,9,30,2,2,1,1.0,2.0,69,60,0,0,7,4.0,9.0,B01,1,1,1,2,0.0,1962,2016,4,1.0,1,2.0,2.0,0,0,1.0,1.0
200800040189,7,19,1,2,1,1.0,3.0,483,640,0,0,7,3.0,10.0,A01,1,1,1,1,5.0,1957,2008,4,2.0,2,1.0,1.0,0,60,1.0,1.0
200600039766,7,3,1,2,3,1.0,6.0,482,670,0,0,1,8.0,19.0,B01,1,1,1,2,5.0,1989,2006,4,3.0,2,1.0,1.0,50,50,1.0,1.0
200800032659,6,3,5,2,3,1.0,3.0,157,430,0,0,7,7.0,15.0,B01,1,1,1,1,0.0,1984,2008,2,2.0,3,4.0,1.0,0,0,1.0,1.0
200500009726,2,26,5,2,2,1.0,3.0,50,920,0,0,7,1.0,19.0,A01,2,2,1,1,0.0,1988,2005,2,1.0,2,1.0,1.0,0,60,1.0,1.0
200500077627,11,25,4,2,1,1.0,1.0,55,130,0,0,7,3.0,1.0,B01,1,1,1,1,5.0,1983,2005,4,2.0,2,2.0,3.0,0,70,1.0,1.0
200800019478,4,28,5,1,1,2.0,7.0,189,300,0,0,7,9.0,1.0,A01,2,2,1,1,0.0,1985,2008,2,2.0,4,3.0,1.0,0,72,2.0,1.0
201400013827,6,16,4,2,3,1.0,3.0,43,130,0,0,7,1.0,17.0,A01,1,1,1,1,5.0,1994,2014,3,2.0,2,1.0,1.0,0,600,1.0,1.0
200800062460,11,4,1,1,1,1.0,5.0,69,540,0,0,7,1.0,1.0,D04,4,2,1,1,0.0,2003,2008,3,2.0,2,1.0,1.0,0,75,1.0,1.0
200500018922,4,29,1,2,1,7.0,3.0,55,130,0,0,7,7.0,14.0,A01,1,1,1,1,0.0,1978,2005,4,1.0,1,1.0,1.0,0,50,1.0,1.0
201300018342,9,18,1,2,1,1.0,5.0,248,120,0,0,7,7.0,15.0,C03,5,2,1,2,0.0,2000,2013,3,2.0,2,2.0,1.0,0,71,1.0,1.0
201600010990,3,8,1,2,1,1.0,3.0,88,60,0,0,30,7.0,17.0,A01,1,1,1,1,4.0,1984,2016,4,2.0,3,1.0,1.0,0,87,1.0,1.0
200800054097,9,12,1,2,1,1.0,6.0,108,750,0,0,33,7.0,5.0,A01,1,1,1,1,4.0,1957,2008,4,2.0,2,1.0,1.0,0,110,1.0,1.0
200600069598,11,1,1,2,1,1.0,3.0,144,830,0,0,7,2.0,1.0,B01,1,1,1,1,5.0,1984,2006,4,2.0,2,1.0,1.0,29,44,1.0,1.0
200900055681,12,16,1,1,3,1.0,3.0,317,590,0,0,7,7.0,19.0,A01,2,2,1,1,5.0,1989,2009,3,2.0,0,1.0,0.0,0,73,1.0,0.0
201200059128,6,6,2,2,2,1.0,3.0,120,750,0,0,32,2.0,5.0,A01,1,1,1,1,0.0,1988,2012,4,3.0,0,1.0,1.0,0,160,1.0,1.0
201700035731,4,6,1,2,6,1.0,3.0,26,760,0,0,7,1.0,1.0,A01,1,1,1,1,0.0,1985,2017,3,2.0,2,1.0,1.0,0,0,1.0,1.0
201700059762,7,6,1,2,1,1.0,3.0,213,972,0,0,7,1.0,15.0,A01,1,1,1,1,1.0,1941,2017,3,3.0,4,2.0,1.0,0,0,1.0,1.0
201700048788,10,7,1,1,1,1.0,2.0,50,920,0,0,7,4.0,2.0,B01,1,1,1,2,5.0,1948,2017,1,1.0,1,1.0,3.0,0,35,1.0,1.0
200700038208,6,17,1,1,1,2.0,7.0,286,910,0,0,33,0.0,3.0,A01,1,1,1,2,0.0,1931,2007,1,3.0,6,1.0,1.0,10,210,2.0,1.0
201600048830,3,28,1,1,1,2.0,6.0,195,590,0,0,7,8.0,2.0,B01,1,1,1,1,5.0,1982,2016,1,3.0,4,1.0,1.0,30,150,2.0,1.0
201100034521,2,8,5,2,2,1.0,3.0,463,570,0,0,99,7.0,1.0,B01,4,2,1,1,4.0,1989,2011,4,1.0,1,1.0,1.0,0,58,1.0,1.0
201400058640,12,1,1,2,6,1.0,1.0,13,974,0,0,7,1.0,1.0,A01,1,1,1,1,1.0,1973,2014,2,2.0,2,2.0,1.0,0,60,1.0,1.0
201100022370,2,6,1,2,1,1.0,1.0,9,440,0,0,7,2.0,1.0,B02,1,1,1,1,5.0,1989,2011,4,2.0,2,0.0,4.0,0,60,1.0,1.0
201500057666,6,23,2,1,1,1.0,2.0,302,973,0,0,7,5.0,20.0,A01,1,1,1,1,0.0,1978,2015,4,1.0,1,1.0,1.0,0,70,1.0,0.0
200800035324,6,12,1,2,2,1.0,6.0,109,750,0,0,7,3.0,20.0,A01,0,3,1,2,2.0,1994,2008,2,1.0,1,2.0,1.0,0,40,1.0,1.0
201700019641,3,16,1,2,1,1.0,4.0,305,202,0,0,7,1.0,1.0,D01,1,1,1,1,1.0,1988,2017,3,2.0,2,2.0,1.0,0,56,1.0,1.0
200500078713,12,18,1,2,1,1.0,6.0,160,570,0,0,7,2.0,1.0,A01,0,3,1,1,3.0,1988,2005,2,2.0,2,1.0,1.0,0,75,1.0,1.0
201000027566,5,24,1,1,1,1.0,4.0,32,300,0,0,7,4.0,1.0,C01,3,2,1,1,5.0,1992,2010,3,2.0,2,1.0,1.0,0,69,1.0,1.0
200800045583,8,20,5,2,1,1.0,6.0,29,60,0,0,2,1.0,5.0,A01,0,3,1,2,5.0,1957,2008,4,1.0,1,1.0,1.0,0,70,1.0,1.0
201100040680,9,20,1,2,1,1.0,3.0,217,760,0,0,30,3.0,1.0,B01,1,1,1,2,5.0,1969,2011,4,2.0,2,1.0,1.0,0,76,1.0,1.0
201800049121,2,21,2,1,9,1.0,5.0,152,670,0,0,17,4.0,23.0,A01,1,1,1,1,4.0,1982,2018,1,3.0,3,1.0,1.0,0,0,1.0,1.0
200700056177,9,3,1,2,1,1.0,6.0,185,380,0,0,7,1.0,15.0,A01,0,3,1,2,0.0,2000,2007,4,2.0,3,1.0,1.0,0,85,1.0,1.0
200600027191,5,11,1,2,1,1.0,4.0,444,590,0,0,7,4.0,1.0,C01,1,1,1,2,5.0,1966,2006,3,2.0,2,1.0,1.0,0,60,1.0,1.0
200500043388,7,13,2,2,1,1.0,3.0,27,60,0,0,7,3.0,9.0,A01,1,1,1,1,5.0,1968,2005,4,2.0,2,1.0,1.0,0,0,1.0,0.0
200800015134,3,1,5,2,2,2.0,6.0,115,750,0,0,30,1.0,1.0,A01,0,3,1,1,0.0,1991,2008,4,1.0,1,1.0,1.0,120,100,2.0,1.0
200800032106,6,30,1,2,1,1.0,3.0,85,280,0,0,30,1.0,1.0,B01,2,2,1,1,0.0,1991,2008,4,2.0,0,1.0,1.0,0,0,1.0,1.0
201400018890,3,21,2,1,2,1.0,3.0,461,800,0,0,7,3.0,1.0,B02,1,1,1,2,5.0,1971,2014,3,2.0,2,1.0,1.0,0,0,1.0,1.0
200500019125,4,7,1,2,1,2.0,4.0,355,210,0,0,7,1.0,1.0,A01,1,1,1,1,4.0,1972,2005,4,3.0,4,1.0,1.0,10,150,2.0,1.0
200500071109,11,4,1,1,1,2.0,3.0,112,820,0,0,7,1.0,1.0,B02,1,1,1,1,5.0,1987,2005,3,2.0,2,1.0,1.0,0,82,2.0,1.0
200900003053,4,22,5,2,3,1.0,3.0,114,750,0,0,32,2.0,1.0,A01,1,1,1,1,0.0,1986,2009,4,1.0,5,1.0,0.0,0,100,1.0,1.0
200800018931,4,29,1,2,1,1.0,3.0,88,60,0,0,7,2.0,1.0,B01,1,1,1,2,0.0,1942,2008,4,2.0,5,1.0,1.0,0,0,1.0,1.0
201300009416,4,2,2,2,2,1.0,3.0,127,450,0,0,7,2.0,15.0,B02,1,1,1,1,5.0,1991,2013,3,2.0,2,1.0,1.0,40,140,1.0,1.0
201600057146,3,30,1,2,1,2.0,2.0,120,750,0,0,10,4.0,1.0,B01,1,1,1,1,4.0,1958,2016,4,1.0,4,1.0,1.0,15,140,2.0,1.0
201100001796,2,2,1,1,2,1.0,5.0,171,220,0,0,14,3.0,2.0,A01,1,1,1,2,4.0,1977,2011,3,2.0,2,4.0,1.0,0,70,1.0,1.0
201700035423,3,25,1,2,1,8.0,1.0,65,730,0,0,7,3.0,1.0,A01,1,1,1,1,5.0,1995,2017,6,0.0,0,1.0,3.0,0,0,1.0,1.0
200500030489,5,21,1,2,1,1.0,4.0,14,750,0,0,7,4.0,1.0,B01,1,1,1,1,5.0,1984,2005,4,3.0,3,1.0,1.0,15,90,1.0,1.0
200700073833,11,12,1,1,1,1.0,3.0,154,680,0,0,7,2.0,1.0,A01,1,1,1,1,1.0,1986,2007,4,2.0,2,0.0,0.0,60,0,1.0,1.0
200700055401,9,5,1,2,1,1.0,7.0,306,170,0,0,10,7.0,1.0,A01,1,1,1,2,9.0,1952,2007,4,2.0,2,1.0,1.0,0,0,1.0,1.0
201300006126,8,15,1,1,1,1.0,5.0,237,880,0,0,7,2.0,1.0,C03,1,1,1,1,5.0,1986,2013,3,2.0,2,1.0,1.0,0,61,1.0,1.0
200600078835,12,26,2,2,2,1.0,1.0,137,830,0,0,7,5.0,15.0,B01,1,1,1,1,5.0,1960,2006,4,2.0,1,1.0,1.0,0,60,1.0,1.0
201900054749,12,4,3,1,1,5.0,7.0,60370,60,0,0,2,7.0,1.0,A01,1,1,1,2,1.0,1994,2019,3,2.0,2,1.0,1.0,0,0,1.0,1.0
201600022053,6,16,2,2,3,1.0,1.0,404,760,0,0,1,1.0,1.0,B02,1,1,1,1,5.0,2005,2016,4,2.0,2,2.0,1.0,0,50,1.0,1.0
201300020589,7,10,1,1,1,1.0,2.0,360,220,0,0,7,4.0,23.0,B01,1,1,1,1,5.0,1937,2013,2,3.0,4,1.0,1.0,20,140,1.0,1.0
201200020877,12,20,1,2,1,1.0,2.0,300,170,0,0,1,4.0,1.0,B01,1,1,1,1,0.0,2001,2012,4,2.0,2,1.0,1.0,0,0,1.0,1.0
200800012040,3,22,3,2,1,2.0,3.0,85,280,0,0,7,8.0,9.0,A01,1,1,1,2,0.0,1984,2008,4,2.0,2,1.0,1.0,0,0,2.0,1.0
200900051919,5,31,2,2,1,1.0,3.0,48,930,0,0,2,3.0,0.0,A01,1,1,1,1,0.0,1987,2009,2,0.0,2,1.0,1.0,0,0,1.0,0.0
201500008504,6,29,1,1,1,1.0,1.0,6,300,0,0,7,3.0,1.0,B02,1,1,1,2,4.0,1978,2015,3,2.0,1,1.0,1.0,0,0,1.0,1.0
201300046249,7,12,1,1,1,1.0,2.0,10,930,0,0,7,4.0,1.0,B01,1,1,1,2,5.0,1961,2013,1,3.0,3,1.0,1.0,25,105,1.0,1.0
200500020861,4,11,1,2,1,1.0,3.0,10,750,0,0,7,2.0,12.0,A01,1,1,1,1,4.0,1977,2005,4,1.0,3,1.0,1.0,0,90,2.0,1.0
201300011885,12,23,1,1,1,1.0,5.0,170,380,0,0,7,8.0,1.0,C03,1,1,1,2,0.0,1948,2013,1,3.0,3,1.0,1.0,20,135,1.0,1.0
200500027845,5,23,1,2,1,1.0,3.0,341,140,0,0,7,7.0,15.0,A01,1,1,1,1,5.0,1982,2005,4,0.0,2,1.0,1.0,0,80,1.0,1.0
201300019202,7,9,1,2,1,1.0,3.0,105,740,0,0,7,3.0,15.0,A01,1,1,1,1,5.0,1987,2013,3,3.0,2,1.0,1.0,30,62,1.0,1.0
200700009737,2,7,5,2,2,8.0,3.0,17,750,0,0,2,1.0,1.0,A01,1,1,1,2,5.0,1987,2007,4,1.0,1,1.0,1.0,0,30,1.0,1.0
201000043367,8,6,5,2,1,1.0,2.0,288,770,0,0,33,1.0,11.0,B01,1,1,1,1,5.0,1958,2010,3,3.0,3,1.0,1.0,19,76,1.0,1.0
200700049906,8,24,1,2,2,1.0,3.0,218,420,0,0,7,3.0,1.0,B01,2,2,1,2,0.0,1952,2007,4,1.0,2,1.0,0.0,0,60,1.0,1.0
201100038740,6,24,2,1,6,1.0,7.0,462,670,0,0,7,9.0,6.0,A01,2,2,1,1,5.0,1970,2011,3,3.0,1,1.0,1.0,0,49,1.0,1.0
200600078863,12,29,5,2,1,1.0,3.0,7,840,0,0,7,3.0,1.0,B01,1,1,1,2,5.0,1986,2006,2,2.0,5,1.0,1.0,20,150,1.0,1.0
201400031795,2,26,1,2,2,1.0,6.0,160,620,0,0,7,7.0,15.0,A01,1,1,1,2,3.0,1928,2014,4,1.0,1,1.0,1.0,0,63,1.0,1.0
200800012923,3,19,1,2,1,1.0,6.0,378,590,0,0,1,0.0,1.0,A01,0,3,1,2,9.0,1977,2008,4,2.0,2,1.0,1.0,0,60,1.0,1.0
200700022402,4,11,1,2,1,1.0,3.0,215,620,0,0,7,8.0,19.0,A01,1,1,1,2,5.0,1981,2007,4,2.0,2,1.0,1.0,0,77,1.0,1.0
200600042963,7,8,1,1,1,1.0,1.0,297,860,0,0,7,3.0,1.0,B02,1,1,1,1,5.0,1986,2006,3,2.0,2,0.0,1.0,0,0,1.0,1.0
201800029797,12,15,1,2,1,1.0,2.0,599,590,0,0,7,1.0,2.0,A01,1,1,1,2,3.0,1990,2018,4,3.0,4,1.0,1.0,0,0,1.0,3.0
201800057731,10,8,1,2,3,1.0,1.0,611,976,15,10,7,1.0,0.0,B01,8,2,1,1,9.0,1947,2018,2,2.0,2,2.0,1.0,0,0,1.0,3.0
201300002565,7,14,3,2,5,1.0,3.0,243,330,0,0,7,2.0,1.0,B02,1,1,1,1,1.0,1970,2013,4,1.0,1,2.0,1.0,0,0,1.0,1.0
201000031046,8,12,1,2,6,1.0,7.0,238,350,0,0,33,3.0,1.0,A01,1,1,1,1,5.0,1980,2010,4,3.0,2,1.0,3.0,30,60,1.0,1.0
200500084545,1,1,2,2,1,1.0,3.0,123,971,0,0,7,8.0,1.0,B02,1,1,1,1,1.0,1946,2005,3,2.0,0,1.0,2.0,0,45,1.0,0.0
201600013293,3,7,1,1,1,4.0,4.0,508,390,0,0,7,1.0,1.0,D04,2,2,1,2,0.0,1985,2016,1,3.0,0,1.0,1.0,35,100,5.0,1.0
200700042158,7,24,1,2,1,1.0,6.0,55,130,0,0,7,6.0,4.0,A01,1,1,1,1,4.0,1979,2007,4,1.0,1,1.0,1.0,0,0,1.0,1.0
200700037869,6,1,1,2,1,1.0,6.0,78,940,0,0,2,1.0,17.0,A01,1,1,1,1,5.0,1991,2007,4,3.0,2,1.0,1.0,0,0,1.0,1.0
200900036446,6,28,1,1,1,1.0,4.0,4,60,0,0,7,1.0,2.0,B01,1,1,1,2,0.0,1974,2009,3,2.0,2,1.0,1.0,0,54,1.0,1.0
200600011875,3,18,1,2,6,2.0,3.0,322,240,0,0,2,1.0,1.0,B01,1,1,1,1,9.0,1990,2006,4,1.0,1,1.0,1.0,150,88,2.0,1.0
201100018102,6,28,1,1,1,1.0,2.0,151,670,0,0,7,1.0,2.0,A01,1,1,1,2,1.0,1989,2011,1,3.0,0,1.0,1.0,0,75,1.0,1.0
201000053813,4,5,5,2,1,1.0,6.0,77,940,0,0,7,1.0,1.0,A01,1,1,1,1,9.0,1991,2010,3,2.0,2,1.0,0.0,0,83,1.0,1.0
200900033031,9,30,1,2,1,1.0,6.0,475,710,0,0,7,8.0,1.0,A01,2,2,1,1,5.0,1931,2009,2,2.0,3,1.0,1.0,0,105,1.0,1.0
200800049991,9,7,2,2,3,2.0,6.0,194,580,0,0,7,1.0,1.0,A01,5,2,1,2,0.0,1994,2008,4,2.0,2,1.0,1.0,0,0,2.0,4.0
201000060504,11,10,1,2,4,1.0,3.0,103,750,0,0,7,3.0,15.0,A01,1,1,1,1,4.0,1948,2010,4,2.0,2,1.0,1.0,0,72,1.0,1.0
200900046386,1,30,1,2,3,1.0,3.0,55,930,0,0,30,3.0,17.0,A01,1,1,1,1,0.0,1988,2009,3,2.0,0,0.0,0.0,0,0,0.0,1.0
200800014797,3,31,1,1,1,2.0,4.0,202,130,0,0,10,4.0,2.0,C01,1,1,1,1,4.0,1978,2008,1,3.0,2,1.0,1.0,0,70,2.0,1.0
201800031608,1,18,5,2,2,3.0,3.0,462,670,0,0,1,7.0,19.0,B01,1,1,1,1,5.0,2004,2018,4,2.0,3,1.0,1.0,0,92,2.0,1.0
200600066428,11,16,1,2,3,1.0,6.0,15,160,0,0,7,3.0,5.0,A01,0,3,1,2,5.0,1940,2006,4,2.0,4,1.0,1.0,24,170,1.0,4.0
200700043694,7,18,1,2,2,1.0,3.0,498,620,0,0,2,1.0,1.0,A01,5,2,1,1,0.0,1992,2007,4,2.0,2,2.0,1.0,0,60,1.0,1.0
201300041079,4,29,1,2,1,1.0,4.0,8,930,0,0,7,1.0,2.0,A01,1,1,1,1,0.0,1962,2013,4,3.0,0,1.0,0.0,0,0,1.0,1.0
201200055046,2,19,5,2,5,3.0,3.0,109,750,0,0,32,7.0,1.0,B01,1,1,1,2,5.0,1980,2012,4,1.0,2,2.0,1.0,0,0,2.0,1.0
201000046290,7,6,1,2,1,1.0,2.0,85,870,0,0,2,4.0,23.0,B01,1,1,1,1,4.0,1980,2010,4,2.0,3,0.0,1.0,0,90,1.0,1.0
201200011124,1,23,1,2,1,1.0,6.0,121,60,0,0,32,1.0,1.0,A01,1,1,1,1,0.0,1961,2012,4,2.0,2,1.0,1.0,0,0,1.0,0.0
201100031027,1,18,1,2,1,1.0,6.0,207,420,0,0,7,1.0,1.0,A01,1,1,1,1,1.0,1986,2011,4,2.0,0,1.0,1.0,0,83,1.0,1.0
200500054547,9,7,3,1,1,1.0,7.0,513,240,0,0,7,9.0,1.0,A01,1,1,1,1,5.0,1986,2005,3,2.0,2,1.0,1.0,0,62,1.0,1.0
201800052471,7,7,1,2,7,1.0,6.0,113,750,12,5,7,1.0,1.0,A01,1,1,1,1,1.0,1962,2018,4,2.0,2,1.0,1.0,0,35,1.0,1.0
200800077558,12,19,1,2,1,1.0,1.0,411,974,0,0,2,1.0,0.0,A01,1,1,1,1,0.0,0,2008,4,2.0,2,1.0,2.0,0,0,1.0,1.0
201400011483,11,29,1,2,1,1.0,3.0,88,60,0,0,7,2.0,1.0,B01,2,2,1,2,5.0,1950,2014,4,2.0,4,1.0,1.0,0,0,1.0,1.0
200800031467,6,24,1,1,1,1.0,1.0,231,70,0,0,7,1.0,1.0,A01,1,1,1,2,5.0,1967,2008,3,2.0,2,1.0,3.0,0,72,1.0,1.0
201100002764,4,11,1,2,3,1.0,3.0,53,10,0,0,7,3.0,9.0,A01,1,1,1,2,5.0,1944,2011,4,2.0,2,1.0,1.0,0,0,1.0,1.0
200900071915,11,10,5,2,3,2.0,3.0,445,640,0,0,7,1.0,15.0,A01,1,1,1,2,0.0,1984,2009,4,2.0,2,1.0,1.0,0,0,2.0,1.0
201100012478,8,27,1,1,1,1.0,1.0,285,340,0,0,7,3.0,1.0,A01,1,1,1,1,5.0,1990,2011,4,2.0,2,4.0,2.0,0,70,1.0,1.0
200500001526,1,24,1,1,1,1.0,2.0,133,300,0,0,7,1.0,2.0,B02,1,1,1,1,1.0,1978,2005,4,2.0,0,1.0,1.0,0,43,1.0,1.0
201700037240,5,28,1,2,1,1.0,2.0,69,830,0,0,7,4.0,23.0,A01,2,2,1,2,5.0,2002,2017,3,2.0,2,1.0,1.0,0,69,1.0,1.0
201700057720,11,5,5,2,5,2.0,3.0,120,750,0,0,31,8.0,1.0,B01,1,1,1,1,5.0,1990,2017,4,2.0,3,2.0,1.0,0,60,2.0,1.0
200500025564,5,28,1,1,1,1.0,1.0,227,690,0,0,7,1.0,23.0,B02,1,1,1,1,4.0,1957,2005,4,2.0,2,1.0,3.0,0,0,1.0,1.0
200800012105,3,4,1,2,1,1.0,3.0,189,300,0,0,7,1.0,0.0,A01,1,1,1,1,0.0,1929,2008,3,2.0,2,0.0,2.0,0,108,1.0,1.0
201800000990,12,28,4,2,3,1.0,6.0,283,10,0,0,7,2.0,15.0,A01,1,1,1,1,5.0,1965,2018,4,1.0,1,1.0,1.0,0,0,1.0,3.0
200600030488,6,25,1,1,1,2.0,5.0,243,720,0,0,7,0.0,2.0,C03,1,1,1,2,9.0,1957,2006,3,2.0,2,1.0,1.0,0,0,2.0,1.0
200500062921,10,25,1,2,1,1.0,1.0,20,850,0,0,7,1.0,5.0,A01,3,2,1,1,0.0,1995,2005,3,1.0,1,2.0,3.0,60,0,1.0,1.0
201800051890,12,19,1,2,1,1.0,3.0,111,750,0,0,32,1.0,3.0,A01,1,1,1,1,1.0,1990,2018,4,2.0,3,1.0,1.0,0,0,1.0,1.0
200800057398,10,8,1,2,1,1.0,6.0,300,170,0,0,2,0.0,0.0,B01,1,1,1,1,0.0,1987,2008,4,2.0,2,1.0,1.0,0,0,1.0,1.0
200600079768,12,3,1,1,1,1.0,7.0,36,920,0,0,7,1.0,2.0,A01,1,1,1,1,0.0,1977,2006,1,3.0,6,1.0,3.0,15,210,2.0,1.0
200600079851,12,25,5,1,1,1.0,3.0,306,950,0,0,7,2.0,17.0,B01,1,1,1,1,5.0,1987,2006,1,3.0,6,1.0,1.0,15,150,1.0,1.0
200700018008,3,3,1,1,1,1.0,4.0,689,910,0,0,7,4.0,1.0,B01,5,2,1,1,0.0,2003,2007,1,3.0,7,2.0,1.0,100,140,1.0,1.0
201100052413,3,10,1,2,1,8.0,3.0,268,950,0,0,2,1.0,1.0,A01,1,1,1,1,5.0,1992,2011,4,2.0,2,1.0,1.0,0,70,1.0,5.0
201000002155,1,9,1,1,1,1.0,6.0,115,560,0,0,7,1.0,1.0,B02,2,2,1,1,5.0,1979,2010,3,2.0,0,1.0,1.0,0,126,2.0,1.0
201400055712,9,20,1,2,1,1.0,7.0,116,750,0,0,30,0.0,1.0,A01,1,1,1,1,1.0,1996,2014,4,2.0,1,1.0,1.0,0,0,8.0,1.0
200600027506,5,15,1,2,1,2.0,3.0,100,650,0,0,7,3.0,1.0,B01,1,1,1,2,1.0,1982,2006,4,2.0,2,1.0,2.0,0,70,2.0,1.0
201500029934,9,8,1,1,2,1.0,3.0,193,590,0,0,7,1.0,1.0,B01,1,1,1,1,1.0,1988,2015,3,3.0,4,1.0,1.0,0,0,1.0,1.0
200800061812,10,19,5,2,1,1.0,1.0,114,750,0,0,32,1.0,5.0,A01,1,1,1,1,5.0,1978,2008,4,2.0,2,1.0,1.0,0,83,1.0,1.0
201800039930,11,20,1,2,3,2.0,3.0,29,930,0,0,7,3.0,1.0,B01,1,1,1,1,0.0,1973,2018,4,1.0,1,1.0,1.0,0,0,2.0,3.0
201000027841,12,2,1,2,2,1.0,1.0,189,300,0,0,7,3.0,1.0,B01,1,1,1,1,0.0,1959,2010,4,0.0,3,1.0,1.0,0,35,1.0,0.0
200500004555,1,3,1,2,2,1.0,6.0,93,740,0,0,7,1.0,15.0,A01,0,3,1,2,5.0,1958,2005,4,2.0,3,1.0,1.0,30,92,1.0,1.0
201700031626,7,8,1,2,1,1.0,2.0,178,590,0,0,7,8.0,15.0,A01,1,1,1,2,4.0,1961,2017,3,2.0,2,1.0,1.0,0,100,1.0,1.0
200600033082,6,19,1,2,2,1.0,3.0,300,170,0,0,1,1.0,1.0,B01,1,1,1,2,5.0,1967,2006,4,1.0,1,1.0,1.0,0,35,1.0,1.0
200900035861,10,23,1,1,1,1.0,3.0,246,490,0,0,15,1.0,17.0,B01,1,1,1,1,4.0,1968,2009,1,1.0,2,1.0,0.0,0,0,1.0,1.0
201000012288,9,22,1,1,1,1.0,7.0,153,60,0,0,7,7.0,1.0,A01,1,1,1,1,5.0,1992,2010,5,0.0,1,1.0,2.0,0,40,1.0,1.0
201700026469,2,3,1,1,4,2.0,2.0,281,350,0,0,7,4.0,23.0,B01,1,1,1,1,0.0,1976,2017,3,3.0,4,1.0,1.0,0,0,2.0,1.0
201600053659,10,31,1,2,4,1.0,2.0,112,750,0,0,14,2.0,17.0,A01,1,1,1,1,4.0,1987,2016,4,1.0,3,1.0,2.0,0,120,1.0,0.0
201100021265,10,27,2,2,1,1.0,6.0,55,130,0,0,32,1.0,1.0,A01,0,3,1,2,3.0,1970,2011,4,2.0,2,1.0,1.0,0,0,1.0,1.0
201600007005,10,2,1,1,1,1.0,1.0,204,510,0,0,7,1.0,13.0,A01,2,2,1,1,5.0,1998,2016,3,2.0,2,0.0,1.0,0,80,1.0,1.0
201500009268,6,27,1,2,7,1.0,6.0,153,770,0,0,7,0.0,0.0,A01,0,3,1,1,5.0,2005,2015,6,0.0,0,0.0,1.0,0,0,0.0,0.0
200900004997,2,16,1,2,1,1.0,1.0,31,190,0,0,7,3.0,1.0,B01,1,1,1,1,5.0,1969,2009,3,2.0,2,1.0,1.0,0,0,1.0,1.0
200700013318,3,17,1,1,1,1.0,4.0,76,130,0,0,7,4.0,2.0,D04,1,1,1,1,5.0,1981,2007,1,3.0,3,0.0,1.0,15,115,1.0,1.0
200500033862,6,1,5,2,3,1.0,3.0,157,430,0,0,7,3.0,15.0,B01,1,1,1,2,1.0,1984,2005,2,2.0,4,1.0,4.0,0,143,1.0,1.0
200700015882,3,10,1,2,1,1.0,6.0,10,740,0,0,37,1.0,1.0,A01,1,1,1,1,4.0,1953,2007,4,2.0,4,1.0,1.0,0,0,1.0,1.0
201700003779,9,17,1,1,3,1.0,3.0,94,130,0,0,7,7.0,21.0,B01,2,2,1,1,5.0,1990,2017,3,2.0,2,1.0,0.0,0,0,1.0,1.0
201200050378,10,23,1,1,1,5.0,5.0,117,780,0,0,7,4.0,1.0,C01,1,1,1,1,1.0,1969,2012,2,3.0,3,1.0,1.0,115,35,1.0,1.0
201700058622,7,15,1,1,1,1.0,4.0,230,972,0,0,7,4.0,23.0,B01,1,1,1,1,5.0,1955,2017,2,2.0,3,2.0,1.0,0,105,1.0,1.0
200500006836,2,2,1,2,1,1.0,7.0,30,60,0,0,2,1.0,1.0,A01,0,2,1,2,0.0,1988,2005,4,2.0,2,0.0,2.0,0,72,1.0,1.0
201300046352,8,31,1,1,1,1.0,2.0,27,930,0,0,7,4.0,1.0,A01,1,1,1,1,5.0,1985,2013,1,3.0,4,1.0,1.0,15,140,1.0,1.0
200900071183,7,8,1,2,1,1.0,3.0,54,210,0,0,7,3.0,9.0,A01,1,1,1,2,1.0,1969,2009,3,1.0,3,1.0,1.0,40,110,1.0,1.0
201600048113,4,21,1,2,1,1.0,6.0,33,202,0,0,3,3.0,19.0,A01,2,2,1,2,5.0,1964,2016,4,2.0,0,3.0,1.0,0,59,1.0,1.0
201000063574,7,12,1,2,1,1.0,3.0,114,750,0,0,7,0.0,9.0,A01,1,1,1,2,5.0,1965,2010,4,2.0,2,1.0,1.0,5,130,1.0,1.0