num_acc,mois,jour,lum,agg,int,atm,col,com,dep,hr,mn,catv,choc,manv,num_veh,place,catu,grav,sexe,trajet,an_nais,annee,catr,circ,nbv,prof,plan,lartpc,larrout,surf,situ
200600059392,10,25,1,2,1,1.0,1.0,362,80,0,0,10,7.0,13.0,A01,1,1,1,1,4.0,1969,2006,3,2.0,2,0.0,0.0,0,59,1.0,1.0
201600039850,3,19,1,2,1,1.0,1.0,7,930,0,0,7,2.0,10.0,A01,1,1,1,1,0.0,1982,2016,5,2.0,2,1.0,1.0,0,70,1.0,1.0
200800044318,8,7,1,2,7,1.0,6.0,88,400,0,0,1,1.0,1.0,A01,0,3,1,2,9.0,1964,2008,4,2.0,2,1.0,1.0,0,66,1.0,1.0
200800016074,3,13,1,1,1,1.0,1.0,451,310,0,0,7,0.0,1.0,A01,1,1,1,1,5.0,1963,2008,3,2.0,0,0.0,4.0,63,0,1.0,1.0
200600057473,9,26,5,2,6,1.0,3.0,38,940,0,0,5,1.0,1.0,B01,1,1,1,1,5.0,1986,2006,4,2.0,0,1.0,1.0,0,500,1.0,1.0
201600055543,7,15,1,2,5,1.0,3.0,117,750,0,0,10,7.0,1.0,B01,1,1,1,1,4.0,1990,2016,4,1.0,0,1.0,1.0,0,0,1.0,1.0
201200049647,10,4,1,1,1,1.0,4.0,5,930,0,0,13,1.0,0.0,A01,1,1,1,1,0.0,1983,2012,1,3.0,3,1.0,1.0,10,105,1.0,1.0
200700022059,4,11,1,1,2,1.0,3.0,395,540,0,0,10,3.0,1.0,B01,1,1,1,1,4.0,1978,2007,4,1.0,3,1.0,0.0,0,0,1.0,1.0
201000043730,9,14,1,2,3,1.0,6.0,311,780,0,0,7,1.0,1.0,A01,1,1,1,1,5.0,1940,2010,4,2.0,2,1.0,1.0,0,57,1.0,1.0
200900043332,7,30,1,2,1,1.0,2.0,58,940,0,0,10,2.0,17.0,A01,1,1,1,1,4.0,1973,2009,2,3.0,2,2.0,1.0,35,64,1.0,1.0
201400030905,12,31,1,2,6,1.0,1.0,378,590,0,0,7,1.0,1.0,B01,4,2,1,2,3.0,2011,2014,4,2.0,2,1.0,3.0,0,0,2.0,1.0
200900060844,8,18,1,2,1,1.0,2.0,510,620,0,0,7,5.0,2.0,B01,1,1,1,1,5.0,1962,2009,3,2.0,2,1.0,1.0,0,184,1.0,1.0
200900032693,11,2,5,2,5,1.0,3.0,101,750,0,0,10,2.0,16.0,A01,1,1,1,1,1.0,1979,2009,4,1.0,3,1.0,1.0,10,190,1.0,1.0
201400047335,6,20,1,1,1,1.0,2.0,8,930,0,0,7,4.0,0.0,B01,1,1,1,2,0.0,1960,2014,1,3.0,0,1.0,0.0,15,120,1.0,1.0
201300030289,8,30,1,2,1,1.0,6.0,328,590,0,0,7,1.0,1.0,A01,1,1,1,1,0.0,1963,2013,4,1.0,1,1.0,1.0,0,0,1.0,1.0
200600004106,1,7,3,1,1,1.0,2.0,589,910,0,0,7,1.0,2.0,A01,1,1,1,2,5.0,1982,2006,1,3.0,6,2.0,1.0,10,210,1.0,1.0
200900065497,12,14,1,2,1,1.0,6.0,389,690,0,0,10,4.0,4.0,A01,1,1,1,1,4.0,1958,2009,4,1.0,2,1.0,1.0,0,72,1.0,1.0
200500010158,2,10,1,1,1,1.0,2.0,18,950,0,0,7,4.0,2.0,B01,1,1,1,2,1.0,1979,2005,1,3.0,8,1.0,1.0,20,280,1.0,1.0
201000036203,7,8,1,2,6,1.0,3.0,260,560,0,0,7,1.0,1.0,A01,1,1,1,2,1.0,1981,2010,4,2.0,2,1.0,1.0,0,0,1.0,1.0
200500030485,5,4,1,2,2,1.0,3.0,20,750,0,0,7,2.0,15.0,A01,1,1,1,1,5.0,1964,2005,4,2.0,2,1.0,1.0,0,60,1.0,1.0
200600068597,11,6,1,2,3,1.0,3.0,17,750,0,0,7,2.0,1.0,A01,1,1,1,1,4.0,1974,2006,4,1.0,1,1.0,1.0,0,30,1.0,1.0
201400003774,7,11,1,1,1,1.0,1.0,73,120,0,0,10,3.0,21.0,B02,1,1,1,1,4.0,1974,2014,4,2.0,0,1.0,3.0,0,37,1.0,1.0
201700043376,7,1,1,2,1,1.0,6.0,71,930,0,0,7,7.0,1.0,A01,0,3,1,1,5.0,1981,2017,4,2.0,2,1.0,1.0,0,70,1.0,1.0
201500008659,10,10,1,1,1,1.0,4.0,281,300,0,0,7,4.0,17.0,B02,1,1,1,1,5.0,1996,2015,3,2.0,2,1.0,1.0,0,0,1.0,1.0
201300036965,5,23,1,2,6,1.0,3.0,194,860,0,0,10,7.0,1.0,A01,1,1,1,1,4.0,1966,2013,3,2.0,2,1.0,3.0,0,70,1.0,1.0
201200027809,4,28,1,2,1,1.0,6.0,185,380,0,0,40,2.0,1.0,A01,0,3,1,1,0.0,1973,2012,4,2.0,3,1.0,1.0,0,98,1.0,1.0
201300009851,12,19,2,2,1,2.0,3.0,199,330,0,0,7,3.0,15.0,A01,1,1,1,1,5.0,1935,2013,3,2.0,1,0.0,1.0,0,70,2.0,1.0
200700005534,1,11,5,2,1,2.0,3.0,68,940,0,0,7,3.0,15.0,A01,1,1,1,2,5.0,1985,2007,4,2.0,2,1.0,1.0,0,78,2.0,1.0
201600024303,11,5,4,2,1,2.0,1.0,318,330,0,0,7,1.0,1.0,B01,1,1,1,2,9.0,1988,2016,4,2.0,2,1.0,1.0,0,56,1.0,1.0
200500083946,12,26,1,2,3,1.0,1.0,582,950,0,0,7,3.0,16.0,A01,1,1,1,2,5.0,1957,2005,4,2.0,3,1.0,1.0,0,90,1.0,1.0
201600029737,5,21,5,2,1,2.0,3.0,194,580,0,0,7,1.0,0.0,B01,2,2,1,1,5.0,1993,2016,4,2.0,2,1.0,1.0,0,55,2.0,1.0
201200037786,5,11,1,2,1,1.0,7.0,243,770,0,0,7,3.0,1.0,A01,0,3,1,1,5.0,1937,2012,4,2.0,2,1.0,1.0,60,60,1.0,1.0
201200043038,5,14,1,2,1,1.0,3.0,51,920,0,0,33,9.0,1.0,B01,1,1,1,1,1.0,1966,2012,4,2.0,0,1.0,1.0,0,0,1.0,1.0
201300043841,7,31,1,2,1,1.0,6.0,73,940,0,0,7,3.0,1.0,Z01,0,3,1,2,1.0,1993,2013,4,0.0,0,1.0,1.0,0,0,1.0,1.0
201200052140,5,24,1,2,1,1.0,6.0,387,690,0,0,7,3.0,0.0,A01,1,1,1,2,0.0,1979,2012,4,1.0,1,1.0,1.0,0,0,1.0,1.0
201100061835,1,12,1,2,1,2.0,6.0,116,750,0,0,32,1.0,1.0,A01,0,3,1,1,0.0,1973,2011,4,2.0,4,2.0,1.0,0,0,2.0,1.0
200800051588,9,24,1,2,1,1.0,6.0,423,780,0,0,7,7.0,1.0,A01,1,1,1,2,1.0,1981,2008,4,2.0,2,1.0,1.0,0,0,1.0,1.0
201800007773,7,23,1,2,3,1.0,4.0,262,110,0,0,7,4.0,23.0,B01,1,1,1,1,0.0,1979,2018,4,2.0,2,1.0,1.0,0,0,1.0,3.0
200900051387,6,26,3,1,1,1.0,7.0,346,780,0,0,7,9.0,14.0,A01,1,1,1,1,5.0,1986,2009,3,2.0,2,4.0,1.0,0,92,1.0,1.0
200900009039,6,13,1,2,2,1.0,2.0,107,750,0,0,32,7.0,17.0,A01,1,1,1,1,0.0,1972,2009,4,2.0,2,1.0,1.0,0,50,2.0,1.0
200500010408,2,11,5,1,2,1.0,6.0,266,690,0,0,15,3.0,19.0,A01,1,1,1,1,4.0,1979,2005,1,3.0,3,0.0,1.0,0,105,1.0,1.0
200900039877,7,9,1,2,1,1.0,2.0,113,630,0,0,7,4.0,2.0,B01,1,1,1,1,9.0,1990,2009,4,2.0,2,1.0,1.0,0,0,1.0,1.0
201300022362,4,13,1,2,1,1.0,1.0,189,300,0,0,7,0.0,0.0,A01,1,1,1,2,0.0,1995,2013,4,2.0,2,1.0,1.0,0,132,1.0,1.0
201500043578,1,15,5,2,1,1.0,7.0,80,940,0,0,7,3.0,15.0,A01,1,1,1,1,1.0,1989,2015,4,2.0,4,1.0,1.0,0,0,1.0,1.0
201300010360,8,20,1,2,1,1.0,6.0,29,60,0,0,7,1.0,1.0,A01,1,1,1,2,0.0,1955,2013,4,2.0,2,1.0,1.0,0,80,0.0,1.0
201800053623,11,28,1,2,1,1.0,6.0,116,750,14,40,30,0.0,17.0,Z01,0,3,1,2,3.0,1993,2018,4,2.0,2,1.0,1.0,0,0,2.0,1.0
201800050122,11,17,1,1,1,8.0,7.0,5,130,10,15,33,4.0,1.0,A01,1,1,1,1,5.0,1997,2018,1,3.0,1,1.0,1.0,0,0,1.0,3.0
201800055850,7,26,1,1,2,1.0,1.0,115,971,0,0,7,2.0,15.0,A01,1,1,1,1,5.0,1944,2018,2,2.0,2,1.0,1.0,0,0,1.0,1.0
201200041428,5,18,1,2,5,1.0,3.0,589,910,0,0,7,7.0,1.0,B01,1,1,1,2,0.0,1958,2012,3,2.0,2,1.0,1.0,0,0,0.0,1.0
200900003468,1,9,1,2,1,1.0,4.0,137,830,0,0,10,4.0,23.0,C01,1,1,1,1,1.0,1981,2009,4,1.0,3,2.0,1.0,0,95,1.0,1.0
200800004004,1,28,1,2,1,1.0,6.0,285,700,0,0,7,2.0,1.0,A01,0,3,1,2,2.0,1989,2008,4,2.0,1,2.0,1.0,0,68,1.0,1.0
201100008044,5,24,1,1,1,1.0,3.0,187,730,0,0,7,7.0,15.0,A01,1,1,1,1,1.0,1963,2011,3,2.0,2,1.0,1.0,0,64,1.0,1.0
200500077374,11,24,1,1,1,8.0,4.0,482,670,0,0,7,2.0,1.0,B01,1,1,1,1,9.0,1978,2005,1,3.0,3,1.0,1.0,25,105,1.0,1.0
201800040930,8,30,1,2,1,1.0,4.0,66,930,0,0,33,3.0,0.0,C01,1,1,1,2,9.0,1983,2018,2,2.0,3,1.0,1.0,0,0,1.0,1.0
201600029446,10,28,1,2,3,1.0,3.0,260,560,0,0,31,2.0,1.0,B01,1,1,1,1,5.0,1999,2016,4,2.0,2,1.0,1.0,0,70,1.0,1.0
200800024459,5,13,1,2,2,1.0,3.0,109,440,0,0,7,7.0,16.0,A01,1,1,1,2,1.0,1979,2008,4,2.0,2,1.0,1.0,0,0,1.0,1.0
200900053517,11,28,1,2,1,1.0,2.0,21,800,0,0,7,1.0,1.0,A01,1,1,1,1,0.0,1949,2009,4,2.0,2,1.0,1.0,0,0,1.0,1.0
201500044764,7,20,1,1,1,1.0,3.0,112,750,0,0,10,0.0,0.0,B01,1,1,1,1,0.0,1953,2015,1,1.0,7,1.0,1.0,15,245,1.0,1.0
201800049652,1,18,3,1,1,1.0,4.0,71,130,19,0,7,4.0,2.0,F01,1,1,1,1,1.0,1989,2018,1,3.0,3,1.0,1.0,0,0,1.0,3.0
200800043744,8,7,1,1,1,2.0,3.0,71,130,0,0,7,5.0,14.0,B01,1,1,1,1,5.0,1986,2008,1,3.0,3,1.0,1.0,10,105,1.0,1.0
201000068564,1,16,2,2,1,1.0,6.0,2,973,0,0,7,4.0,0.0,A01,1,1,1,1,0.0,1954,2010,3,2.0,2,1.0,1.0,0,90,1.0,1.0
200500005695,1,19,1,2,1,1.0,6.0,2,920,0,0,2,8.0,1.0,A01,1,1,1,2,3.0,1924,2005,2,2.0,2,1.0,1.0,0,140,1.0,1.0
200600036513,6,3,1,2,1,1.0,6.0,64,920,0,0,7,1.0,1.0,A01,0,3,1,1,9.0,1988,2006,3,3.0,4,1.0,1.0,0,57,1.0,1.0
201100054491,7,11,5,1,1,1.0,2.0,26,920,0,0,33,2.0,2.0,A01,1,1,1,1,1.0,1969,2011,2,1.0,3,1.0,1.0,10,105,1.0,1.0
201500009920,11,10,1,2,1,1.0,6.0,4,60,0,0,7,0.0,0.0,A01,1,1,1,1,5.0,1928,2015,4,2.0,2,1.0,1.0,0,40,1.0,1.0
201800047104,12,7,1,1,1,2.0,5.0,161,910,0,0,33,3.0,3.0,A01,1,1,1,1,9.0,1989,2018,1,3.0,6,1.0,1.0,0,0,2.0,3.0
201100056493,7,5,1,2,2,1.0,2.0,387,690,0,0,7,4.0,2.0,B01,1,1,1,1,0.0,1943,2011,4,2.0,6,1.0,4.0,0,0,0.0,1.0
200900023608,2,20,2,1,1,1.0,5.0,43,780,0,0,7,5.0,1.0,B01,1,1,1,1,1.0,1970,2009,1,3.0,4,2.0,3.0,5,35,1.0,1.0
201100061283,6,15,1,2,1,1.0,6.0,114,750,0,0,7,0.0,0.0,Z01,0,3,1,1,5.0,2000,2011,4,1.0,1,2.0,1.0,20,80,1.0,1.0
200800034487,6,7,5,2,1,1.0,3.0,71,930,0,0,7,1.0,2.0,B01,2,2,1,2,0.0,1990,2008,4,0.0,0,1.0,1.0,0,0,1.0,1.0
201800046226,11,12,3,1,1,1.0,4.0,217,780,0,0,7,4.0,2.0,C01,1,1,1,1,1.0,1957,2018,1,3.0,1,1.0,1.0,0,0,2.0,3.0
201600033068,6,23,1,2,3,1.0,3.0,29,690,0,0,7,8.0,19.0,B01,3,2,1,1,0.0,2004,2016,4,2.0,4,1.0,1.0,0,120,1.0,1.0
200500030256,5,2,1,2,4,1.0,3.0,13,750,0,0,17,2.0,1.0,A01,1,1,1,1,4.0,1971,2005,4,3.0,3,1.0,1.0,15,90,1.0,1.0
200800039353,7,18,1,1,1,1.0,4.0,129,340,0,0,10,1.0,1.0,A01,1,1,1,1,4.0,1967,2008,4,2.0,2,2.0,1.0,0,60,1.0,1.0
201900000744,9,17,1,2,3,1.0,3.0,50129,50,0,0,7,5.0,15.0,B01,1,1,1,2,5.0,1957,2019,4,2.0,2,1.0,1.0,0,0,1.0,1.0
200600009880,2,14,1,2,1,1.0,1.0,440,780,0,0,7,3.0,19.0,A01,1,1,1,2,1.0,1970,2006,4,2.0,2,1.0,1.0,0,50,1.0,1.0
201500004969,2,12,1,1,6,1.0,3.0,299,420,0,0,7,3.0,9.0,A01,1,1,1,2,4.0,1968,2015,3,2.0,2,1.0,2.0,0,90,1.0,0.0
201900058750,11,27,5,2,2,2.0,2.0,45068,45,0,0,7,1.0,2.0,A01,1,1,1,1,5.0,1989,2019,3,2.0,2,1.0,1.0,0,0,2.0,1.0
200800050901,9,10,1,2,1,1.0,6.0,64,910,0,0,7,3.0,1.0,A01,1,1,1,2,5.0,1928,2008,4,2.0,2,2.0,1.0,0,0,1.0,1.0
200900059215,11,28,1,2,2,2.0,3.0,180,220,0,0,7,2.0,1.0,A01,1,1,1,1,5.0,1951,2009,3,2.0,2,1.0,1.0,0,0,2.0,1.0
200800037481,7,21,1,1,1,1.0,1.0,132,840,0,0,7,3.0,1.0,B02,1,1,1,1,1.0,1981,2008,4,2.0,1,1.0,1.0,0,30,1.0,1.0
200700046408,1,12,1,1,1,1.0,2.0,137,830,0,0,7,1.0,2.0,A01,1,1,1,2,5.0,1982,2007,1,3.0,3,1.0,1.0,14,105,1.0,1.0
200800075678,5,29,1,1,3,1.0,3.0,302,973,0,0,2,1.0,15.0,A01,1,1,1,1,9.0,1980,2008,3,2.0,0,1.0,0.0,12,78,1.0,1.0
200800011467,3,6,1,1,1,1.0,3.0,88,60,0,0,32,1.0,1.0,B01,1,1,1,1,9.0,1946,2008,4,2.0,2,1.0,1.0,0,47,1.0,1.0
201500017795,5,30,1,1,1,1.0,3.0,223,350,0,0,7,3.0,13.0,A01,1,1,1,1,5.0,1978,2015,2,3.0,2,1.0,1.0,24,74,1.0,1.0
200700028871,5,8,3,2,6,2.0,7.0,447,570,0,0,7,2.0,0.0,A01,1,1,1,1,0.0,1976,2007,3,2.0,2,2.0,4.0,0,0,2.0,1.0
201200042151,9,28,2,2,2,1.0,3.0,24,920,0,0,7,8.0,15.0,B01,1,1,1,2,0.0,1987,2012,3,2.0,2,0.0,0.0,0,0,0.0,1.0
200700035442,6,3,1,2,6,1.0,4.0,172,340,0,0,7,4.0,23.0,B01,1,1,1,1,5.0,1963,2007,4,1.0,2,1.0,3.0,0,70,1.0,1.0
200600064877,10,25,1,2,1,1.0,7.0,71,930,0,0,7,2.0,2.0,A01,1,1,1,1,2.0,1942,2006,4,1.0,1,1.0,2.0,0,0,1.0,1.0
200500071865,11,12,5,2,1,1.0,1.0,144,660,0,0,7,2.0,0.0,A01,2,2,1,2,0.0,1931,2005,4,2.0,0,0.0,1.0,0,71,1.0,1.0
200800005776,1,13,5,1,1,1.0,3.0,211,130,0,0,7,6.0,11.0,A01,4,2,1,1,0.0,1951,2008,1,1.0,3,1.0,1.0,22,127,1.0,1.0
200700081062,12,24,5,2,1,1.0,6.0,117,750,0,0,7,4.0,4.0,A01,1,1,1,1,0.0,1954,2007,4,1.0,1,1.0,1.0,0,62,1.0,1.0
201500022883,10,12,1,2,1,1.0,3.0,555,310,0,0,2,8.0,1.0,A01,1,1,1,2,1.0,1996,2015,4,1.0,2,1.0,2.0,0,0,1.0,1.0
200700022919,4,9,1,2,1,1.0,3.0,7,750,0,0,5,1.0,18.0,A01,1,1,1,1,5.0,1983,2007,4,2.0,8,1.0,1.0,0,240,1.0,5.0
200700065766,10,4,1,2,1,1.0,6.0,78,930,0,0,7,1.0,1.0,A01,0,3,1,1,5.0,2003,2007,4,1.0,1,1.0,1.0,0,0,1.0,1.0
201000061594,10,11,1,2,3,1.0,3.0,108,750,0,0,13,2.0,1.0,B01,1,1,1,1,4.0,1976,2010,4,2.0,8,2.0,1.0,0,240,1.0,1.0
201700058479,9,28,1,2,1,1.0,6.0,117,750,0,0,33,1.0,3.0,A01,1,1,1,1,1.0,1987,2017,4,1.0,4,1.0,1.0,15,140,1.0,1.0
201300050114,6,11,1,1,1,1.0,7.0,215,130,0,0,7,1.0,16.0,A01,4,2,1,1,4.0,1977,2013,1,3.0,3,2.0,2.0,5,105,1.0,1.0
201800003733,10,6,1,1,3,1.0,1.0,65,60,0,0,10,1.0,6.0,A01,1,1,1,1,0.0,1960,2018,4,0.0,0,0.0,0.0,0,0,0.0,0.0
200700024377,4,4,1,2,1,1.0,1.0,62,930,0,0,7,7.0,15.0,A01,1,1,1,1,0.0,1974,2007,4,2.0,2,2.0,1.0,0,120,1.0,1.0
201200004014,5,20,1,1,1,2.0,5.0,46,120,0,0,7,3.0,1.0,B02,3,2,1,1,0.0,1957,2012,2,2.0,2,1.0,3.0,0,78,2.0,1.0
201000035597,8,7,5,2,1,1.0,4.0,547,540,0,0,37,4.0,23.0,C01,1,1,1,1,4.0,1971,2010,4,1.0,0,1.0,1.0,0,500,1.0,1.0
200900003144,4,24,1,2,1,1.0,6.0,110,750,0,0,2,1.0,1.0,A01,1,1,1,2,4.0,1976,2009,4,2.0,3,1.0,1.0,0,0,1.0,1.0
201300022684,11,12,1,2,1,2.0,3.0,483,310,0,0,30,2.0,1.0,B01,1,1,1,1,5.0,1997,2013,3,0.0,2,1.0,1.0,0,0,2.0,1.0
201000040808,7,23,1,2,3,8.0,2.0,447,670,0,0,7,4.0,1.0,B01,4,2,1,2,5.0,1955,2010,4,2.0,4,1.0,1.0,0,100,2.0,1.0
200800001134,1,27,1,1,1,1.0,6.0,284,340,0,0,7,2.0,1.0,A01,2,2,1,1,0.0,1990,2008,3,2.0,2,1.0,2.0,0,78,7.0,3.0
201300029229,10,30,3,1,1,1.0,5.0,83,560,0,0,7,5.0,2.0,B01,1,1,1,1,0.0,1957,2013,2,3.0,4,1.0,2.0,0,0,1.0,1.0
201900000662,11,26,1,1,1,1.0,5.0,93006,93,0,0,7,7.0,1.0,B01,1,1,1,2,0.0,1977,2019,1,3.0,8,1.0,1.0,0,0,1.0,1.0
201400059392,8,21,1,1,1,1.0,3.0,7,974,0,0,2,1.0,1.0,A01,1,1,1,1,5.0,1980,2014,2,2.0,2,1.0,1.0,0,0,1.0,1.0
200600006768,2,28,3,1,1,9.0,6.0,101,550,0,0,7,1.0,1.0,A01,4,2,1,2,0.0,2002,2006,3,2.0,2,4.0,2.0,0,60,5.0,3.0
200500015411,3,21,1,2,1,1.0,6.0,109,440,0,0,5,5.0,15.0,B01,1,1,1,1,1.0,1971,2005,4,1.0,2,2.0,0.0,0,67,1.0,1.0
200700045036,7,3,1,2,1,1.0,1.0,43,940,0,0,7,3.0,1.0,B01,1,1,1,2,0.0,1948,2007,4,2.0,0,0.0,1.0,0,0,1.0,1.0
200900059746,9,8,1,1,1,1.0,2.0,181,770,0,0,33,1.0,1.0,B01,1,1,1,1,1.0,1974,2009,1,3.0,3,1.0,1.0,25,75,1.0,1.0
201100039626,4,10,1,2,1,1.0,7.0,256,690,0,0,32,8.0,2.0,B01,1,1,1,1,0.0,1991,2011,4,3.0,4,1.0,1.0,5,205,8.0,1.0
200700038552,6,14,1,2,1,2.0,7.0,103,750,0,0,10,0.0,2.0,B01,1,1,1,1,4.0,1973,2007,4,1.0,1,1.0,1.0,0,54,2.0,1.0
201600058002,7,16,2,1,1,1.0,1.0,309,973,0,0,14,3.0,5.0,A01,2,2,1,1,0.0,1998,2016,2,2.0,2,1.0,1.0,0,0,1.0,1.0
201300025367,10,1,1,2,1,2.0,3.0,238,350,0,0,7,3.0,1.0,B01,2,2,1,2,5.0,1990,2013,4,2.0,2,1.0,1.0,0,0,2.0,1.0
201100004741,7,19,1,2,7,2.0,3.0,54,470,0,0,7,1.0,9.0,A01,1,1,1,1,5.0,1981,2011,3,2.0,2,0.0,1.0,0,65,2.0,1.0
201500044025,5,19,1,2,1,1.0,6.0,427,950,0,0,7,1.0,17.0,A01,1,1,1,1,5.0,1959,2015,3,2.0,2,1.0,1.0,0,0,1.0,1.0
201000037054,2,16,1,2,2,7.0,3.0,527,590,0,0,7,1.0,15.0,A01,2,2,1,2,0.0,1955,2010,4,0.0,1,1.0,1.0,0,0,1.0,0.0
200500032494,6,25,5,2,2,1.0,3.0,88,60,0,0,7,3.0,19.0,B01,1,1,1,1,5.0,1975,2005,4,1.0,2,1.0,1.0,0,90,1.0,1.0
200600047156,8,1,1,2,3,1.0,3.0,88,60,0,0,33,3.0,9.0,B01,1,1,1,1,1.0,1969,2006,4,1.0,1,1.0,1.0,0,0,1.0,1.0
201500019451,9,29,1,2,3,1.0,2.0,300,170,0,0,7,1.0,2.0,A01,1,1,1,1,5.0,1962,2015,4,1.0,1,1.0,1.0,0,0,1.0,1.0
201500026450,8,23,1,2,2,3.0,3.0,218,420,0,0,7,9.0,1.0,B01,1,1,1,1,0.0,1958,2015,4,2.0,1,3.0,1.0,0,0,2.0,0.0
201500031161,7,1,1,2,1,1.0,6.0,124,630,0,0,1,0.0,0.0,A01,1,1,1,1,0.0,1935,2015,3,1.0,2,1.0,1.0,0,0,1.0,5.0
201100034030,5,8,1,2,3,1.0,3.0,167,540,0,0,7,6.0,15.0,A01,4,2,1,2,9.0,1994,2011,4,2.0,2,1.0,1.0,0,121,1.0,1.0
201400057815,4,16,1,2,1,1.0,3.0,119,750,0,0,31,8.0,3.0,B01,1,1,1,1,1.0,1986,2014,4,1.0,4,1.0,1.0,15,140,1.0,1.0
201400040610,2,3,1,2,1,1.0,2.0,51,920,0,0,7,1.0,2.0,A01,1,1,1,1,4.0,1986,2014,2,3.0,0,1.0,1.0,0,0,0.0,1.0
201400047308,6,13,1,1,1,1.0,5.0,27,930,0,0,10,4.0,1.0,D01,1,1,1,1,4.0,1975,2014,1,3.0,3,1.0,1.0,20,105,1.0,1.0
201600033620,2,23,1,2,1,1.0,1.0,351,760,0,0,7,3.0,15.0,A01,1,1,1,2,1.0,1968,2016,4,2.0,2,1.0,1.0,0,88,1.0,1.0
200900049352,9,22,1,2,1,1.0,6.0,328,590,0,0,2,1.0,17.0,A01,1,1,1,1,2.0,1991,2009,4,3.0,3,1.0,1.0,0,0,1.0,1.0
201200051961,3,17,5,2,1,1.0,6.0,385,690,0,0,7,0.0,0.0,Z01,0,3,1,1,0.0,1977,2012,4,1.0,1,1.0,1.0,13,40,1.0,1.0
201500014484,2,12,1,2,1,1.0,6.0,55,130,0,0,10,4.0,4.0,A01,1,1,1,1,4.0,1964,2015,4,0.0,0,1.0,1.0,0,0,1.0,2.0
200600061818,10,3,1,2,3,2.0,3.0,18,410,0,0,7,1.0,1.0,B01,1,1,1,1,5.0,1979,2006,4,1.0,0,1.0,1.0,0,0,2.0,1.0
201300017385,8,9,2,1,1,1.0,5.0,19,730,0,0,7,3.0,1.0,C03,1,1,1,1,0.0,1975,2013,3,2.0,0,1.0,1.0,0,73,1.0,1.0
200700018900,4,21,1,1,4,7.0,1.0,516,240,0,0,7,7.0,1.0,A01,1,1,1,1,1.0,1977,2007,3,2.0,0,1.0,2.0,0,38,1.0,1.0
200500080847,12,5,1,2,2,2.0,1.0,63,330,0,0,7,1.0,15.0,A01,1,1,1,1,0.0,1981,2005,4,3.0,2,1.0,1.0,0,118,2.0,1.0
201400001308,1,16,3,1,1,1.0,1.0,747,140,0,0,7,2.0,13.0,A01,1,1,1,2,1.0,1990,2014,3,2.0,2,2.0,1.0,0,65,1.0,1.0
201100026386,11,10,1,2,3,1.0,3.0,483,310,0,0,3,5.0,1.0,B01,1,1,1,1,5.0,1949,2011,4,2.0,2,1.0,1.0,0,0,1.0,1.0
201700001175,4,10,2,1,1,5.0,1.0,19,330,0,0,7,1.0,1.0,B01,7,2,1,1,1.0,1962,2017,3,2.0,2,1.0,1.0,0,70,1.0,1.0
200500050566,8,24,1,2,2,1.0,3.0,105,80,0,0,10,1.0,17.0,A01,1,1,1,1,4.0,1981,2005,3,2.0,2,4.0,2.0,0,60,1.0,1.0
200500053548,8,10,1,2,1,1.0,7.0,41,940,0,0,7,0.0,1.0,A01,1,1,1,1,9.0,1973,2005,3,2.0,2,1.0,1.0,0,62,1.0,1.0
201300051422,5,20,5,2,4,3.0,3.0,117,750,0,0,2,1.0,17.0,A01,1,1,1,1,1.0,1993,2013,4,2.0,6,2.0,1.0,0,150,2.0,1.0
200900038154,9,8,1,2,7,7.0,1.0,129,500,0,0,7,1.0,15.0,A01,1,1,1,2,5.0,1982,2009,3,2.0,3,1.0,1.0,0,105,1.0,0.0
201800044863,5,9,3,1,1,1.0,5.0,641,950,0,0,7,3.0,1.0,A01,1,1,1,1,5.0,1998,2018,1,3.0,8,1.0,1.0,0,0,1.0,1.0
200800018332,4,14,1,2,1,1.0,6.0,117,560,0,0,7,2.0,21.0,A01,0,3,1,2,5.0,1987,2008,6,2.0,0,2.0,2.0,0,0,1.0,3.0
201300006177,8,29,1,2,1,7.0,1.0,451,880,0,0,7,3.0,15.0,A01,1,1,1,2,3.0,1955,2013,3,2.0,2,1.0,1.0,70,0,1.0,1.0
201300016532,10,31,1,2,1,1.0,7.0,117,130,0,0,34,7.0,15.0,A01,1,1,1,2,4.0,1991,2013,4,2.0,2,1.0,2.0,0,60,2.0,1.0
201400024241,5,19,1,2,2,1.0,3.0,75,330,0,0,31,1.0,1.0,A01,1,1,1,2,1.0,1973,2014,4,3.0,3,1.0,1.0,0,0,1.0,1.0
201400050124,9,12,1,2,1,1.0,6.0,385,690,0,0,7,3.0,20.0,A01,1,1,1,2,9.0,1972,2014,4,1.0,1,1.0,1.0,0,90,1.0,1.0
201100021073,9,19,2,2,1,1.0,1.0,55,130,0,0,7,1.0,15.0,A01,1,1,1,1,1.0,1989,2011,4,0.0,2,2.0,1.0,0,0,1.0,1.0
201000053621,7,13,1,2,3,8.0,3.0,52,940,0,0,32,2.0,1.0,B01,1,1,1,1,1.0,1974,2010,2,2.0,2,1.0,1.0,0,300,1.0,1.0
201500027175,11,13,5,2,1,1.0,6.0,234,450,0,0,7,1.0,1.0,A01,1,1,1,1,1.0,1971,2015,3,2.0,2,1.0,1.0,0,115,1.0,1.0
201800018611,9,1,1,1,2,1.0,3.0,524,770,0,0,7,3.0,19.0,A01,7,2,1,2,0.0,2001,2018,3,2.0,2,1.0,1.0,0,0,1.0,1.0