num_acc,mois,jour,lum,agg,int,atm,col,com,dep,hr,mn,catv,choc,manv,num_veh,place,catu,grav,sexe,trajet,an_nais,annee,catr,circ,nbv,prof,plan,lartpc,larrout,surf,situ
201200058740,3,29,1,2,1,1.0,3.0,119,750,0,0,32,7.0,17.0,B01,1,1,1,2,1.0,1967,2012,4,2.0,2,1.0,2.0,0,0,1.0,1.0
200800063060,11,8,3,1,6,2.0,3.0,193,440,0,0,7,7.0,1.0,B02,1,1,1,1,5.0,1953,2008,3,2.0,2,0.0,1.0,0,0,2.0,1.0
201200031074,5,3,1,2,1,1.0,3.0,98,560,0,0,7,8.0,1.0,B01,3,2,1,2,0.0,2010,2012,2,1.0,0,0.0,0.0,0,0,0.0,1.0
200500087125,9,20,1,2,1,1.0,3.0,302,973,0,0,7,3.0,1.0,A01,1,1,1,2,0.0,1977,2005,4,0.0,1,1.0,0.0,0,100,1.0,0.0
201400048656,4,20,2,1,1,1.0,4.0,689,910,0,0,7,4.0,2.0,B01,3,2,1,1,5.0,2008,2014,1,3.0,8,1.0,1.0,15,140,1.0,1.0
201600029972,10,29,1,2,2,1.0,3.0,569,590,0,0,7,1.0,1.0,A01,1,1,1,1,5.0,1991,2016,4,2.0,2,1.0,1.0,0,60,1.0,1.0
201200048243,5,25,1,2,1,1.0,3.0,268,950,0,0,7,2.0,15.0,A01,1,1,1,1,5.0,1982,2012,3,2.0,4,1.0,1.0,21,71,1.0,1.0
200700075807,12,8,1,1,1,1.0,2.0,121,840,0,0,7,1.0,17.0,A01,1,1,1,1,3.0,1919,2007,3,2.0,2,1.0,1.0,0,49,1.0,1.0
200600022848,4,30,1,1,1,1.0,5.0,449,770,0,0,18,2.0,1.0,B01,1,1,1,1,4.0,1951,2006,1,3.0,6,1.0,1.0,20,250,2.0,1.0
201200061211,8,17,2,2,1,1.0,7.0,20,971,0,0,7,1.0,1.0,A01,0,3,1,2,0.0,1985,2012,3,3.0,0,1.0,1.0,0,74,1.0,1.0
200800034531,6,28,1,2,1,1.0,6.0,44,940,0,0,32,1.0,1.0,A01,1,1,1,1,0.0,1979,2008,4,2.0,0,1.0,1.0,0,81,1.0,1.0
201100004753,7,23,1,2,1,1.0,3.0,52,470,0,0,7,3.0,20.0,A01,2,2,1,2,0.0,1948,2011,3,2.0,2,1.0,1.0,0,72,1.0,1.0
200900065087,12,22,1,1,9,1.0,3.0,51,350,0,0,7,2.0,14.0,A01,1,1,1,2,5.0,1973,2009,2,3.0,3,1.0,1.0,10,90,2.0,1.0
201400013237,5,17,1,2,1,1.0,3.0,262,110,0,0,1,8.0,1.0,B01,1,1,1,1,0.0,1956,2014,4,1.0,1,0.0,2.0,0,0,1.0,5.0
201200004584,5,4,1,1,3,1.0,4.0,155,690,0,0,38,1.0,1.0,B02,1,1,1,1,4.0,1984,2012,3,2.0,2,3.0,1.0,0,75,1.0,1.0
201700015590,11,7,3,1,1,2.0,1.0,348,10,0,0,7,1.0,1.0,B01,1,1,1,2,1.0,1963,2017,3,2.0,2,3.0,3.0,0,54,2.0,1.0
201000029793,12,1,5,2,1,1.0,2.0,63,330,0,0,7,1.0,2.0,A01,1,1,1,2,0.0,1982,2010,4,2.0,2,2.0,1.0,0,68,1.0,1.0
201600056403,1,5,1,2,1,1.0,2.0,119,750,0,0,33,0.0,2.0,B01,1,1,1,1,0.0,1973,2016,4,0.0,0,1.0,1.0,0,0,2.0,1.0
200500053354,8,25,1,2,1,1.0,3.0,73,920,0,0,7,2.0,11.0,A01,1,1,1,2,0.0,1930,2005,3,3.0,4,2.0,1.0,0,0,1.0,1.0
201400025378,10,22,5,2,1,1.0,3.0,172,340,0,0,33,1.0,1.0,B01,1,1,1,1,0.0,1988,2014,4,2.0,2,1.0,1.0,0,130,1.0,1.0
200600040991,7,19,1,2,2,1.0,3.0,194,850,0,0,7,2.0,13.0,A01,1,1,1,1,1.0,1977,2006,4,2.0,2,1.0,1.0,0,0,1.0,1.0
201400057672,1,7,1,2,1,1.0,2.0,120,750,0,0,7,4.0,2.0,B01,2,2,1,1,5.0,1963,2014,4,1.0,4,1.0,1.0,15,140,1.0,1.0
201500036054,9,26,1,2,1,1.0,4.0,114,870,0,0,7,4.0,23.0,C01,1,1,1,2,1.0,1971,2015,3,2.0,2,0.0,1.0,0,60,1.0,1.0
200600053810,9,8,5,2,1,1.0,6.0,279,180,0,0,2,1.0,17.0,A01,1,1,1,1,5.0,1945,2006,4,2.0,2,1.0,1.0,32,65,1.0,1.0
200900070971,11,14,5,2,3,1.0,3.0,46,940,0,0,30,6.0,9.0,A01,1,1,1,1,4.0,1989,2009,4,2.0,2,1.0,1.0,0,63,1.0,1.0
200800005460,1,13,5,2,1,2.0,6.0,108,750,0,0,7,6.0,11.0,A01,4,2,1,1,0.0,1982,2008,4,1.0,4,1.0,0.0,0,250,2.0,1.0
200900033149,7,5,1,2,1,1.0,7.0,903,110,0,0,34,0.0,0.0,A01,1,1,1,2,1.0,1966,2009,3,3.0,3,1.0,1.0,0,0,0.0,1.0
200600065270,10,3,1,1,1,2.0,4.0,36,920,0,0,10,1.0,1.0,C01,1,1,1,1,0.0,1966,2006,1,1.0,6,1.0,3.0,15,210,2.0,1.0
201600056354,10,31,1,2,2,1.0,4.0,119,750,0,0,7,0.0,23.0,C01,1,1,1,2,0.0,1975,2016,4,2.0,2,1.0,1.0,0,0,0.0,1.0
201700041876,5,30,1,2,3,1.0,3.0,47,930,0,0,7,3.0,15.0,A01,1,1,1,1,0.0,1987,2017,4,0.0,2,0.0,0.0,0,0,1.0,1.0
200500044810,7,30,5,2,1,1.0,5.0,95,420,0,0,7,2.0,1.0,B01,2,2,1,2,0.0,1989,2005,3,2.0,1,2.0,3.0,31,79,1.0,1.0
201200040805,6,15,1,2,1,1.0,6.0,174,910,0,0,7,1.0,14.0,A01,2,2,1,2,1.0,1980,2012,4,2.0,2,1.0,1.0,0,0,1.0,4.0
201100054490,7,8,1,1,1,1.0,4.0,26,920,0,0,7,4.0,2.0,B01,1,1,1,2,1.0,1974,2011,2,1.0,1,1.0,3.0,0,45,1.0,1.0
201300058232,3,20,1,1,1,1.0,2.0,16,974,0,0,30,4.0,0.0,A01,1,1,1,1,0.0,1935,2013,4,2.0,0,0.0,0.0,0,50,0.0,1.0
200900068227,10,8,1,2,1,1.0,2.0,123,60,0,0,33,1.0,2.0,A01,1,1,1,1,5.0,1979,2009,4,2.0,3,0.0,1.0,0,0,1.0,1.0
201600049914,11,14,3,1,1,1.0,6.0,122,330,0,0,10,4.0,0.0,B01,1,1,1,1,0.0,1958,2016,1,1.0,2,1.0,1.0,80,70,1.0,1.0
201300052105,8,25,5,2,1,8.0,2.0,110,750,0,0,7,4.0,16.0,B01,1,1,1,1,5.0,1979,2013,4,1.0,0,1.0,1.0,40,40,2.0,1.0
201900005313,8,13,1,1,1,1.0,3.0,78050,78,0,0,7,1.0,1.0,A01,2,2,1,2,5.0,2006,2019,3,2.0,2,2.0,1.0,0,0,1.0,1.0
200500012135,3,10,3,1,2,2.0,1.0,240,800,0,0,2,1.0,1.0,A01,1,1,1,1,1.0,1985,2005,3,2.0,0,0.0,1.0,0,0,2.0,1.0
201300021720,5,20,1,1,1,3.0,5.0,120,860,0,0,7,1.0,5.0,A01,2,2,1,1,0.0,2003,2013,2,2.0,0,3.0,1.0,0,78,2.0,1.0
200700018197,3,2,1,2,1,1.0,4.0,387,690,0,0,7,1.0,1.0,A01,1,1,1,2,5.0,1950,2007,4,1.0,3,1.0,1.0,0,81,1.0,1.0
201100045867,5,1,1,2,2,1.0,6.0,60,920,0,0,33,8.0,1.0,A01,1,1,1,1,5.0,1970,2011,4,1.0,1,1.0,1.0,0,0,1.0,1.0
201100019094,12,13,2,2,1,1.0,6.0,55,130,0,0,33,0.0,1.0,A01,0,3,1,2,2.0,1999,2011,4,3.0,4,0.0,1.0,15,70,1.0,1.0
201700025094,12,13,2,2,1,1.0,4.0,555,310,0,0,7,1.0,1.0,A01,2,2,1,2,9.0,2000,2017,4,1.0,2,1.0,1.0,0,0,1.0,1.0
201600023720,3,8,1,2,2,1.0,6.0,69,330,0,0,7,2.0,1.0,B01,1,1,1,1,5.0,1989,2016,4,2.0,2,1.0,1.0,0,0,1.0,0.0
201600042650,11,4,5,2,1,3.0,6.0,28,940,0,0,7,1.0,2.0,A01,1,1,1,1,0.0,1991,2016,4,0.0,0,0.0,0.0,0,0,2.0,1.0
200900002022,3,28,1,2,5,3.0,7.0,108,750,0,0,31,7.0,16.0,A01,1,1,1,2,0.0,1962,2009,4,1.0,0,1.0,3.0,0,240,2.0,1.0
201000015555,11,5,5,2,1,1.0,2.0,123,60,0,0,7,4.0,1.0,B01,1,1,1,2,5.0,1975,2010,4,3.0,5,1.0,1.0,0,0,1.0,1.0
200800020187,4,30,1,2,1,1.0,6.0,122,590,0,0,17,2.0,1.0,A01,1,1,1,1,4.0,1958,2008,4,1.0,2,1.0,1.0,0,79,1.0,1.0
201100007879,11,9,1,2,9,1.0,6.0,59,420,0,0,7,2.0,1.0,A01,1,1,1,2,3.0,1969,2011,3,2.0,2,2.0,1.0,0,52,1.0,1.0
201000037369,9,16,5,2,1,1.0,2.0,378,590,0,0,7,8.0,10.0,A01,1,1,1,2,0.0,1950,2010,4,2.0,2,1.0,1.0,0,0,1.0,1.0
200800014983,3,8,5,2,1,1.0,6.0,110,750,0,0,7,1.0,24.0,A01,1,1,1,1,9.0,1954,2008,4,3.0,2,2.0,1.0,25,25,1.0,4.0
201600048121,5,9,5,1,1,1.0,2.0,33,202,0,0,7,4.0,9.0,A01,1,1,1,1,5.0,1994,2016,2,2.0,4,0.0,0.0,0,0,0.0,1.0
201200027935,1,27,1,1,1,1.0,6.0,563,380,0,0,7,4.0,4.0,A01,0,3,1,1,4.0,1969,2012,6,0.0,1,1.0,0.0,0,84,1.0,1.0
201000033666,3,15,1,2,2,1.0,3.0,184,440,0,0,7,1.0,1.0,B01,2,2,1,2,0.0,1962,2010,3,2.0,3,3.0,1.0,0,0,1.0,1.0
201200031536,2,29,3,1,1,1.0,5.0,631,570,0,0,7,3.0,1.0,B01,1,1,1,1,1.0,1974,2012,3,2.0,2,3.0,1.0,0,74,1.0,1.0
201500004541,1,18,1,1,9,1.0,5.0,264,70,0,0,7,3.0,17.0,A01,1,1,1,1,5.0,1987,2015,3,0.0,2,4.0,2.0,0,0,1.0,1.0
201000029032,4,16,1,2,3,1.0,3.0,249,330,0,0,7,2.0,0.0,A01,1,1,1,1,0.0,1984,2010,4,2.0,2,2.0,1.0,0,0,1.0,1.0
201100048654,11,2,1,2,1,1.0,6.0,61,930,0,0,10,4.0,4.0,A01,1,1,1,2,1.0,1983,2011,4,1.0,1,1.0,1.0,0,0,1.0,1.0
201000005553,5,8,1,1,1,1.0,1.0,350,170,0,0,7,0.0,15.0,A01,1,1,1,1,5.0,1932,2010,3,2.0,2,1.0,1.0,20,80,1.0,1.0
201400043922,8,7,1,2,1,2.0,3.0,17,940,0,0,7,3.0,15.0,A01,1,1,1,1,5.0,1960,2014,3,2.0,2,1.0,1.0,0,0,2.0,1.0
201000057651,1,10,5,2,1,1.0,1.0,33,202,0,0,31,9.0,5.0,A01,2,2,1,1,0.0,1993,2010,4,1.0,1,1.0,1.0,0,0,1.0,1.0
201500035552,5,14,5,2,6,2.0,3.0,166,850,0,0,7,7.0,1.0,B01,4,2,1,2,5.0,1972,2015,3,3.0,2,1.0,1.0,0,69,2.0,1.0
201000005008,8,18,1,1,1,1.0,7.0,495,640,0,0,30,7.0,13.0,A01,1,1,1,1,5.0,1994,2010,9,2.0,1,2.0,3.0,0,25,1.0,1.0
201900009126,7,6,5,1,1,1.0,7.0,77468,77,0,0,7,1.0,21.0,A01,4,2,1,1,4.0,1979,2019,3,1.0,1,1.0,1.0,0,0,1.0,1.0
201200056421,2,29,2,2,1,1.0,4.0,113,750,0,0,32,1.0,1.0,C01,1,1,1,1,4.0,1963,2012,4,1.0,2,1.0,1.0,0,150,1.0,1.0
200600014092,3,1,1,1,1,1.0,5.0,517,780,0,0,7,1.0,2.0,A01,1,1,1,1,1.0,1984,2006,2,2.0,4,0.0,0.0,0,0,0.0,1.0
200900001039,2,25,1,2,1,1.0,4.0,120,750,0,0,33,2.0,3.0,A01,1,1,1,1,1.0,1978,2009,4,1.0,4,1.0,1.0,15,140,1.0,1.0
201600052369,6,29,5,2,2,1.0,3.0,108,750,0,0,7,3.0,1.0,B01,1,1,1,1,0.0,1995,2016,4,1.0,3,1.0,1.0,0,140,1.0,1.0
200800034623,6,14,1,2,1,1.0,3.0,73,940,0,0,7,3.0,1.0,B01,1,1,1,1,5.0,1969,2008,4,2.0,0,1.0,1.0,0,0,1.0,1.0
201700058898,4,26,1,1,1,1.0,6.0,303,973,0,0,7,9.0,1.0,A01,5,2,1,1,5.0,2013,2017,2,2.0,2,1.0,1.0,0,66,1.0,3.0
201100050128,5,8,5,1,2,1.0,2.0,17,940,0,0,7,4.0,23.0,B01,3,2,1,1,0.0,2006,2011,3,1.0,2,2.0,1.0,0,0,1.0,1.0
200500076439,11,15,2,2,1,2.0,6.0,63,920,0,0,2,1.0,1.0,A01,1,1,1,1,1.0,1983,2005,2,3.0,2,1.0,1.0,0,0,0.0,1.0
200900040122,9,15,5,2,1,1.0,3.0,113,630,0,0,7,1.0,1.0,A01,1,1,1,2,9.0,1990,2009,4,1.0,3,2.0,2.0,0,0,1.0,1.0
201600035218,4,11,1,1,6,1.0,1.0,129,830,0,0,33,1.0,1.0,B01,2,2,1,1,0.0,1977,2016,3,2.0,2,2.0,2.0,0,0,1.0,1.0
200700005390,1,8,1,2,1,2.0,3.0,66,930,0,0,7,3.0,1.0,B01,1,1,1,1,1.0,1948,2007,3,3.0,0,1.0,1.0,1,100,2.0,0.0
200900055855,7,15,1,2,1,9.0,6.0,29,60,0,0,7,2.0,1.0,A01,1,1,1,1,0.0,1987,2009,4,1.0,1,1.0,1.0,0,70,2.0,1.0
201800048589,10,10,5,2,3,2.0,1.0,387,690,0,0,7,1.0,15.0,B01,1,1,1,1,4.0,1969,2018,4,2.0,2,1.0,1.0,0,0,1.0,3.0
201400044561,10,18,1,2,1,1.0,3.0,16,940,0,0,33,1.0,2.0,B01,1,1,1,1,0.0,1961,2014,4,2.0,2,1.0,2.0,0,150,1.0,1.0
200700037349,6,9,2,2,1,1.0,1.0,32,920,0,0,7,1.0,1.0,A01,1,1,1,1,5.0,1978,2007,4,2.0,2,1.0,1.0,0,30,1.0,1.0
200900000034,1,29,1,2,2,1.0,2.0,109,750,0,0,33,4.0,2.0,B01,1,1,1,1,5.0,1973,2009,4,1.0,3,1.0,1.0,30,45,1.0,1.0
201100024328,11,19,3,1,1,1.0,7.0,224,10,0,0,7,1.0,1.0,A01,3,2,1,1,0.0,1993,2011,3,2.0,2,1.0,0.0,0,63,1.0,3.0
201500025352,3,20,1,2,6,2.0,3.0,261,370,0,0,7,1.0,1.0,B01,1,1,1,1,2.0,1996,2015,4,2.0,2,1.0,1.0,0,0,2.0,1.0
201100012323,7,23,1,2,1,1.0,6.0,137,840,0,0,7,6.0,20.0,A01,0,3,1,1,5.0,1938,2011,9,1.0,0,1.0,1.0,0,0,1.0,1.0
201000017674,4,5,1,1,1,1.0,3.0,118,130,0,0,7,3.0,1.0,A01,1,1,1,1,5.0,1947,2010,1,1.0,4,2.0,1.0,10,165,1.0,1.0
201300025426,11,7,5,2,2,2.0,3.0,238,350,0,0,10,2.0,1.0,A01,1,1,1,1,4.0,1983,2013,4,2.0,2,1.0,1.0,0,0,2.0,1.0
200900002756,4,7,1,2,1,1.0,3.0,113,750,0,0,7,3.0,9.0,A01,1,1,1,1,0.0,1934,2009,4,2.0,4,1.0,1.0,0,130,1.0,1.0
201100014693,10,11,1,2,1,1.0,6.0,4,60,0,0,7,2.0,1.0,A01,1,1,1,2,4.0,1969,2011,4,1.0,1,1.0,1.0,0,0,1.0,1.0
200600009118,2,9,1,1,1,2.0,2.0,224,680,0,0,7,0.0,9.0,A01,1,1,1,2,0.0,1984,2006,1,1.0,2,1.0,1.0,100,60,2.0,1.0
201600020168,8,4,1,1,1,1.0,1.0,160,370,0,0,15,4.0,2.0,B02,1,1,1,1,4.0,1971,2016,1,3.0,3,1.0,1.0,0,12,1.0,1.0
201600016601,12,27,1,1,1,1.0,4.0,252,680,0,0,7,1.0,2.0,A01,5,2,1,1,5.0,2014,2016,2,3.0,4,1.0,1.0,30,140,1.0,1.0
201500039317,2,2,5,2,1,1.0,2.0,77,920,0,0,7,5.0,15.0,A01,1,1,1,1,9.0,1967,2015,3,2.0,2,1.0,4.0,0,60,1.0,1.0
201700022964,12,1,1,2,1,1.0,6.0,362,260,0,0,7,1.0,1.0,A01,1,1,1,1,1.0,1978,2017,4,2.0,2,1.0,1.0,0,0,1.0,1.0
200500066078,10,16,1,2,2,1.0,3.0,63,330,0,0,2,5.0,1.0,A01,1,1,1,1,0.0,1985,2005,4,1.0,1,1.0,1.0,0,45,1.0,1.0
201700003297,4,24,1,2,1,1.0,1.0,154,680,0,0,7,3.0,13.0,A01,1,1,1,1,5.0,1940,2017,4,2.0,2,1.0,1.0,0,70,1.0,1.0
200900039221,9,24,1,2,1,1.0,2.0,281,260,0,0,7,6.0,2.0,B01,2,2,1,2,5.0,1952,2009,4,2.0,2,1.0,1.0,0,100,1.0,1.0
201600043490,11,18,1,2,1,1.0,6.0,42,940,0,0,7,3.0,15.0,A01,0,3,1,1,5.0,1953,2016,4,2.0,1,1.0,1.0,0,75,1.0,1.0
201200027358,4,19,1,2,2,2.0,3.0,261,370,0,0,7,7.0,19.0,A01,1,1,1,2,1.0,1956,2012,9,3.0,2,1.0,1.0,0,50,2.0,1.0
200500056518,8,21,1,1,1,1.0,4.0,55,130,0,0,7,4.0,23.0,C01,1,1,1,2,5.0,1944,2005,1,1.0,3,2.0,1.0,0,104,1.0,1.0
201700019589,5,15,1,2,9,1.0,2.0,342,800,0,0,38,4.0,4.0,A01,1,1,1,2,4.0,1973,2017,4,2.0,2,1.0,0.0,6,15,1.0,0.0
200500038914,6,3,3,1,1,1.0,6.0,254,30,0,0,7,4.0,13.0,A01,2,2,1,1,0.0,1972,2005,3,2.0,2,2.0,1.0,0,60,1.0,3.0
201000018463,6,4,3,1,1,1.0,2.0,582,310,0,0,7,6.0,11.0,B02,1,1,1,1,1.0,1970,2010,1,3.0,3,0.0,1.0,30,105,1.0,1.0
200700077425,12,5,5,2,1,5.0,3.0,555,310,0,0,2,8.0,1.0,B01,1,1,1,1,2.0,1990,2007,4,2.0,0,1.0,1.0,0,69,1.0,1.0
201600010807,12,9,2,2,1,1.0,2.0,69,60,0,0,2,4.0,2.0,B01,1,1,1,1,0.0,1952,2016,3,2.0,2,2.0,1.0,0,40,1.0,1.0
201300023704,5,4,4,2,1,5.0,6.0,63,330,0,0,7,1.0,1.0,A01,1,1,1,2,9.0,1994,2013,4,2.0,2,1.0,2.0,0,1,1.0,5.0
200600025932,5,23,1,2,1,1.0,4.0,103,130,0,0,7,1.0,2.0,A01,1,1,1,1,0.0,1949,2006,4,2.0,1,1.0,1.0,0,0,1.0,1.0
201200024300,7,2,1,2,1,1.0,3.0,149,310,0,0,33,1.0,0.0,A01,1,1,1,1,0.0,1932,2012,3,1.0,0,1.0,1.0,0,0,1.0,1.0
201200010411,4,6,1,2,1,1.0,6.0,123,60,0,0,10,0.0,0.0,Z01,0,3,1,1,5.0,1997,2012,4,2.0,2,0.0,1.0,0,0,1.0,1.0
201600030005,6,9,1,2,1,1.0,5.0,155,590,0,0,7,3.0,5.0,A01,1,1,1,1,1.0,1987,2016,4,2.0,0,1.0,1.0,0,0,1.0,1.0
200500041065,7,24,5,2,1,1.0,1.0,269,720,0,0,2,2.0,15.0,A01,5,2,1,1,0.0,1987,2005,3,2.0,3,4.0,1.0,0,105,1.0,1.0
201600017813,5,8,1,2,1,1.0,3.0,220,140,0,0,1,6.0,2.0,B01,1,1,1,1,5.0,1998,2016,3,2.0,2,1.0,1.0,0,0,1.0,1.0
200900019897,1,11,1,2,3,1.0,3.0,91,690,0,0,7,1.0,1.0,A01,1,1,1,1,5.0,1962,2009,3,2.0,2,1.0,1.0,0,97,1.0,1.0
201200036624,12,18,1,2,1,8.0,2.0,286,690,0,0,7,1.0,2.0,A01,3,2,1,2,5.0,1933,2012,4,2.0,2,1.0,1.0,0,70,2.0,1.0
201100064292,11,30,1,2,7,1.0,3.0,108,750,0,0,37,3.0,1.0,B01,2,2,1,2,5.0,1939,2011,4,0.0,6,1.0,1.0,0,0,1.0,1.0
200800012327,3,28,1,2,1,2.0,6.0,522,330,0,0,7,2.0,1.0,A01,2,2,1,1,0.0,1969,2008,4,2.0,3,1.0,1.0,0,90,2.0,1.0
201100038160,9,28,1,2,1,1.0,6.0,445,640,0,0,7,2.0,1.0,A01,1,1,1,2,0.0,1922,2011,4,2.0,2,1.0,1.0,0,100,1.0,1.0
201400008580,5,7,1,1,1,1.0,5.0,286,110,0,0,7,6.0,1.0,C03,1,1,1,1,5.0,1936,2014,3,2.0,2,2.0,3.0,0,43,1.0,1.0
201600040554,1,11,1,2,1,2.0,2.0,63,930,0,0,7,1.0,2.0,A01,1,1,1,1,1.0,1969,2016,4,2.0,2,1.0,1.0,30,30,2.0,1.0
200700051139,8,4,1,2,5,1.0,5.0,44,920,0,0,7,4.0,1.0,B01,1,1,1,1,9.0,1969,2007,4,1.0,3,1.0,1.0,0,0,1.0,1.0
201500010805,5,20,1,2,9,1.0,3.0,88,60,0,0,7,6.0,1.0,B01,1,1,1,1,0.0,1945,2015,4,1.0,2,1.0,1.0,0,0,1.0,1.0
201100050878,8,20,5,2,1,1.0,2.0,76,940,0,0,7,4.0,4.0,A01,1,1,1,2,9.0,1991,2011,4,2.0,2,1.0,1.0,0,0,1.0,1.0
201300008314,8,9,1,2,1,7.0,1.0,284,340,0,0,7,1.0,1.0,B02,1,1,1,1,9.0,1961,2013,3,2.0,2,2.0,1.0,0,122,1.0,1.0
200700034620,6,11,1,2,1,1.0,2.0,55,130,0,0,7,1.0,2.0,A01,1,1,1,2,1.0,1987,2007,4,2.0,2,1.0,3.0,0,100,1.0,1.0
201100015255,6,21,1,2,1,1.0,2.0,69,60,0,0,32,1.0,2.0,A01,1,1,1,1,0.0,1945,2011,4,2.0,2,2.0,1.0,0,0,1.0,1.0
200500068004,10,14,1,2,3,1.0,6.0,12,750,0,0,7,1.0,1.0,A01,0,3,1,2,4.0,1973,2005,4,1.0,4,1.0,1.0,0,120,1.0,1.0
200500081541,12,14,1,2,4,1.0,3.0,121,560,0,0,7,5.0,1.0,A01,1,1,1,1,9.0,1924,2005,9,2.0,2,1.0,1.0,0,0,1.0,1.0
200900018423,1,16,1,2,2,1.0,5.0,22,940,0,0,7,1.0,1.0,B01,1,1,1,2,5.0,1972,2009,2,3.0,4,1.0,1.0,20,94,1.0,1.0
200700072780,11,2,5,2,1,1.0,3.0,108,750,0,0,7,4.0,23.0,B01,1,1,1,1,5.0,1970,2007,4,1.0,3,2.0,1.0,0,92,1.0,1.0
201800008847,4,12,1,2,1,1.0,4.0,55,130,0,0,15,1.0,13.0,A01,1,1,1,1,0.0,1980,2018,4,2.0,2,2.0,2.0,0,0,2.0,3.0
201600056081,12,4,1,2,7,1.0,2.0,119,750,0,0,7,4.0,23.0,A01,1,1,1,1,0.0,1941,2016,4,1.0,1,1.0,2.0,0,0,1.0,1.0
200700003710,1,3,1,2,2,1.0,3.0,102,640,0,0,30,1.0,1.0,B01,1,1,1,2,5.0,1991,2007,2,3.0,6,1.0,1.0,45,80,1.0,1.0
200500046546,7,27,3,1,1,1.0,3.0,551,780,0,0,7,1.0,1.0,B01,2,2,1,1,0.0,1984,2005,2,2.0,4,1.0,1.0,0,106,1.0,1.0
201500044495,2,3,1,1,1,1.0,3.0,294,770,0,0,15,2.0,12.0,B01,1,1,1,1,4.0,1990,2015,1,3.0,2,1.0,3.0,20,70,1.0,1.0
200800042968,8,11,1,2,2,1.0,6.0,108,750,0,0,7,3.0,2.0,A01,1,1,1,2,5.0,1983,2008,4,1.0,1,1.0,0.0,60,45,1.0,1.0
200900065989,9,27,5,2,1,1.0,3.0,54,940,0,0,7,2.0,0.0,A01,1,1,1,1,9.0,1975,2009,4,2.0,2,1.0,1.0,60,60,1.0,1.0
201400042569,9,21,5,2,2,2.0,1.0,46,930,0,0,10,1.0,1.0,A01,1,1,1,1,5.0,1986,2014,2,3.0,2,1.0,1.0,0,0,2.0,1.0
201400040427,11,11,1,2,2,1.0,2.0,20,920,0,0,10,1.0,1.0,A01,1,1,1,1,4.0,1995,2014,4,0.0,0,0.0,0.0,0,70,0.0,1.0
201200020500,1,29,5,2,2,1.0,3.0,102,160,0,0,7,7.0,1.0,B01,2,2,1,1,5.0,1973,2012,3,2.0,2,2.0,1.0,0,66,1.0,1.0
200700045612,7,24,1,1,1,1.0,7.0,19,130,0,0,7,1.0,0.0,A01,1,1,1,2,9.0,1960,2007,1,3.0,3,1.0,1.0,0,130,1.0,1.0
201900006871,6,14,1,1,2,1.0,3.0,21127,21,0,0,7,5.0,19.0,A01,1,1,1,2,1.0,1972,2019,3,2.0,2,1.0,1.0,0,0,1.0,1.0
200900028962,3,6,1,2,1,1.0,3.0,1,130,0,0,17,2.0,16.0,A01,1,1,1,1,0.0,1981,2009,4,0.0,2,0.0,0.0,0,0,0.0,0.0
200700052278,8,14,1,2,1,2.0,3.0,118,750,0,0,33,6.0,0.0,A01,1,1,1,1,5.0,1979,2007,4,0.0,2,1.0,1.0,0,0,2.0,1.0
201500052073,12,11,5,2,1,8.0,6.0,109,750,0,0,7,3.0,1.0,A01,3,2,1,1,5.0,1981,2015,4,0.0,3,1.0,1.0,120,80,1.0,1.0
201100054461,6,21,1,1,1,1.0,2.0,48,920,0,0,32,8.0,3.0,A01,1,1,1,1,1.0,1953,2011,2,1.0,2,1.0,1.0,15,35,2.0,1.0
200500068463,10,5,1,1,1,1.0,5.0,186,770,0,0,7,8.0,13.0,A01,1,1,1,1,0.0,1982,2005,2,2.0,2,1.0,1.0,0,35,2.0,1.0
201500031465,6,29,1,2,2,1.0,2.0,284,640,0,0,7,1.0,1.0,B01,1,1,1,1,5.0,1996,2015,4,4.0,3,1.0,1.0,0,110,1.0,1.0
200800023192,5,8,5,2,1,1.0,2.0,29,60,0,0,7,4.0,2.0,B01,1,1,1,1,5.0,1983,2008,4,2.0,2,1.0,1.0,15,80,1.0,1.0
200900072510,3,8,1,1,9,1.0,2.0,15,971,0,0,7,4.0,20.0,A01,1,1,1,2,5.0,1975,2009,2,2.0,1,1.0,1.0,0,70,1.0,1.0
200600049461,8,13,5,2,1,3.0,6.0,13,750,0,0,7,4.0,1.0,B01,2,2,1,2,0.0,1976,2006,4,3.0,3,1.0,1.0,15,90,2.0,1.0
201800039604,1,12,5,2,1,1.0,6.0,57,930,0,0,7,1.0,1.0,A01,1,1,1,1,5.0,1998,2018,2,1.0,1,1.0,1.0,0,0,1.0,1.0
201600021052,8,6,1,2,1,1.0,6.0,56,250,0,0,10,0.0,0.0,A01,2,2,1,1,0.0,1997,2016,4,0.0,2,1.0,2.0,0,0,1.0,0.0
201400037971,1,3,5,2,1,1.0,6.0,10,900,0,0,30,1.0,0.0,A01,1,1,1,1,4.0,1994,2014,4,0.0,0,0.0,0.0,0,0,0.0,1.0
200900049791,12,26,5,1,1,9.0,7.0,249,590,0,0,7,9.0,1.0,A01,1,1,1,1,5.0,1989,2009,3,2.0,2,1.0,1.0,0,66,7.0,0.0
201000047723,11,15,5,2,2,1.0,2.0,14,920,0,0,7,1.0,1.0,A01,1,1,1,1,5.0,1987,2010,3,1.0,3,2.0,1.0,0,0,1.0,1.0