num_acc,mois,jour,lum,agg,int,atm,col,com,dep,hr,mn,catv,choc,manv,num_veh,place,catu,grav,sexe,trajet,an_nais,annee,catr,circ,nbv,prof,plan,lartpc,larrout,surf,situ
200700067759,11,10,4,2,1,1.0,6.0,88,60,0,0,7,1.0,1.0,A01,2,2,1,2,0.0,1942,2007,4,2.0,2,1.0,1.0,10,150,1.0,1.0
201200005870,1,17,1,1,9,1.0,1.0,99,30,0,0,17,3.0,9.0,A01,1,1,1,1,4.0,1981,2012,3,2.0,2,2.0,3.0,0,76,1.0,1.0
201800018896,6,3,1,1,1,1.0,7.0,166,560,0,0,7,0.0,0.0,A01,1,1,1,2,5.0,1992,2018,3,2.0,2,2.0,1.0,0,0,2.0,3.0
201100010519,4,23,1,1,1,1.0,7.0,288,580,0,0,7,1.0,1.0,A01,1,1,1,2,4.0,1968,2011,3,2.0,2,3.0,2.0,0,70,1.0,3.0
201800055081,7,24,1,2,3,1.0,3.0,105,750,20,15,7,2.0,16.0,A01,1,1,1,1,1.0,1966,2018,4,1.0,4,1.0,1.0,0,0,1.0,1.0
201800019958,5,25,2,1,2,1.0,3.0,191,300,0,0,7,7.0,16.0,B01,1,1,1,1,1.0,1997,2018,2,2.0,2,1.0,1.0,0,0,1.0,1.0
200800041612,7,20,1,2,1,1.0,5.0,4,201,0,0,7,8.0,1.0,B01,1,1,1,2,1.0,1990,2008,3,2.0,2,1.0,1.0,0,101,1.0,1.0
200500034537,6,26,2,2,1,1.0,1.0,193,620,0,0,7,3.0,13.0,A01,1,1,1,1,5.0,1973,2005,2,2.0,2,1.0,3.0,0,70,1.0,1.0
201400040484,3,26,2,2,1,9.0,2.0,50,920,0,0,7,1.0,2.0,A01,1,1,1,1,0.0,1993,2014,3,2.0,2,1.0,1.0,0,54,1.0,1.0
201800044480,12,25,3,1,1,1.0,2.0,15,940,0,0,7,0.0,0.0,B01,3,2,1,1,0.0,1988,2018,1,3.0,4,1.0,1.0,0,0,1.0,1.0
201200055318,5,16,1,2,1,1.0,6.0,110,750,0,0,13,6.0,4.0,A01,1,1,1,1,4.0,1977,2012,4,1.0,1,1.0,0.0,20,40,1.0,1.0
201300028031,3,15,1,2,2,1.0,6.0,328,490,0,0,7,3.0,1.0,A01,0,3,1,2,5.0,1972,2013,4,2.0,3,1.0,1.0,0,65,1.0,1.0
200800069622,12,6,5,2,1,1.0,1.0,133,300,0,0,7,2.0,1.0,A01,1,1,1,2,5.0,1990,2008,4,0.0,0,1.0,1.0,0,60,1.0,1.0
201500048072,9,10,5,2,1,1.0,1.0,142,690,0,0,7,3.0,1.0,A01,2,2,1,1,0.0,1972,2015,4,2.0,3,1.0,1.0,0,147,1.0,1.0
200900010709,3,3,3,1,1,1.0,7.0,271,590,0,0,7,0.0,0.0,A01,1,1,1,2,0.0,1987,2009,1,1.0,1,0.0,3.0,50,35,1.0,3.0
200600002313,1,15,5,2,4,1.0,6.0,12,750,0,0,5,1.0,1.0,A01,1,1,1,1,5.0,1971,2006,4,2.0,2,1.0,1.0,0,60,1.0,1.0
200500034890,6,1,1,2,3,1.0,3.0,275,690,0,0,2,1.0,17.0,A01,1,1,1,1,1.0,1984,2005,3,2.0,2,2.0,1.0,0,60,1.0,1.0
201800032827,6,26,2,1,1,1.0,6.0,204,540,0,0,7,2.0,2.0,A01,1,1,1,1,5.0,1987,2018,3,2.0,2,1.0,1.0,0,0,1.0,1.0
201000008334,1,14,2,2,1,1.0,6.0,242,740,0,0,7,3.0,1.0,A01,1,1,1,1,1.0,1980,2010,3,2.0,2,1.0,1.0,0,73,2.0,1.0
200800055829,10,22,1,1,1,2.0,1.0,352,630,0,0,7,1.0,13.0,A01,4,2,1,1,0.0,2001,2008,3,2.0,0,0.0,2.0,0,0,2.0,1.0
200700073562,11,11,3,1,1,2.0,2.0,32,10,0,0,7,2.0,1.0,A01,4,2,1,2,0.0,1984,2007,3,2.0,2,1.0,1.0,0,71,2.0,1.0
200800020915,4,7,1,1,1,7.0,6.0,191,850,0,0,7,1.0,1.0,A01,1,1,1,1,1.0,1977,2008,4,1.0,2,1.0,2.0,0,60,1.0,1.0
200700044648,7,9,5,2,2,1.0,5.0,25,920,0,0,7,5.0,23.0,C01,1,1,1,2,0.0,1963,2007,2,3.0,4,1.0,1.0,10,280,1.0,1.0
200600020938,4,13,1,1,1,1.0,7.0,545,640,0,0,2,1.0,18.0,A01,2,2,1,1,0.0,1989,2006,3,2.0,2,2.0,2.0,0,70,1.0,1.0
201600013333,5,11,5,2,1,3.0,6.0,202,120,0,0,7,1.0,1.0,A01,1,1,1,1,4.0,1994,2016,4,2.0,2,1.0,1.0,0,104,2.0,1.0
200500066192,10,12,5,1,2,1.0,3.0,172,340,0,0,7,2.0,1.0,A01,1,1,1,2,0.0,1964,2005,4,2.0,2,1.0,1.0,0,110,1.0,1.0
200800050416,9,12,1,2,2,1.0,6.0,172,340,0,0,30,1.0,19.0,A01,0,2,1,1,0.0,1984,2008,4,2.0,3,1.0,1.0,0,90,1.0,1.0
200800022576,4,6,3,1,1,1.0,5.0,106,130,0,0,7,4.0,2.0,B01,1,1,1,1,4.0,1963,2008,1,1.0,4,1.0,1.0,20,140,1.0,1.0
201200011955,4,5,1,1,1,2.0,1.0,40,130,0,0,7,3.0,5.0,A01,1,1,1,1,9.0,1977,2012,3,2.0,0,1.0,4.0,0,80,2.0,1.0
200900042700,4,29,1,2,3,1.0,3.0,621,780,0,0,7,2.0,1.0,B01,1,1,1,1,5.0,1942,2009,3,2.0,0,1.0,1.0,0,0,1.0,1.0
200800038458,7,10,1,2,1,1.0,2.0,54,130,0,0,7,8.0,1.0,B01,1,1,1,1,0.0,1986,2008,4,2.0,2,1.0,1.0,0,60,1.0,1.0
201200054532,11,21,1,2,7,2.0,3.0,107,750,0,0,1,7.0,14.0,B01,1,1,1,2,3.0,1965,2012,4,2.0,3,1.0,0.0,0,210,2.0,0.0
200600072991,11,21,1,2,1,8.0,2.0,425,380,0,0,38,4.0,2.0,B02,7,2,1,1,0.0,1993,2006,3,2.0,2,1.0,1.0,0,0,2.0,1.0
200800024357,5,28,1,2,1,1.0,4.0,53,380,0,0,7,4.0,23.0,C01,1,1,1,2,0.0,1977,2008,3,2.0,2,2.0,1.0,0,80,1.0,1.0
201900002067,11,27,2,1,1,3.0,1.0,33394,33,0,0,7,1.0,1.0,B01,2,2,1,1,5.0,1970,2019,3,2.0,2,1.0,3.0,0,0,2.0,1.0
201800037315,10,4,5,2,1,2.0,5.0,4,920,0,0,7,4.0,1.0,B01,1,1,1,2,0.0,1976,2018,3,2.0,1,1.0,1.0,0,0,2.0,1.0
201700018173,7,20,2,1,1,1.0,7.0,180,490,0,0,7,9.0,17.0,A01,1,1,1,1,5.0,1997,2017,3,2.0,2,1.0,1.0,0,60,1.0,3.0
200800072492,12,18,1,2,2,1.0,6.0,121,820,0,0,7,4.0,4.0,A01,1,1,1,2,0.0,1974,2008,3,2.0,2,1.0,1.0,0,0,1.0,4.0
200900024094,8,1,1,2,1,1.0,3.0,8,660,0,0,7,3.0,15.0,B02,1,1,1,1,5.0,1980,2009,4,2.0,2,1.0,1.0,0,55,1.0,1.0
200800025872,5,18,1,1,1,2.0,2.0,421,910,0,0,7,1.0,9.0,A01,1,1,1,1,5.0,1987,2008,2,3.0,4,1.0,1.0,10,80,2.0,1.0
200500014531,3,19,3,2,9,1.0,3.0,55,130,0,0,7,8.0,5.0,B01,1,1,1,1,5.0,1972,2005,4,2.0,1,1.0,0.0,0,0,1.0,1.0
201400046921,1,17,4,1,1,1.0,2.0,580,950,0,0,7,1.0,1.0,A01,2,2,1,1,1.0,1980,2014,1,3.0,6,1.0,1.0,0,0,1.0,1.0
201600000567,3,29,1,1,9,8.0,2.0,446,600,0,0,7,1.0,3.0,A01,1,1,1,2,5.0,1961,2016,2,3.0,0,1.0,0.0,0,0,2.0,3.0
200500065695,10,3,2,2,1,2.0,1.0,56,250,0,0,7,3.0,1.0,B01,1,1,1,1,1.0,1981,2005,6,0.0,0,1.0,1.0,0,0,2.0,1.0
201000022795,1,23,2,2,1,1.0,6.0,55,130,0,0,7,1.0,1.0,A01,1,1,1,2,5.0,1958,2010,4,2.0,2,1.0,1.0,0,79,1.0,4.0
200500082728,12,17,1,2,1,7.0,4.0,1,750,0,0,4,2.0,17.0,A01,1,1,1,1,5.0,1977,2005,4,1.0,3,1.0,1.0,0,90,1.0,1.0
201200058909,10,11,5,2,4,2.0,6.0,119,750,0,0,7,1.0,1.0,A01,1,1,1,1,0.0,1984,2012,4,2.0,1,2.0,2.0,0,140,2.0,4.0
200700018138,3,16,1,2,1,1.0,1.0,383,690,0,0,7,4.0,4.0,A01,1,1,1,2,0.0,1986,2007,4,2.0,3,1.0,1.0,0,0,1.0,1.0
200500071653,11,8,1,1,1,1.0,4.0,171,390,0,0,7,6.0,1.0,C03,1,1,1,1,5.0,1980,2005,2,2.0,2,3.0,1.0,0,75,1.0,1.0
201500057092,4,29,4,2,1,1.0,6.0,307,973,0,0,7,9.0,1.0,A01,2,2,1,1,0.0,1997,2015,4,2.0,0,1.0,0.0,0,42,1.0,0.0
201000065026,10,8,5,2,1,1.0,2.0,117,750,0,0,7,3.0,1.0,B01,1,1,1,1,4.0,1976,2010,4,2.0,2,1.0,1.0,0,100,1.0,1.0
201000022690,12,19,1,2,1,1.0,3.0,55,130,0,0,7,2.0,1.0,B01,1,1,1,2,0.0,1989,2010,3,2.0,4,1.0,1.0,10,140,1.0,1.0
201500007988,6,16,1,1,1,1.0,1.0,107,830,0,0,7,1.0,13.0,A01,1,1,1,1,1.0,1988,2015,3,2.0,0,1.0,1.0,0,70,1.0,1.0
201700016624,6,24,2,2,9,7.0,6.0,233,290,0,0,7,1.0,1.0,A01,1,1,1,1,1.0,1958,2017,3,2.0,2,1.0,0.0,0,10,1.0,0.0
200700070706,11,11,1,2,3,2.0,2.0,521,910,0,0,7,4.0,2.0,B01,2,2,1,2,0.0,1986,2007,2,3.0,2,1.0,1.0,21,68,2.0,1.0
201700042129,12,15,1,2,3,2.0,3.0,29,930,0,0,7,3.0,9.0,A01,1,1,1,1,5.0,1988,2017,4,2.0,2,1.0,1.0,0,0,2.0,1.0
200800025431,5,17,1,2,1,1.0,2.0,319,760,0,0,7,0.0,23.0,B01,2,2,1,1,0.0,1995,2008,4,2.0,2,1.0,1.0,0,65,1.0,1.0
201700057281,5,2,1,2,1,1.0,3.0,119,750,0,0,1,8.0,1.0,B01,1,1,1,1,5.0,1995,2017,4,2.0,3,2.0,1.0,0,0,1.0,5.0
200500020418,4,9,1,2,2,1.0,3.0,445,640,0,0,7,8.0,1.0,B01,3,2,1,1,0.0,1997,2005,4,2.0,2,1.0,1.0,0,49,1.0,1.0
201300048064,10,19,5,2,1,1.0,1.0,33,202,0,0,7,1.0,15.0,A01,2,2,1,2,9.0,1999,2013,4,2.0,2,1.0,1.0,0,62,1.0,1.0
200500011993,2,7,1,1,1,1.0,6.0,503,310,0,0,14,2.0,1.0,A01,1,1,1,1,4.0,1970,2005,1,1.0,1,1.0,2.0,0,71,1.0,3.0
201800014929,7,7,1,1,1,1.0,1.0,470,380,0,0,7,1.0,1.0,B01,1,1,1,2,5.0,1966,2018,2,2.0,2,2.0,1.0,0,0,1.0,1.0
201400008304,5,20,1,2,1,1.0,5.0,54,840,0,0,1,8.0,1.0,B02,1,1,1,1,5.0,1947,2014,3,2.0,2,1.0,1.0,0,84,1.0,1.0
200700065530,10,3,1,2,1,1.0,3.0,62,920,0,0,34,1.0,18.0,B01,1,1,1,1,4.0,1974,2007,4,1.0,1,1.0,1.0,0,500,1.0,1.0
201600005834,11,16,1,1,1,1.0,1.0,43,30,0,0,7,3.0,13.0,A01,1,1,1,2,5.0,1961,2016,3,2.0,2,1.0,1.0,0,42,2.0,1.0
201400013712,11,23,1,2,9,1.0,2.0,5,130,0,0,7,4.0,2.0,B01,2,2,1,2,9.0,1982,2014,3,2.0,2,1.0,1.0,0,0,1.0,1.0
201600035372,8,18,1,1,1,1.0,2.0,137,830,0,0,7,4.0,2.0,B01,1,1,1,2,5.0,1986,2016,4,1.0,2,1.0,1.0,0,70,1.0,1.0
201200043617,11,18,5,2,1,1.0,4.0,75,920,0,0,7,1.0,1.0,A01,1,1,1,1,3.0,1962,2012,3,2.0,4,1.0,1.0,0,0,1.0,1.0
200500025271,5,7,1,1,1,1.0,6.0,267,400,0,0,7,1.0,17.0,A01,3,2,1,1,0.0,1985,2005,3,2.0,0,1.0,1.0,0,80,1.0,0.0
201000006163,10,18,1,2,1,1.0,1.0,47,90,0,0,7,3.0,1.0,A01,1,1,1,1,5.0,1987,2010,3,2.0,2,0.0,2.0,0,0,1.0,1.0
200700079147,12,23,1,2,1,1.0,3.0,21,800,0,0,7,7.0,1.0,B01,1,1,1,1,5.0,1987,2007,4,2.0,2,1.0,1.0,0,60,1.0,1.0
200900070574,11,7,2,1,1,2.0,6.0,471,910,0,0,7,1.0,1.0,A01,3,2,1,1,9.0,2008,2009,2,3.0,6,4.0,2.0,15,210,2.0,1.0
200700024212,4,27,1,2,1,1.0,6.0,1,930,0,0,3,1.0,7.0,A01,0,3,1,2,0.0,1966,2007,2,2.0,4,1.0,0.0,0,80,1.0,1.0
201300027505,4,24,1,2,3,1.0,3.0,147,450,0,0,33,1.0,21.0,A01,1,1,1,1,9.0,1991,2013,3,2.0,2,1.0,1.0,0,82,1.0,1.0
201200026266,9,30,5,2,3,1.0,3.0,172,340,0,0,7,2.0,1.0,B01,1,1,1,1,0.0,1990,2012,4,1.0,1,1.0,1.0,0,45,1.0,1.0
201900001876,10,23,5,2,1,1.0,7.0,94076,94,0,0,7,1.0,1.0,A01,1,1,1,2,5.0,1984,2019,3,1.0,1,1.0,1.0,0,0,1.0,1.0
201600037890,12,16,5,2,1,1.0,5.0,24,920,0,0,7,4.0,2.0,C01,1,1,1,2,0.0,1985,2016,3,2.0,2,1.0,1.0,0,0,1.0,1.0
200600077363,12,9,1,2,1,1.0,6.0,186,620,0,0,7,2.0,1.0,B01,1,1,1,1,5.0,1985,2006,4,2.0,2,1.0,0.0,121,75,1.0,0.0
201500014344,2,16,1,2,1,1.0,6.0,55,130,0,0,7,1.0,1.0,B01,3,2,1,2,5.0,1993,2015,4,2.0,2,2.0,1.0,0,60,1.0,1.0
200600016890,3,26,1,1,1,1.0,2.0,213,370,0,0,17,1.0,2.0,B01,1,1,1,1,4.0,0,2006,1,1.0,2,1.0,1.0,0,0,1.0,1.0
200800003418,1,30,1,2,1,2.0,3.0,25,920,0,0,7,3.0,15.0,B01,1,1,1,2,4.0,1949,2008,3,2.0,2,1.0,1.0,0,100,2.0,1.0
200700017471,3,19,1,2,1,8.0,6.0,53,930,0,0,7,8.0,15.0,A01,1,1,1,2,9.0,1960,2007,4,1.0,1,1.0,1.0,0,35,1.0,1.0
200800025269,5,29,1,2,2,1.0,3.0,256,680,0,0,2,1.0,1.0,A01,2,2,1,1,0.0,1993,2008,4,2.0,2,1.0,0.0,0,80,1.0,1.0
201000056509,2,14,3,1,1,8.0,6.0,90,780,0,0,7,1.0,1.0,A01,2,2,1,2,0.0,1982,2010,1,3.0,6,1.0,1.0,15,210,2.0,1.0
201700058673,11,11,1,2,1,1.0,1.0,121,971,0,0,7,3.0,15.0,A01,1,1,1,1,3.0,1968,2017,2,2.0,2,2.0,1.0,0,70,1.0,1.0
201600009076,6,4,1,1,1,1.0,2.0,182,300,0,0,7,1.0,2.0,A01,1,1,1,1,5.0,1994,2016,3,2.0,1,4.0,4.0,0,0,2.0,1.0
200600043439,7,23,1,1,1,1.0,1.0,80,740,0,0,33,7.0,21.0,A01,1,1,1,1,5.0,1948,2006,4,2.0,2,1.0,3.0,0,67,1.0,1.0
201300034912,11,8,1,2,1,2.0,2.0,575,760,0,0,7,1.0,1.0,A01,1,1,1,2,1.0,1990,2013,3,2.0,2,4.0,1.0,0,70,2.0,1.0
200500074454,11,26,3,1,1,4.0,1.0,65,620,0,0,7,1.0,13.0,A01,4,2,1,2,0.0,1966,2005,2,2.0,3,1.0,1.0,0,140,5.0,1.0
201900052495,3,28,5,2,1,1.0,6.0,93031,93,0,0,30,1.0,1.0,Z01,10,3,1,1,5.0,1996,2019,4,2.0,2,2.0,1.0,0,0,1.0,1.0
200800021648,4,1,1,2,1,1.0,3.0,116,750,0,0,34,7.0,1.0,B01,1,1,1,1,5.0,1971,2008,4,2.0,2,1.0,1.0,0,0,1.0,1.0
200800021672,4,2,1,2,1,1.0,4.0,113,750,0,0,32,5.0,1.0,B01,2,2,1,2,0.0,1985,2008,4,2.0,4,1.0,1.0,0,145,1.0,1.0
201500028810,2,20,1,2,1,1.0,6.0,395,540,0,0,2,1.0,1.0,A01,1,1,1,1,0.0,1993,2015,4,1.0,2,1.0,1.0,0,0,1.0,1.0
201800023814,2,21,5,2,1,1.0,6.0,191,740,0,0,10,7.0,1.0,A01,1,1,1,1,5.0,1976,2018,4,2.0,2,1.0,1.0,0,0,1.0,1.0
200500010988,2,10,1,2,1,2.0,6.0,153,190,0,0,7,2.0,14.0,A01,1,1,1,2,3.0,1958,2005,3,2.0,0,1.0,3.0,0,52,2.0,4.0
201700012485,2,25,1,2,3,1.0,6.0,284,270,0,0,7,3.0,15.0,B01,1,1,1,2,5.0,1963,2017,4,0.0,0,0.0,0.0,0,0,0.0,0.0
201300036221,11,20,5,2,1,1.0,3.0,121,820,0,0,7,2.0,15.0,A01,1,1,1,1,9.0,1943,2013,4,2.0,2,1.0,1.0,0,0,1.0,1.0
201000065267,5,26,1,2,1,2.0,6.0,118,750,0,0,32,1.0,1.0,A01,1,1,1,1,1.0,1985,2010,4,0.0,2,1.0,1.0,30,60,2.0,1.0
201000066561,11,19,1,2,1,8.0,1.0,114,750,0,0,33,1.0,1.0,A01,1,1,1,1,1.0,1982,2010,4,2.0,5,4.0,1.0,0,138,1.0,1.0
200500012132,3,16,1,2,1,1.0,6.0,570,800,0,0,7,3.0,1.0,A01,1,1,1,1,4.0,1962,2005,3,2.0,0,0.0,2.0,0,84,1.0,1.0
201300036289,8,16,1,1,1,1.0,1.0,61,830,0,0,7,1.0,1.0,A01,1,1,1,1,5.0,1995,2013,3,2.0,2,2.0,3.0,0,0,1.0,1.0
201600053422,4,25,1,2,1,1.0,4.0,112,750,0,0,7,4.0,2.0,C01,1,1,1,1,1.0,1993,2016,4,1.0,4,1.0,1.0,0,140,1.0,1.0
200700037353,6,10,2,2,2,1.0,2.0,23,920,0,0,7,4.0,23.0,B01,1,1,1,1,5.0,1978,2007,3,2.0,2,1.0,1.0,0,80,1.0,1.0
201500053874,10,31,5,2,2,1.0,3.0,115,750,0,0,7,2.0,15.0,A01,1,1,1,2,5.0,1978,2015,4,2.0,2,0.0,0.0,0,0,0.0,1.0
201900052546,7,11,5,2,3,1.0,3.0,31149,31,0,0,2,1.0,1.0,A01,1,1,1,1,5.0,2002,2019,4,2.0,2,1.0,1.0,0,0,1.0,1.0
201900055435,10,25,3,2,1,1.0,2.0,71040,71,0,0,7,1.0,1.0,A01,1,1,1,2,5.0,1995,2019,2,2.0,2,1.0,1.0,0,0,1.0,1.0
200900011314,4,5,1,2,2,1.0,3.0,387,100,0,0,7,2.0,2.0,B01,1,1,1,1,0.0,1988,2009,4,2.0,1,1.0,1.0,0,0,1.0,1.0
201200030549,1,7,2,2,1,3.0,2.0,395,540,0,0,7,3.0,2.0,A01,2,2,1,2,0.0,1984,2012,4,1.0,4,1.0,1.0,0,0,2.0,1.0
201500054978,7,24,1,2,2,1.0,3.0,118,750,0,0,7,3.0,15.0,A01,1,1,1,1,5.0,1995,2015,4,2.0,2,1.0,1.0,0,40,1.0,1.0
200700062618,10,2,1,2,2,1.0,3.0,300,170,0,0,7,1.0,15.0,A01,1,1,1,2,5.0,1949,2007,4,2.0,3,1.0,1.0,0,80,1.0,1.0
201200012399,1,26,2,1,1,1.0,5.0,156,370,0,0,10,1.0,1.0,C03,1,1,1,2,1.0,1957,2012,3,2.0,2,1.0,1.0,0,63,1.0,1.0
201000059444,10,7,1,1,1,1.0,4.0,266,690,0,0,7,4.0,2.0,C01,1,1,1,2,5.0,1986,2010,3,1.0,3,1.0,1.0,15,30,1.0,1.0
201700029858,6,6,1,1,3,8.0,3.0,502,500,0,0,7,5.0,15.0,A01,1,1,1,1,5.0,1981,2017,3,0.0,2,2.0,1.0,0,50,1.0,1.0
201100064122,7,11,1,2,1,1.0,6.0,111,750,0,0,10,7.0,1.0,A01,1,1,1,1,4.0,1991,2011,4,1.0,1,2.0,1.0,0,35,1.0,1.0
201800010591,12,18,1,2,6,8.0,3.0,327,140,0,0,31,0.0,0.0,B01,1,1,1,1,0.0,1997,2018,4,0.0,0,0.0,0.0,0,0,0.0,0.0
200700039294,2,12,5,2,3,1.0,6.0,646,780,0,0,7,0.0,1.0,A01,1,1,1,1,1.0,1953,2007,4,1.0,1,1.0,1.0,0,20,1.0,0.0
201800050348,12,19,1,2,3,1.0,6.0,101,750,13,0,31,1.0,5.0,Z01,0,3,1,1,4.0,1979,2018,4,1.0,1,1.0,1.0,0,0,1.0,1.0
200500069540,10,19,1,2,2,1.0,3.0,34,940,0,0,7,5.0,15.0,B01,1,1,1,2,0.0,1973,2005,4,3.0,4,2.0,1.0,0,0,1.0,1.0
200600075247,12,14,1,2,1,1.0,2.0,88,60,0,0,7,1.0,1.0,A01,1,1,1,1,9.0,1948,2006,4,2.0,2,1.0,1.0,0,500,1.0,1.0
201700015892,3,10,1,1,1,1.0,6.0,359,20,0,0,7,8.0,21.0,A01,1,1,1,2,0.0,1997,2017,3,3.0,4,1.0,1.0,0,60,1.0,3.0
201100029070,8,11,1,2,1,1.0,2.0,301,340,0,0,7,1.0,1.0,A01,1,1,1,1,9.0,1988,2011,3,2.0,2,1.0,1.0,0,75,1.0,1.0
201600040666,2,12,1,2,2,2.0,3.0,46,930,0,0,7,2.0,1.0,B01,1,1,1,1,4.0,1976,2016,3,2.0,2,1.0,1.0,0,0,2.0,1.0
201200031558,4,2,1,2,1,1.0,1.0,306,570,0,0,7,1.0,1.0,B01,1,1,1,2,5.0,1956,2012,3,2.0,2,1.0,1.0,0,72,1.0,1.0
201900054020,3,29,1,2,6,1.0,3.0,68155,68,0,0,33,7.0,16.0,A01,1,1,1,1,3.0,1963,2019,3,2.0,4,1.0,1.0,0,0,1.0,1.0
201500008245,7,13,1,1,4,1.0,3.0,154,340,0,0,38,2.0,0.0,A01,8,2,3,2,0.0,1951,2015,3,0.0,3,0.0,1.0,0,105,1.0,1.0
200700076709,12,6,1,2,1,1.0,3.0,4,130,0,0,1,0.0,1.0,A01,1,1,3,1,5.0,1993,2007,4,0.0,1,1.0,2.0,0,56,1.0,1.0
201000017520,10,28,3,1,1,1.0,5.0,329,510,0,0,7,1.0,21.0,C03,1,1,3,2,1.0,1970,2010,3,2.0,0,2.0,1.0,0,73,2.0,1.0
201400058269,11,12,1,2,1,1.0,2.0,6,971,0,0,30,1.0,2.0,B02,1,1,3,1,5.0,1994,2014,2,2.0,2,1.0,1.0,0,65,1.0,1.0
200900033024,9,25,1,1,1,1.0,1.0,73,710,0,0,7,1.0,13.0,A01,1,1,3,2,1.0,1975,2009,3,2.0,0,1.0,1.0,0,67,1.0,1.0
200700077975,12,22,5,2,1,1.0,6.0,109,440,0,0,7,0.0,20.0,A01,0,3,3,2,0.0,1977,2007,6,0.0,0,1.0,0.0,0,0,1.0,0.0
201500003758,8,14,1,2,1,2.0,5.0,208,120,0,0,7,1.0,1.0,B02,2,2,3,2,3.0,1954,2015,3,2.0,2,1.0,1.0,0,74,2.0,1.0
200600008344,2,4,1,2,1,1.0,3.0,172,340,0,0,4,1.0,1.0,A01,1,1,3,1,0.0,1991,2006,4,3.0,0,1.0,1.0,0,0,1.0,4.0
201500018516,12,4,1,1,2,1.0,3.0,218,800,0,0,7,8.0,1.0,A01,1,1,3,2,3.0,1930,2015,3,2.0,2,1.0,1.0,0,77,1.0,1.0
200800076737,9,15,1,2,1,1.0,6.0,411,974,0,0,7,1.0,1.0,A01,0,3,3,1,0.0,1962,2008,4,1.0,1,1.0,1.0,0,30,1.0,1.0
201200012506,8,13,1,2,1,1.0,6.0,105,80,0,0,1,1.0,1.0,A01,0,3,3,2,5.0,1954,2012,4,0.0,1,1.0,1.0,0,0,1.0,4.0
201100000615,12,26,1,1,1,8.0,1.0,116,800,0,0,7,3.0,1.0,B02,1,1,3,2,1.0,1962,2011,3,2.0,0,1.0,1.0,0,78,1.0,1.0
201000009734,6,22,3,1,1,1.0,7.0,400,880,0,0,7,8.0,19.0,A01,1,1,3,2,5.0,1960,2010,3,2.0,2,1.0,2.0,0,75,1.0,3.0
200800042715,1,5,5,2,1,1.0,1.0,2,920,0,0,7,1.0,1.0,A01,1,1,3,1,0.0,1952,2008,2,2.0,4,1.0,1.0,0,120,2.0,1.0
201100009186,2,8,3,1,1,1.0,5.0,581,540,0,0,7,3.0,1.0,B02,1,1,3,2,5.0,1966,2011,3,2.0,2,1.0,3.0,74,0,2.0,1.0
200700028200,5,10,1,2,2,1.0,3.0,281,330,0,0,7,1.0,15.0,A01,2,2,3,2,0.0,1936,2007,4,2.0,2,1.0,1.0,0,139,1.0,1.0
201800017816,3,22,1,2,1,1.0,6.0,114,330,0,0,7,7.0,1.0,A01,2,2,3,1,5.0,1996,2018,4,2.0,2,1.0,1.0,0,0,1.0,3.0
201600007717,2,25,1,1,2,1.0,3.0,68,390,0,0,7,8.0,19.0,A01,3,2,3,2,0.0,2003,2016,3,2.0,2,0.0,1.0,0,72,1.0,1.0
200800075546,5,31,3,1,1,1.0,6.0,410,974,0,0,31,1.0,1.0,A01,0,3,3,1,0.0,1952,2008,3,2.0,0,2.0,1.0,0,0,2.0,1.0
200800012309,3,28,5,2,1,1.0,6.0,63,330,0,0,30,2.0,1.0,A01,1,1,3,1,0.0,1985,2008,4,1.0,1,1.0,1.0,0,75,1.0,1.0
201400018080,11,4,1,1,1,3.0,5.0,261,380,0,0,7,1.0,1.0,C03,2,2,3,1,0.0,1948,2014,3,2.0,2,1.0,1.0,0,0,2.0,1.0
200700003853,1,13,1,2,1,1.0,6.0,224,680,0,0,7,2.0,1.0,A01,0,3,3,1,3.0,2001,2007,6,0.0,0,1.0,1.0,0,60,1.0,0.0
201300042419,9,20,1,2,1,1.0,3.0,66,930,0,0,30,2.0,1.0,B01,1,1,3,1,1.0,1985,2013,4,2.0,4,1.0,1.0,0,80,1.0,1.0
201000014640,12,18,1,1,1,8.0,1.0,150,180,0,0,7,1.0,13.0,A01,3,2,3,2,0.0,2003,2010,3,2.0,2,4.0,2.0,0,70,2.0,1.0
201500021399,6,24,1,1,1,1.0,7.0,68,290,0,0,33,7.0,1.0,A01,1,1,3,1,5.0,1957,2015,2,3.0,2,2.0,1.0,100,70,1.0,1.0
201200029260,3,3,5,1,4,1.0,6.0,285,450,0,0,7,8.0,14.0,A01,2,2,3,2,0.0,1990,2012,4,1.0,1,2.0,3.0,0,45,1.0,1.0
200900008186,4,30,5,2,2,1.0,3.0,85,280,0,0,30,8.0,1.0,B01,2,2,3,1,0.0,1991,2009,3,2.0,2,1.0,1.0,0,70,1.0,1.0
201700041653,2,22,1,2,1,1.0,2.0,8,930,0,0,3,4.0,0.0,B01,1,1,3,2,0.0,1965,2017,3,3.0,2,1.0,1.0,0,0,1.0,1.0
200800050560,9,13,3,1,1,3.0,1.0,198,390,0,0,33,1.0,1.0,B01,1,1,3,1,5.0,1965,2008,3,2.0,2,1.0,1.0,0,0,2.0,1.0