num_acc,mois,jour,lum,agg,int,atm,col,com,dep,hr,mn,catv,choc,manv,num_veh,place,catu,grav,sexe,trajet,an_nais,annee,catr,circ,nbv,prof,plan,lartpc,larrout,surf,situ
201500025875,2,16,1,2,1,1.0,6.0,185,380,0,0,7,2.0,1.0,A01,0,3,3,2,0.0,1942,2015,3,3.0,4,1.0,1.0,100,140,1.0,1.0
201600000631,9,24,1,1,1,1.0,1.0,408,760,0,0,7,3.0,13.0,A01,1,1,3,1,0.0,1968,2016,3,2.0,2,1.0,1.0,0,0,1.0,1.0
201700033637,7,16,1,2,1,1.0,7.0,136,660,0,0,33,0.0,1.0,A01,1,1,3,1,5.0,1994,2017,4,2.0,0,1.0,1.0,0,80,1.0,1.0
201000043764,4,9,1,2,1,1.0,3.0,361,780,0,0,33,1.0,1.0,B01,1,1,3,2,3.0,1971,2010,4,2.0,4,2.0,1.0,0,0,1.0,1.0
200500064521,10,1,1,1,1,3.0,6.0,217,740,0,0,7,8.0,1.0,A01,1,1,3,1,5.0,1949,2005,1,3.0,3,4.0,3.0,30,123,2.0,1.0
201300015775,10,23,1,2,1,1.0,2.0,55,130,0,0,7,6.0,0.0,B01,1,1,3,1,0.0,1958,2013,4,2.0,0,1.0,0.0,0,30,1.0,1.0
201400000539,3,26,1,1,6,1.0,1.0,503,760,0,0,7,3.0,6.0,A01,1,1,3,1,1.0,1993,2014,3,2.0,2,0.0,0.0,0,0,0.0,0.0
201900002163,12,24,1,2,2,1.0,5.0,83137,83,0,0,32,1.0,1.0,B01,1,1,3,1,0.0,1988,2019,4,2.0,3,2.0,1.0,0,0,1.0,1.0
200700039623,7,11,1,1,1,1.0,3.0,126,610,0,0,2,8.0,1.0,A01,2,2,3,2,0.0,1989,2007,3,2.0,2,1.0,0.0,0,44,1.0,1.0
201200016269,9,14,1,2,9,1.0,2.0,55,130,0,0,32,4.0,2.0,B01,1,1,3,2,4.0,1986,2012,4,1.0,1,1.0,1.0,0,0,1.0,5.0
201200021909,1,26,5,2,2,1.0,3.0,278,220,0,0,30,7.0,1.0,B01,1,1,3,1,0.0,1987,2012,4,2.0,2,2.0,1.0,0,70,1.0,1.0
201300001842,3,20,1,2,6,1.0,2.0,47,440,0,0,30,1.0,1.0,A01,1,1,3,1,2.0,1998,2013,4,2.0,2,0.0,1.0,70,0,1.0,1.0
201000002596,5,31,1,1,4,8.0,7.0,54,940,0,0,32,7.0,1.0,A01,1,1,3,1,1.0,1973,2010,9,1.0,1,2.0,1.0,0,51,1.0,1.0
200600079653,12,17,1,2,2,1.0,3.0,476,950,0,0,32,1.0,1.0,B01,1,1,3,1,5.0,1987,2006,4,2.0,2,1.0,1.0,0,70,1.0,1.0
201400047177,5,6,1,1,1,1.0,6.0,277,950,0,0,7,1.0,1.0,A01,1,1,3,2,1.0,1963,2014,1,1.0,1,2.0,3.0,0,0,2.0,1.0
201700017061,5,16,1,1,1,1.0,5.0,440,250,0,0,7,3.0,1.0,B01,1,1,3,1,0.0,1985,2017,2,2.0,2,1.0,3.0,0,76,1.0,1.0
200600071984,11,16,5,2,1,1.0,2.0,4,10,0,0,30,1.0,2.0,A01,1,1,3,1,5.0,1985,2006,9,2.0,2,1.0,1.0,0,70,1.0,1.0
201200059654,9,7,5,2,7,1.0,6.0,116,750,0,0,7,2.0,1.0,A01,1,1,3,1,5.0,1986,2012,4,1.0,8,1.0,2.0,0,375,1.0,1.0
201600023553,3,1,1,1,1,1.0,6.0,188,740,0,0,7,1.0,1.0,A01,1,1,3,2,1.0,1993,2016,3,2.0,2,3.0,2.0,0,0,5.0,1.0
201700025208,9,24,1,1,1,1.0,6.0,5,680,0,0,30,7.0,1.0,A01,1,1,3,1,1.0,2002,2017,3,2.0,2,2.0,2.0,0,60,1.0,1.0
201200054752,6,29,5,2,1,1.0,6.0,108,750,0,0,7,0.0,0.0,Z01,0,3,3,2,5.0,1989,2012,4,1.0,5,1.0,0.0,0,0,1.0,1.0
201500009611,6,19,1,1,2,1.0,3.0,142,360,0,0,3,6.0,19.0,A01,1,1,3,1,5.0,1928,2015,3,2.0,2,1.0,1.0,0,48,1.0,1.0
201500046958,2,17,4,1,1,1.0,6.0,521,910,0,0,15,8.0,13.0,A01,1,1,3,1,4.0,1949,2015,2,3.0,6,1.0,3.0,15,105,1.0,1.0
201800024555,3,23,1,1,1,7.0,6.0,108,340,0,0,7,3.0,13.0,A01,1,1,3,2,1.0,1992,2018,3,2.0,2,1.0,1.0,0,35,1.0,1.0
200900024044,8,27,1,1,1,8.0,3.0,20,202,0,0,7,3.0,1.0,A01,1,1,3,2,5.0,1954,2009,3,2.0,0,2.0,4.0,0,52,2.0,1.0
201000067658,10,4,1,1,1,1.0,1.0,1,973,0,0,10,9.0,21.0,A01,2,2,3,1,0.0,1955,2010,2,2.0,0,1.0,3.0,0,80,9.0,1.0
201600019372,7,17,1,1,1,1.0,1.0,205,560,0,0,10,3.0,1.0,B02,3,2,3,1,0.0,1949,2016,3,2.0,2,0.0,1.0,0,64,1.0,1.0
201800000827,5,25,1,2,1,7.0,3.0,53,10,0,0,1,1.0,1.0,B01,1,1,3,1,1.0,1969,2018,4,1.0,1,2.0,1.0,0,0,1.0,3.0
200800064493,11,4,5,2,1,1.0,1.0,47,410,0,0,7,1.0,1.0,B01,1,1,3,2,5.0,1977,2008,2,3.0,2,2.0,1.0,0,0,1.0,0.0
201800034466,1,31,2,2,1,1.0,6.0,249,770,0,0,7,1.0,1.0,A01,0,3,3,2,2.0,2002,2018,4,2.0,2,1.0,1.0,0,60,2.0,1.0
200800018448,4,25,3,2,1,1.0,6.0,88,600,0,0,7,2.0,1.0,A01,1,1,3,1,5.0,1984,2008,3,2.0,1,1.0,3.0,0,60,1.0,3.0
201000011755,4,8,1,2,2,1.0,1.0,15,130,0,0,33,8.0,1.0,A01,1,1,3,1,5.0,1980,2010,3,2.0,0,1.0,1.0,0,52,1.0,1.0
201100029802,6,10,1,2,1,1.0,6.0,261,370,0,0,7,0.0,0.0,B01,1,1,3,1,3.0,1987,2011,4,0.0,0,0.0,0.0,0,0,0.0,1.0
200600073677,12,9,1,1,1,1.0,1.0,60,470,0,0,7,2.0,1.0,B02,3,2,3,2,0.0,2003,2006,3,2.0,2,1.0,1.0,0,56,2.0,1.0
200600074485,12,13,3,1,6,1.0,3.0,99,830,0,0,30,1.0,11.0,B02,1,1,3,1,0.0,1986,2006,2,2.0,0,0.0,0.0,0,0,1.0,1.0
201200058542,8,20,1,2,4,1.0,6.0,118,750,0,0,13,1.0,1.0,A01,0,3,3,1,9.0,1955,2012,4,2.0,0,1.0,1.0,0,200,1.0,1.0
201300009041,6,18,2,1,1,1.0,6.0,381,780,0,0,33,1.0,1.0,A01,1,1,3,1,4.0,1971,2013,9,0.0,0,1.0,2.0,0,0,9.0,3.0
201000049186,2,28,1,2,1,1.0,2.0,51,920,0,0,7,4.0,23.0,B01,2,2,3,2,1.0,1954,2010,3,2.0,0,1.0,1.0,0,0,0.0,1.0
201000005787,11,17,1,1,1,1.0,6.0,41,190,0,0,31,9.0,1.0,A01,1,1,3,1,2.0,1994,2010,3,2.0,2,1.0,2.0,0,60,1.0,1.0
201100004995,7,3,1,1,6,1.0,2.0,281,860,0,0,31,4.0,1.0,A01,1,1,3,1,1.0,1954,2011,3,2.0,2,1.0,2.0,0,50,1.0,1.0
200700031988,6,14,5,2,1,2.0,6.0,520,590,0,0,7,1.0,1.0,A01,3,2,3,2,0.0,1978,2007,3,2.0,2,1.0,3.0,0,60,2.0,3.0
201600020729,10,20,1,2,2,1.0,3.0,54,210,0,0,30,3.0,1.0,A01,1,1,3,1,5.0,1998,2016,4,2.0,2,1.0,1.0,0,0,1.0,1.0
201600021578,4,18,2,1,1,1.0,6.0,140,870,0,0,7,1.0,2.0,A01,1,1,3,1,1.0,1977,2016,2,3.0,4,1.0,1.0,10,72,1.0,1.0
200600081464,5,2,1,2,1,1.0,3.0,311,973,0,0,30,1.0,1.0,B02,1,1,3,2,1.0,1969,2006,4,0.0,2,0.0,0.0,0,0,0.0,0.0
201400009590,9,1,1,1,3,1.0,3.0,161,450,0,0,33,1.0,1.0,A01,1,1,3,1,1.0,1978,2014,3,2.0,2,1.0,1.0,0,70,1.0,1.0
200500071445,11,20,3,1,1,1.0,3.0,427,670,0,0,2,1.0,1.0,B02,1,1,3,1,5.0,1987,2005,3,2.0,2,1.0,3.0,0,96,1.0,1.0
201700052117,2,28,3,1,1,8.0,6.0,85,130,0,0,7,2.0,14.0,A01,1,1,3,2,5.0,1995,2017,1,3.0,3,2.0,4.0,20,105,2.0,1.0
200600015357,3,10,2,1,1,1.0,3.0,70,130,0,0,7,3.0,21.0,B01,1,1,3,1,1.0,1954,2006,1,3.0,3,1.0,1.0,0,130,1.0,1.0
201800006048,8,10,1,1,1,1.0,7.0,280,620,0,0,33,0.0,1.0,A01,1,1,3,1,5.0,1982,2018,1,3.0,4,1.0,1.0,0,0,1.0,1.0
200700026517,5,26,1,1,1,1.0,1.0,143,830,0,0,10,7.0,1.0,A01,1,1,3,1,4.0,1979,2007,3,2.0,2,2.0,1.0,0,57,1.0,1.0
201500018975,5,19,2,1,1,8.0,6.0,169,190,0,0,7,1.0,1.0,A01,2,2,3,2,0.0,1998,2015,3,2.0,0,2.0,3.0,0,70,2.0,3.0
200500055597,9,5,1,2,1,1.0,2.0,86,830,0,0,7,1.0,2.0,A01,1,1,3,1,3.0,1957,2005,2,2.0,2,1.0,1.0,0,80,1.0,3.0
200600017897,4,9,2,2,1,1.0,1.0,22,420,0,0,7,1.0,1.0,B02,1,1,3,1,5.0,1984,2006,3,2.0,2,1.0,3.0,0,60,1.0,1.0
200600046400,8,25,1,1,1,1.0,3.0,3,840,0,0,33,1.0,1.0,B02,1,1,3,2,1.0,1977,2006,3,2.0,2,1.0,1.0,0,160,1.0,1.0
201100043070,7,22,1,1,1,1.0,2.0,61,830,0,0,30,4.0,24.0,B01,1,1,3,2,5.0,1996,2011,4,2.0,1,2.0,2.0,0,64,1.0,3.0
200700002451,1,26,1,2,1,1.0,3.0,362,260,0,0,2,7.0,17.0,A01,2,2,3,2,0.0,1990,2007,4,2.0,2,1.0,1.0,0,60,1.0,1.0
200800016884,3,5,5,2,1,1.0,6.0,96,570,0,0,7,2.0,1.0,A01,0,3,3,1,5.0,2001,2008,3,2.0,2,1.0,1.0,0,60,1.0,1.0
200900056865,12,25,3,1,1,1.0,6.0,36,160,0,0,7,1.0,5.0,A01,1,1,3,1,5.0,1979,2009,3,2.0,2,1.0,1.0,0,61,2.0,3.0
201800002046,7,22,1,1,1,1.0,4.0,161,70,0,0,33,1.0,2.0,C01,1,1,3,2,5.0,1966,2018,3,2.0,2,1.0,1.0,0,0,1.0,1.0
200900016735,5,24,5,2,1,1.0,7.0,125,570,0,0,7,1.0,1.0,A01,2,2,3,1,0.0,1986,2009,3,2.0,2,1.0,2.0,0,65,1.0,3.0
201300036210,10,5,1,1,1,1.0,1.0,121,820,0,0,7,3.0,1.0,B01,2,2,3,2,5.0,2002,2013,4,2.0,2,3.0,4.0,0,0,0.0,1.0
200500044193,7,2,1,2,1,1.0,1.0,557,240,0,0,2,1.0,1.0,A01,1,1,3,1,9.0,1988,2005,2,2.0,2,1.0,1.0,0,68,1.0,1.0
200900020618,9,12,1,2,5,1.0,6.0,117,750,0,0,33,2.0,1.0,A01,1,1,3,1,1.0,1974,2009,4,1.0,4,1.0,2.0,0,0,1.0,1.0
200500040221,6,14,5,2,1,1.0,3.0,377,760,0,0,5,1.0,17.0,A01,1,1,3,1,5.0,1985,2005,3,2.0,2,1.0,1.0,0,71,1.0,1.0
200500001428,1,12,3,1,1,1.0,1.0,113,830,0,0,7,1.0,1.0,A01,1,1,3,1,3.0,1933,2005,3,2.0,0,2.0,1.0,0,45,1.0,1.0
201700019588,5,5,5,2,1,1.0,6.0,136,800,0,0,2,1.0,1.0,A01,1,1,3,1,5.0,1964,2017,3,2.0,2,1.0,1.0,0,60,1.0,1.0
200700065988,10,22,1,2,1,1.0,1.0,176,950,0,0,30,3.0,17.0,A01,1,1,3,1,1.0,1968,2007,3,2.0,2,1.0,1.0,0,90,1.0,1.0
201400027179,5,9,5,2,1,1.0,7.0,187,420,0,0,7,2.0,1.0,A01,1,1,3,1,4.0,1993,2014,4,3.0,2,1.0,1.0,61,70,1.0,1.0
200600005944,1,28,1,1,1,1.0,1.0,378,380,0,0,7,1.0,13.0,A01,1,1,3,1,5.0,1969,2006,3,2.0,2,1.0,1.0,0,60,5.0,1.0
201300003911,10,16,1,1,1,8.0,3.0,107,320,0,0,21,2.0,17.0,B02,1,1,3,1,4.0,1960,2013,3,2.0,2,2.0,1.0,0,70,1.0,1.0
201900005305,8,10,5,2,1,1.0,2.0,97103,971,0,0,2,4.0,1.0,B01,1,1,3,1,5.0,1974,2019,2,1.0,2,1.0,1.0,0,0,1.0,1.0
200500059403,9,20,1,2,1,1.0,6.0,136,660,0,0,7,2.0,16.0,A01,0,3,3,1,4.0,1949,2005,4,2.0,4,1.0,1.0,0,110,1.0,1.0
201100066652,7,20,5,2,1,1.0,6.0,11,974,0,0,30,1.0,0.0,A01,1,1,3,1,9.0,1978,2011,4,2.0,0,1.0,1.0,0,60,1.0,1.0
200600012280,3,3,1,2,1,1.0,6.0,3,340,0,0,99,0.0,0.0,A01,0,3,3,1,5.0,1920,2006,4,1.0,2,1.0,1.0,0,0,1.0,1.0
200900057633,10,30,1,2,1,1.0,2.0,41,130,0,0,7,5.0,15.0,A01,1,1,3,2,3.0,1976,2009,3,0.0,2,0.0,0.0,0,0,1.0,1.0
201100009903,12,14,1,2,1,3.0,6.0,63,680,0,0,7,3.0,1.0,A01,0,3,3,2,3.0,1947,2011,4,2.0,2,1.0,1.0,0,50,2.0,1.0
201800002195,2,1,2,1,1,1.0,1.0,405,380,0,0,7,1.0,1.0,B01,1,1,3,2,0.0,1954,2018,3,2.0,2,1.0,2.0,0,0,2.0,1.0
200700075486,12,20,5,1,1,1.0,1.0,115,540,0,0,30,1.0,1.0,B02,1,1,3,1,5.0,1990,2007,3,2.0,0,1.0,1.0,0,0,0.0,1.0
201400007158,2,14,3,2,1,9.0,7.0,102,890,0,0,7,3.0,1.0,A01,1,1,3,1,5.0,1954,2014,4,2.0,0,1.0,4.0,0,47,6.0,1.0
200500010421,2,20,2,1,9,8.0,3.0,29,690,0,0,7,1.0,17.0,A01,5,2,3,1,0.0,1999,2005,2,1.0,4,2.0,2.0,0,140,2.0,1.0
200800006256,2,21,1,1,1,1.0,6.0,310,470,0,0,7,1.0,1.0,A01,1,1,3,1,5.0,1939,2008,3,2.0,2,1.0,1.0,0,70,1.0,1.0
201500003041,11,9,3,1,1,5.0,1.0,178,860,0,0,7,1.0,5.0,A01,1,1,3,1,5.0,1953,2015,2,2.0,2,0.0,1.0,0,80,2.0,1.0
201900055768,7,13,3,1,1,1.0,7.0,98802,988,0,0,7,9.0,1.0,A01,1,1,3,1,5.0,1979,2019,2,2.0,2,2.0,3.0,0,0,1.0,3.0
201600007881,8,17,1,1,1,1.0,3.0,165,260,0,0,30,7.0,12.0,A01,1,1,3,2,3.0,1986,2016,2,2.0,3,1.0,1.0,0,105,1.0,1.0
201200022335,9,2,1,1,1,8.0,6.0,233,620,0,0,33,2.0,0.0,A01,1,1,3,1,5.0,1971,2012,3,2.0,0,3.0,4.0,0,61,1.0,3.0
200800033299,6,26,1,2,3,1.0,6.0,70,630,0,0,7,3.0,0.0,A01,0,3,3,2,5.0,1945,2008,4,0.0,0,1.0,1.0,0,0,1.0,0.0
201300046398,9,14,1,1,1,1.0,7.0,36,920,0,0,7,1.0,0.0,A01,1,1,3,1,0.0,1990,2013,1,1.0,2,2.0,2.0,15,70,2.0,1.0
201700023034,9,20,1,2,1,1.0,5.0,283,690,0,0,33,1.0,1.0,B01,1,1,3,1,0.0,1996,2017,3,3.0,2,1.0,1.0,0,0,1.0,1.0
201100047466,6,1,1,2,1,1.0,7.0,62,920,0,0,1,1.0,1.0,A01,1,1,3,1,1.0,1962,2011,4,0.0,0,1.0,1.0,0,0,1.0,1.0
201000024880,6,19,1,1,1,1.0,6.0,254,340,0,0,33,8.0,1.0,A01,2,2,3,2,0.0,1966,2010,1,3.0,2,1.0,1.0,30,70,1.0,2.0
200900025231,3,2,1,1,1,1.0,6.0,349,780,0,0,7,3.0,1.0,A01,4,2,3,1,5.0,1991,2009,1,3.0,4,2.0,1.0,364,340,1.0,3.0
201600018949,12,9,3,1,1,1.0,6.0,716,800,0,0,7,3.0,1.0,A01,1,1,3,1,5.0,1997,2016,3,2.0,2,2.0,1.0,61,0,2.0,3.0
200800006484,2,17,3,1,1,1.0,1.0,175,380,0,0,7,3.0,0.0,A01,2,2,3,2,0.0,1984,2008,3,2.0,0,1.0,1.0,0,70,1.0,1.0
200800000181,1,20,3,1,1,1.0,3.0,119,120,0,0,30,8.0,1.0,B02,1,1,3,1,5.0,1986,2008,3,2.0,2,2.0,2.0,0,70,1.0,1.0
200500070347,11,13,3,1,3,1.0,3.0,547,800,0,0,7,8.0,1.0,A01,1,1,3,2,5.0,1967,2005,3,2.0,1,0.0,1.0,0,72,2.0,1.0
200700068146,11,21,3,2,1,6.0,3.0,55,130,0,0,34,4.0,7.0,A01,2,2,3,2,0.0,1987,2007,4,2.0,3,1.0,1.0,0,105,2.0,1.0
201400021312,9,17,1,1,1,1.0,1.0,478,590,0,0,33,1.0,17.0,A01,1,1,3,1,1.0,1990,2014,3,2.0,2,1.0,1.0,0,0,1.0,1.0
200500050735,8,19,1,2,1,1.0,1.0,55,130,0,0,4,1.0,0.0,B01,1,1,3,1,9.0,1991,2005,4,2.0,2,2.0,2.0,0,0,1.0,1.0
200900069288,9,4,1,2,1,1.0,6.0,32,930,0,0,7,1.0,2.0,A01,0,3,3,2,5.0,1944,2009,2,1.0,1,2.0,0.0,0,60,1.0,1.0
201100012680,3,27,1,2,1,1.0,1.0,421,110,0,0,7,3.0,1.0,B02,3,2,3,2,0.0,1995,2011,3,2.0,2,1.0,2.0,0,0,1.0,1.0
201300008285,5,11,1,1,1,1.0,6.0,52,340,0,0,7,1.0,1.0,A01,3,2,3,2,0.0,1947,2013,3,2.0,1,1.0,1.0,0,72,1.0,3.0
201300036512,4,23,1,2,1,1.0,6.0,98,830,0,0,14,2.0,1.0,A01,0,3,3,2,5.0,1934,2013,3,2.0,2,1.0,1.0,0,65,1.0,1.0
201000026155,4,25,5,1,1,1.0,1.0,112,740,0,0,7,6.0,13.0,A01,4,2,3,1,0.0,2001,2010,3,2.0,2,2.0,3.0,0,76,1.0,1.0
200500027584,5,14,1,2,1,1.0,6.0,55,130,0,0,7,1.0,0.0,A01,0,3,3,1,0.0,1960,2005,4,2.0,0,1.0,1.0,0,0,1.0,1.0
200500069582,10,18,5,2,1,2.0,7.0,68,940,0,0,5,2.0,1.0,A01,1,1,3,1,5.0,1981,2005,4,2.0,1,1.0,3.0,0,60,2.0,1.0
201000045463,6,30,1,1,1,1.0,3.0,90,830,0,0,7,5.0,15.0,A01,5,2,3,2,0.0,1967,2010,3,2.0,2,2.0,1.0,0,70,1.0,1.0
200500035170,6,26,1,2,1,1.0,6.0,8,750,0,0,5,1.0,1.0,B01,2,2,3,1,0.0,1965,2005,4,1.0,3,1.0,1.0,0,90,1.0,1.0
201400002154,5,7,1,1,1,1.0,3.0,239,720,0,0,7,6.0,13.0,A01,2,2,3,2,0.0,1941,2014,3,2.0,2,2.0,1.0,0,63,1.0,1.0
200800015692,3,23,1,1,2,1.0,1.0,516,270,0,0,7,1.0,16.0,A01,1,1,3,1,5.0,1989,2008,3,2.0,2,1.0,1.0,0,0,1.0,1.0
201300037516,1,11,3,2,1,2.0,6.0,39,900,0,0,7,2.0,1.0,A01,1,1,3,2,5.0,1976,2013,3,2.0,2,1.0,1.0,0,0,2.0,3.0
201100007220,5,7,1,1,1,1.0,5.0,183,260,0,0,7,3.0,1.0,B02,2,2,3,2,0.0,1987,2011,3,0.0,0,1.0,3.0,0,100,1.0,1.0
201100019416,3,2,1,2,1,1.0,3.0,55,130,0,0,2,0.0,17.0,Z01,2,2,3,1,0.0,1983,2011,4,2.0,2,1.0,1.0,0,100,0.0,1.0
200600072408,11,28,1,1,1,1.0,1.0,106,250,0,0,7,3.0,15.0,A01,1,1,3,1,4.0,1956,2006,3,2.0,0,4.0,1.0,0,70,1.0,1.0
200600040698,7,5,1,1,2,1.0,3.0,284,770,0,0,33,1.0,1.0,A01,1,1,3,1,0.0,1987,2006,3,2.0,4,1.0,1.0,0,120,1.0,1.0
201200022879,3,21,1,2,2,1.0,6.0,134,280,0,0,1,9.0,1.0,B01,1,1,3,1,5.0,2002,2012,4,2.0,0,1.0,1.0,0,0,1.0,1.0
200800068599,12,7,3,1,1,5.0,7.0,130,600,0,0,7,1.0,1.0,A01,2,2,3,2,0.0,1926,2008,3,2.0,0,1.0,2.0,0,70,2.0,3.0
201700045708,8,14,5,2,3,1.0,3.0,81,940,0,0,2,1.0,5.0,A01,1,1,3,1,9.0,1955,2017,3,3.0,2,1.0,1.0,40,60,1.0,1.0
200500058751,9,16,1,2,2,1.0,3.0,173,500,0,0,2,1.0,1.0,A01,1,1,3,1,5.0,1987,2005,4,2.0,2,1.0,1.0,0,60,1.0,1.0
200800047165,8,25,1,1,1,1.0,1.0,1,120,0,0,7,1.0,13.0,A01,1,1,3,1,9.0,1987,2008,3,2.0,2,4.0,3.0,0,62,1.0,1.0
200500068863,10,12,5,2,1,1.0,3.0,85,870,0,0,2,7.0,9.0,B01,1,1,3,1,1.0,1984,2005,4,1.0,3,1.0,3.0,0,70,1.0,1.0
200500015719,3,23,1,2,6,1.0,3.0,194,580,0,0,2,2.0,19.0,B01,1,1,3,1,5.0,1989,2005,4,2.0,2,1.0,1.0,0,0,1.0,1.0
201100050251,8,22,1,2,3,1.0,3.0,18,940,0,0,32,1.0,0.0,B01,1,1,3,1,1.0,1960,2011,3,3.0,1,1.0,1.0,0,119,1.0,1.0
200500081062,12,16,5,2,1,1.0,6.0,238,350,0,0,7,1.0,1.0,A01,2,2,3,2,0.0,1981,2005,4,1.0,1,2.0,1.0,0,30,1.0,1.0
201800016849,12,27,1,2,1,1.0,6.0,310,490,0,0,99,0.0,0.0,R01,1,1,3,2,5.0,2008,2018,3,2.0,2,1.0,1.0,0,0,1.0,4.0
201200004655,4,4,1,1,1,2.0,3.0,206,690,0,0,7,8.0,19.0,A01,1,1,3,1,3.0,1936,2012,3,2.0,2,0.0,1.0,100,0,2.0,1.0
201500029391,10,3,1,2,1,1.0,3.0,672,570,0,0,2,3.0,13.0,A01,1,1,3,1,5.0,1949,2015,3,1.0,2,1.0,2.0,0,124,1.0,1.0
200800012613,3,20,4,2,6,1.0,1.0,109,440,0,0,30,1.0,13.0,A01,2,2,3,1,0.0,1985,2008,4,0.0,2,1.0,1.0,0,70,1.0,0.0
201200045915,7,10,1,2,1,1.0,6.0,2,940,0,0,7,1.0,1.0,A01,0,3,3,1,5.0,2006,2012,4,1.0,1,1.0,1.0,0,30,1.0,1.0
201300009520,1,15,2,2,1,1.0,1.0,51,280,0,0,30,3.0,1.0,B02,2,2,3,1,0.0,1977,2013,4,2.0,1,1.0,1.0,0,29,1.0,1.0
201300013459,11,8,3,1,1,1.0,1.0,1,130,0,0,7,1.0,2.0,B01,1,1,3,1,1.0,1985,2013,3,2.0,2,1.0,1.0,0,53,1.0,1.0
201000008790,6,14,1,2,1,1.0,3.0,151,630,0,0,7,7.0,1.0,A01,1,1,3,1,1.0,1951,2010,3,0.0,0,0.0,0.0,0,0,1.0,1.0
201100035176,3,14,5,1,2,1.0,3.0,295,590,0,0,7,8.0,19.0,A01,2,2,3,2,5.0,1962,2011,3,0.0,2,1.0,1.0,0,79,1.0,1.0
201100005035,3,13,3,2,1,1.0,7.0,196,860,0,0,31,7.0,14.0,A01,1,1,3,1,5.0,1990,2011,3,2.0,2,1.0,3.0,0,0,1.0,1.0
200800068996,12,26,3,1,1,1.0,7.0,130,790,0,0,7,0.0,1.0,A01,1,1,3,1,5.0,1966,2008,3,2.0,2,1.0,1.0,0,50,1.0,1.0
200600006426,2,7,1,1,1,1.0,3.0,416,640,0,0,7,3.0,1.0,B02,1,1,3,1,1.0,1966,2006,3,2.0,2,1.0,1.0,0,60,1.0,1.0
201000031762,8,8,1,2,6,1.0,3.0,261,370,0,0,7,2.0,9.0,A01,2,2,3,2,0.0,1982,2010,9,2.0,4,1.0,1.0,0,120,1.0,1.0
201600015875,10,10,1,2,1,1.0,3.0,55,130,0,0,7,8.0,0.0,B01,1,1,3,1,1.0,1978,2016,4,0.0,2,2.0,0.0,0,0,1.0,1.0
201000059353,7,16,1,1,1,1.0,4.0,87,380,0,0,7,1.0,2.0,A01,2,2,3,2,5.0,1979,2010,1,3.0,3,1.0,1.0,5,105,1.0,1.0
201700019586,4,30,1,1,1,1.0,3.0,647,800,0,0,33,7.0,17.0,B01,2,2,3,2,5.0,1991,2017,3,2.0,2,1.0,0.0,5,415,1.0,0.0
201700010935,12,3,5,2,2,1.0,3.0,55,130,0,0,33,1.0,2.0,B01,1,1,3,1,0.0,1986,2017,4,2.0,2,1.0,1.0,0,73,1.0,1.0
201100006179,5,22,3,1,1,1.0,7.0,83,320,0,0,7,9.0,0.0,A01,1,1,3,1,5.0,1986,2011,3,2.0,1,1.0,2.0,0,40,1.0,3.0
200700060799,10,7,5,2,1,1.0,7.0,82,30,0,0,7,1.0,1.0,A01,1,1,3,1,5.0,1986,2007,3,2.0,2,1.0,2.0,0,72,1.0,1.0
201000003725,6,6,1,1,1,1.0,7.0,384,720,0,0,7,1.0,1.0,A01,5,2,3,1,5.0,1988,2010,4,2.0,0,4.0,3.0,0,48,1.0,1.0
201600019130,6,17,1,2,1,1.0,7.0,326,201,0,0,33,1.0,14.0,A01,1,1,3,1,5.0,1979,2016,3,2.0,2,1.0,1.0,0,44,1.0,1.0
201000051472,10,31,5,2,1,2.0,3.0,55,930,0,0,7,2.0,2.0,A01,2,2,3,1,5.0,1986,2010,2,3.0,3,1.0,0.0,15,100,2.0,1.0
201700005041,6,25,2,2,1,1.0,6.0,38,910,0,0,7,1.0,1.0,A01,4,2,3,2,5.0,1997,2017,3,2.0,2,1.0,2.0,5,10,3.0,1.0
201400012541,5,23,1,1,1,1.0,6.0,169,470,0,0,7,7.0,13.0,A01,1,1,3,2,9.0,1946,2014,1,1.0,2,1.0,1.0,30,100,2.0,0.0
201100014316,5,29,1,2,1,1.0,1.0,151,370,0,0,7,1.0,1.0,A01,2,2,3,2,5.0,1937,2011,3,2.0,2,2.0,1.0,0,72,1.0,1.0
200800012477,3,29,1,2,1,1.0,6.0,122,370,0,0,7,1.0,1.0,A01,0,3,3,2,0.0,1941,2008,3,3.0,4,1.0,1.0,10,160,1.0,1.0
200700017858,3,27,1,1,1,1.0,7.0,18,940,0,0,33,0.0,3.0,A01,1,1,3,1,1.0,1980,2007,1,3.0,5,1.0,1.0,15,350,1.0,1.0
200500011219,2,13,1,1,1,4.0,1.0,32,740,0,0,7,3.0,0.0,B02,1,1,3,1,5.0,1968,2005,3,2.0,2,2.0,3.0,0,0,5.0,1.0
201500014086,5,7,1,2,5,1.0,1.0,55,130,0,0,31,1.0,1.0,B01,1,1,3,1,5.0,1961,2015,4,2.0,3,1.0,0.0,0,0,1.0,1.0
201500057187,2,13,1,1,1,1.0,1.0,201,972,0,0,7,2.0,1.0,B02,4,2,3,2,0.0,1973,2015,2,2.0,2,2.0,3.0,0,60,1.0,1.0
200800000776,1,6,1,1,1,3.0,5.0,166,560,0,0,7,1.0,1.0,A01,1,1,3,1,5.0,1983,2008,3,2.0,2,0.0,1.0,0,93,2.0,1.0