num_acc,mois,jour,lum,agg,int,atm,col,com,dep,hr,mn,catv,choc,manv,num_veh,place,catu,grav,sexe,trajet,an_nais,annee,catr,circ,nbv,prof,plan,lartpc,larrout,surf,situ
200900063891,3,26,5,2,1,2.0,6.0,72,930,0,0,7,1.0,0.0,A01,1,1,3,1,0.0,1963,2009,4,1.0,1,1.0,2.0,70,70,2.0,4.0
200900010996,4,24,1,1,1,1.0,1.0,161,270,0,0,33,1.0,17.0,A01,1,1,3,1,0.0,1962,2009,3,2.0,2,1.0,1.0,0,0,1.0,1.0
201500002576,9,21,1,1,1,1.0,6.0,147,330,0,0,1,0.0,1.0,A01,1,1,3,1,5.0,1949,2015,9,0.0,0,2.0,0.0,0,30,0.0,0.0
201400007639,8,31,2,1,1,1.0,6.0,362,260,0,0,7,1.0,1.0,A01,4,2,3,1,0.0,2003,2014,1,0.0,3,1.0,1.0,25,125,1.0,1.0
200600009712,2,28,1,2,4,1.0,2.0,15,750,0,0,2,1.0,1.0,A01,1,1,3,1,9.0,1963,2006,4,1.0,2,1.0,1.0,0,60,1.0,1.0
201300031016,2,9,5,2,1,1.0,3.0,1,610,0,0,7,3.0,13.0,A01,1,1,3,1,9.0,1987,2013,3,2.0,2,2.0,1.0,0,71,1.0,4.0
201400008124,5,13,1,1,1,1.0,1.0,143,830,0,0,7,1.0,1.0,B02,2,2,3,2,0.0,1970,2014,3,2.0,0,0.0,3.0,0,0,1.0,1.0
200900051751,5,14,2,2,1,8.0,6.0,66,930,0,0,7,1.0,2.0,A01,2,2,3,2,0.0,1970,2009,4,0.0,1,1.0,1.0,0,0,2.0,1.0
200900038097,9,30,1,1,1,1.0,3.0,375,160,0,0,7,7.0,13.0,A01,1,1,3,1,5.0,1937,2009,2,2.0,2,1.0,1.0,0,70,1.0,1.0
201500017125,4,27,5,2,1,1.0,1.0,646,600,0,0,7,3.0,16.0,A01,4,2,3,2,0.0,1948,2015,3,2.0,0,1.0,1.0,0,97,1.0,1.0
201400017755,9,26,5,2,1,1.0,6.0,762,140,0,0,33,2.0,1.0,A01,1,1,3,1,5.0,1994,2014,3,2.0,2,2.0,2.0,0,55,1.0,0.0
201700053324,3,2,5,2,2,1.0,3.0,106,750,0,0,32,1.0,1.0,B01,1,1,3,1,5.0,1979,2017,4,2.0,6,0.0,0.0,0,0,0.0,1.0
200500034846,6,3,1,2,4,1.0,1.0,224,680,0,0,1,1.0,0.0,B01,1,1,3,1,0.0,1955,2005,4,3.0,2,1.0,1.0,21,133,1.0,1.0
201000036836,5,20,1,2,1,1.0,6.0,178,590,0,0,37,6.0,23.0,B01,0,3,3,1,2.0,1992,2010,4,2.0,2,1.0,1.0,0,0,1.0,1.0
200700062160,10,14,5,2,1,1.0,3.0,4,130,0,0,33,1.0,1.0,B01,1,1,3,1,0.0,1975,2007,3,2.0,2,1.0,1.0,0,68,1.0,1.0
201200058449,5,7,1,2,1,1.0,4.0,118,750,0,0,32,1.0,1.0,C01,1,1,3,1,5.0,1975,2012,4,1.0,4,4.0,0.0,0,0,1.0,1.0
200700001398,1,24,1,2,1,1.0,6.0,7,690,0,0,13,3.0,1.0,A01,0,3,3,2,5.0,1947,2007,3,2.0,2,1.0,1.0,0,0,1.0,1.0
201100017575,11,6,1,1,1,1.0,1.0,229,380,0,0,30,1.0,5.0,A01,1,1,3,1,1.0,1993,2011,4,2.0,0,0.0,3.0,0,54,1.0,1.0
200900007029,1,24,5,2,1,1.0,7.0,225,590,0,0,7,1.0,1.0,A01,2,2,3,1,5.0,1980,2009,4,2.0,2,1.0,1.0,0,60,7.0,0.0
201600000587,4,2,1,2,2,8.0,3.0,71,760,0,0,2,1.0,1.0,A01,2,2,3,1,0.0,2001,2016,4,2.0,0,0.0,1.0,0,53,1.0,1.0
201800035790,6,15,1,2,1,1.0,1.0,166,850,0,0,30,1.0,17.0,A01,1,1,3,1,5.0,2002,2018,4,2.0,2,1.0,1.0,0,0,1.0,3.0
200500071708,11,18,3,1,1,1.0,4.0,108,40,0,0,7,3.0,17.0,A01,2,2,3,2,0.0,1984,2005,3,2.0,2,1.0,3.0,0,74,1.0,1.0
201200009787,3,27,3,1,2,1.0,3.0,167,450,0,0,7,3.0,1.0,A01,1,1,3,1,1.0,1955,2012,3,2.0,2,1.0,1.0,0,133,1.0,1.0
201200018647,1,16,1,2,1,1.0,6.0,311,700,0,0,10,4.0,4.0,A01,0,3,3,2,9.0,1929,2012,4,2.0,2,1.0,1.0,0,52,1.0,1.0
200700060442,10,4,1,1,1,1.0,3.0,93,170,0,0,7,8.0,19.0,A01,4,2,3,2,0.0,1936,2007,3,2.0,2,1.0,3.0,0,60,1.0,1.0
201900056530,6,18,1,2,1,1.0,6.0,98734,987,0,0,7,7.0,1.0,A01,1,1,3,1,5.0,1934,2019,2,2.0,2,1.0,1.0,0,0,1.0,3.0
200800017928,4,25,1,1,1,1.0,2.0,202,10,0,0,7,4.0,19.0,B02,1,1,3,2,1.0,1976,2008,3,2.0,2,2.0,1.0,0,73,1.0,1.0
201300043787,4,19,1,2,9,7.0,1.0,21,940,0,0,14,1.0,1.0,B01,1,1,3,1,0.0,1969,2013,4,1.0,2,1.0,2.0,0,70,1.0,1.0
201200056942,9,19,1,2,3,1.0,2.0,114,750,0,0,37,4.0,2.0,B01,4,2,3,2,0.0,1956,2012,4,1.0,1,2.0,1.0,0,50,1.0,1.0
201500004173,6,23,1,1,6,1.0,7.0,71,690,0,0,33,0.0,1.0,A01,1,1,3,1,5.0,1962,2015,3,2.0,0,1.0,0.0,0,0,1.0,1.0
201600059079,6,29,1,2,1,1.0,3.0,411,974,0,0,33,1.0,2.0,A01,1,1,3,1,1.0,1983,2016,4,3.0,4,2.0,0.0,0,140,1.0,1.0
200600017244,4,23,4,2,1,1.0,6.0,282,220,0,0,7,9.0,13.0,A01,1,1,3,1,5.0,1982,2006,3,2.0,0,0.0,1.0,0,67,1.0,4.0
201400016728,3,3,1,1,1,8.0,5.0,261,720,0,0,7,3.0,19.0,A01,1,1,3,1,9.0,1938,2014,3,2.0,0,1.0,1.0,0,0,1.0,1.0
201400008773,9,22,5,2,1,1.0,7.0,274,300,0,0,31,0.0,1.0,A01,1,1,3,1,5.0,1976,2014,3,2.0,1,2.0,3.0,0,0,1.0,1.0
201500003315,3,21,3,1,1,1.0,1.0,477,170,0,0,2,1.0,1.0,B02,1,1,3,1,5.0,1986,2015,4,2.0,1,1.0,1.0,30,0,1.0,1.0
200500064961,10,15,1,2,1,1.0,5.0,88,60,0,0,5,1.0,1.0,A01,2,2,3,2,0.0,1981,2005,4,1.0,3,1.0,1.0,0,130,1.0,1.0
201500047748,9,19,1,2,1,1.0,7.0,33,202,0,0,33,8.0,0.0,A01,1,1,3,1,9.0,1988,2015,3,2.0,2,2.0,2.0,0,37,1.0,1.0
201400002139,9,30,1,1,1,5.0,1.0,154,720,0,0,99,3.0,1.0,B02,2,2,3,2,0.0,1949,2014,3,2.0,0,1.0,1.0,0,73,1.0,1.0
201000042000,10,3,1,2,3,1.0,3.0,76,710,0,0,30,1.0,15.0,A01,2,2,3,2,5.0,1995,2010,4,1.0,1,1.0,1.0,0,60,1.0,1.0
200800000844,1,30,3,1,1,1.0,3.0,35,490,0,0,7,2.0,15.0,A01,1,1,3,2,5.0,1957,2008,3,2.0,2,1.0,1.0,0,0,2.0,1.0
201700032754,8,14,1,2,1,1.0,1.0,510,620,0,0,30,1.0,1.0,B01,2,2,3,2,5.0,1957,2017,4,2.0,2,1.0,1.0,0,49,1.0,1.0
200700040803,7,16,1,1,9,1.0,1.0,79,700,0,0,7,3.0,9.0,A01,1,1,3,2,9.0,1957,2007,3,2.0,2,1.0,1.0,0,65,1.0,1.0
200500000139,1,11,3,1,1,8.0,5.0,139,600,0,0,7,4.0,1.0,D04,1,1,3,2,1.0,1973,2005,2,2.0,3,0.0,2.0,0,143,2.0,1.0
201000017495,8,30,1,1,1,1.0,6.0,9,780,0,0,7,2.0,0.0,A01,2,2,3,1,0.0,1990,2010,1,3.0,3,4.0,1.0,294,270,1.0,3.0
201300043215,12,2,3,2,1,1.0,3.0,53,940,0,0,33,1.0,1.0,B01,1,1,3,1,5.0,1992,2013,4,2.0,2,2.0,1.0,0,60,1.0,1.0
200900035826,10,25,2,1,1,1.0,1.0,283,490,0,0,7,3.0,0.0,A01,1,1,3,1,5.0,1983,2009,3,2.0,2,1.0,1.0,0,62,1.0,1.0
200500066832,10,31,1,2,3,1.0,6.0,395,540,0,0,7,3.0,1.0,B01,1,1,3,1,5.0,1980,2005,4,1.0,0,1.0,1.0,0,0,1.0,1.0
201400018020,2,13,1,1,1,2.0,6.0,750,20,0,0,7,9.0,14.0,A01,1,1,3,1,5.0,1950,2014,3,2.0,2,1.0,3.0,0,0,2.0,3.0
201100026186,7,5,1,2,1,1.0,6.0,189,300,0,0,33,2.0,2.0,A01,1,1,3,2,0.0,1967,2011,4,2.0,2,1.0,1.0,0,90,1.0,1.0
200900060096,12,6,5,2,1,1.0,6.0,278,220,0,0,2,1.0,1.0,A01,1,1,3,1,5.0,1982,2009,4,2.0,2,1.0,1.0,0,0,2.0,1.0
200700021643,4,23,1,2,1,1.0,6.0,301,340,0,0,7,3.0,1.0,A01,0,3,3,2,5.0,1923,2007,3,2.0,2,1.0,1.0,0,84,1.0,1.0
200500057634,9,1,5,2,1,1.0,6.0,15,160,0,0,7,9.0,13.0,A01,1,1,3,1,5.0,1982,2005,4,2.0,2,2.0,3.0,0,80,1.0,1.0
200900030674,7,18,2,2,1,1.0,6.0,56,330,0,0,7,1.0,16.0,A01,1,1,3,1,5.0,1957,2009,3,2.0,0,1.0,3.0,0,0,1.0,3.0
200900045323,3,4,5,2,9,1.0,6.0,44,920,0,0,7,0.0,0.0,A01,0,3,3,2,0.0,1962,2009,4,1.0,1,0.0,0.0,0,0,1.0,0.0
201200008872,7,8,5,2,1,1.0,6.0,304,110,0,0,33,1.0,0.0,A01,1,1,3,1,5.0,1965,2012,3,2.0,2,0.0,2.0,0,50,1.0,1.0
201200002248,1,26,1,2,1,1.0,3.0,147,720,0,0,31,1.0,1.0,A01,1,1,3,1,1.0,1996,2012,3,2.0,2,1.0,4.0,0,63,1.0,1.0
201700004645,7,6,1,1,1,1.0,5.0,163,201,0,0,33,1.0,1.0,B01,2,2,3,2,5.0,1982,2017,2,2.0,2,1.0,3.0,0,63,1.0,1.0
200600025702,5,12,5,2,1,1.0,1.0,55,130,0,0,7,0.0,5.0,A01,1,1,3,1,5.0,1963,2006,4,2.0,2,1.0,1.0,0,35,1.0,1.0
200900043268,7,18,1,2,1,1.0,2.0,73,940,0,0,30,4.0,3.0,B01,1,1,3,1,1.0,1984,2009,2,2.0,2,0.0,0.0,0,60,1.0,0.0
201100000001,1,22,1,2,1,1.0,3.0,5,590,0,0,2,1.0,17.0,A01,1,1,3,1,5.0,1995,2011,3,2.0,2,1.0,1.0,0,60,1.0,1.0
201100013310,3,23,3,1,1,1.0,1.0,9,202,0,0,7,3.0,13.0,A01,1,1,3,2,5.0,1963,2011,2,2.0,2,1.0,1.0,0,0,1.0,1.0
201600005774,1,6,1,1,1,1.0,2.0,74,30,0,0,7,4.0,15.0,B02,2,2,3,1,0.0,1953,2016,3,2.0,2,1.0,1.0,0,65,1.0,1.0
200500001521,1,1,5,1,9,1.0,6.0,77,110,0,0,7,1.0,13.0,A01,1,1,3,1,5.0,1980,2005,3,2.0,2,0.0,1.0,0,50,1.0,1.0
200600010029,2,19,5,2,1,1.0,1.0,137,830,0,0,7,3.0,5.0,A01,2,2,3,1,0.0,1948,2006,3,2.0,4,1.0,2.0,0,120,1.0,1.0
200600043924,7,8,1,1,1,1.0,3.0,191,260,0,0,7,2.0,14.0,A01,2,2,3,1,0.0,1946,2006,1,3.0,3,1.0,1.0,30,105,1.0,1.0
200600017780,4,14,3,1,1,1.0,6.0,264,10,0,0,7,2.0,1.0,A01,1,1,3,1,1.0,1977,2006,3,2.0,2,2.0,1.0,0,64,1.0,1.0
201100030829,6,25,1,1,1,1.0,5.0,31,420,0,0,33,1.0,21.0,D01,1,1,3,1,5.0,1964,2011,3,2.0,2,2.0,3.0,0,56,1.0,1.0
201300031163,6,17,2,2,3,2.0,3.0,108,620,0,0,1,6.0,15.0,B01,1,1,3,1,1.0,1993,2013,4,2.0,2,1.0,1.0,0,87,2.0,1.0
201100010572,4,30,1,1,1,1.0,1.0,258,710,0,0,36,1.0,1.0,B02,1,1,3,1,5.0,1979,2011,4,2.0,2,2.0,1.0,0,31,1.0,1.0
201500001176,1,21,1,1,2,2.0,3.0,68,290,0,0,7,1.0,1.0,B02,1,1,3,1,5.0,1946,2015,4,2.0,2,1.0,1.0,0,70,2.0,1.0
201600004901,3,30,2,2,1,1.0,1.0,474,380,0,0,1,7.0,15.0,A01,1,1,3,1,1.0,1998,2016,4,2.0,2,1.0,1.0,0,60,1.0,1.0
201300003797,4,30,1,1,1,2.0,3.0,138,120,0,0,7,2.0,1.0,B02,1,1,3,2,5.0,1946,2013,3,2.0,2,2.0,2.0,0,80,2.0,1.0
200900070835,7,19,1,2,3,1.0,3.0,70,930,0,0,2,8.0,0.0,A01,1,1,3,1,0.0,1993,2009,3,2.0,2,1.0,1.0,0,50,2.0,1.0
200700053032,9,15,1,1,1,1.0,1.0,19,720,0,0,2,1.0,5.0,A01,1,1,3,1,5.0,1992,2007,3,2.0,0,4.0,2.0,0,58,1.0,1.0
201800037917,5,19,1,2,1,1.0,2.0,26,920,0,0,99,4.0,2.0,B01,1,1,3,2,9.0,1980,2018,3,2.0,2,1.0,0.0,0,58,1.0,1.0
200900037489,9,24,1,1,3,1.0,3.0,69,290,0,0,7,2.0,9.0,B02,1,1,3,2,1.0,1964,2009,3,2.0,2,1.0,3.0,0,60,1.0,1.0
201100011423,5,2,1,1,1,1.0,5.0,4,130,0,0,7,1.0,1.0,B02,1,1,3,2,0.0,1939,2011,3,2.0,3,1.0,1.0,0,169,1.0,1.0
201600053966,8,21,2,2,4,1.0,6.0,113,750,0,0,7,3.0,16.0,A01,0,3,3,2,0.0,1992,2016,4,1.0,1,1.0,1.0,0,40,1.0,1.0
201000064516,9,9,1,2,2,1.0,7.0,116,750,0,0,32,8.0,15.0,A01,1,1,3,2,4.0,1978,2010,4,2.0,4,1.0,1.0,0,0,2.0,1.0
200900008008,2,2,3,1,1,1.0,7.0,135,400,0,0,7,9.0,1.0,A01,1,1,3,1,5.0,1967,2009,3,2.0,2,1.0,3.0,0,60,1.0,3.0
200900074194,10,29,1,2,2,1.0,3.0,15,974,0,0,31,1.0,19.0,B02,1,1,3,1,4.0,1952,2009,2,1.0,2,1.0,1.0,0,0,1.0,1.0
201800033081,12,11,1,2,1,1.0,6.0,300,120,0,0,7,2.0,1.0,A01,0,3,3,1,3.0,1945,2018,6,1.0,1,1.0,1.0,0,0,1.0,1.0
201300013630,9,20,1,1,1,1.0,1.0,5,130,0,0,2,1.0,5.0,A01,1,1,3,1,2.0,1998,2013,3,2.0,2,1.0,0.0,0,58,1.0,0.0
201000026824,2,5,1,1,1,1.0,1.0,404,280,0,0,7,2.0,2.0,B01,1,1,3,2,1.0,1964,2010,2,2.0,2,1.0,1.0,15,70,1.0,1.0
201400011958,12,19,3,1,1,1.0,2.0,256,340,0,0,7,4.0,2.0,B02,4,2,3,2,0.0,1969,2014,1,3.0,3,0.0,1.0,20,160,1.0,1.0
200500067431,10,7,5,2,2,1.0,3.0,482,670,0,0,7,8.0,1.0,A01,2,2,3,2,0.0,1942,2005,4,1.0,2,1.0,1.0,0,60,1.0,0.0
201700016937,7,28,1,2,1,1.0,6.0,130,440,0,0,7,1.0,0.0,A01,1,1,3,1,5.0,1931,2017,3,2.0,2,1.0,1.0,0,70,1.0,4.0
201800036324,9,20,1,2,1,1.0,6.0,24,890,0,0,7,0.0,1.0,A01,0,3,3,1,5.0,2009,2018,3,2.0,3,3.0,1.0,0,0,1.0,1.0
200800069159,12,12,1,2,1,1.0,3.0,324,260,0,0,33,1.0,1.0,B02,1,1,3,1,1.0,1990,2008,4,2.0,2,1.0,1.0,20,60,1.0,1.0
200800027754,5,22,1,1,1,1.0,1.0,575,600,0,0,33,1.0,1.0,A01,1,1,3,1,1.0,1970,2008,3,4.0,0,3.0,1.0,0,0,1.0,1.0
201600053280,12,9,5,2,1,1.0,6.0,111,750,0,0,30,1.0,14.0,A01,1,1,3,1,1.0,1998,2016,4,2.0,4,1.0,1.0,0,100,2.0,1.0
201300033181,9,29,5,2,2,1.0,3.0,447,670,0,0,32,1.0,1.0,B01,1,1,3,2,5.0,1983,2013,4,2.0,2,2.0,4.0,15,85,1.0,1.0
201600057917,7,17,1,2,1,1.0,6.0,424,974,0,0,7,2.0,1.0,A01,0,3,3,1,9.0,2012,2016,4,1.0,1,2.0,1.0,36,0,1.0,1.0
200800044758,8,31,1,2,1,1.0,3.0,215,620,0,0,33,8.0,1.0,B01,1,1,3,1,5.0,1971,2008,3,2.0,2,1.0,1.0,0,230,1.0,1.0
201700034403,8,20,5,2,1,1.0,2.0,656,620,0,0,33,4.0,2.0,B01,1,1,3,1,5.0,1977,2017,3,2.0,2,1.0,1.0,0,76,1.0,1.0
201600005023,9,24,1,1,1,1.0,3.0,374,380,0,0,33,7.0,17.0,B02,1,1,3,1,5.0,1995,2016,3,2.0,2,0.0,1.0,60,0,1.0,1.0
200900069256,9,11,1,2,1,1.0,6.0,1,930,0,0,7,2.0,2.0,A01,0,3,3,1,5.0,1988,2009,3,2.0,1,1.0,1.0,0,60,1.0,1.0
200700060374,10,12,5,2,1,1.0,7.0,157,470,0,0,2,0.0,0.0,A01,1,1,3,1,0.0,1976,2007,3,1.0,1,1.0,1.0,0,0,1.0,1.0
201200033456,4,2,1,2,1,1.0,6.0,65,620,0,0,37,7.0,1.0,A01,0,3,3,2,5.0,2000,2012,4,2.0,2,1.0,1.0,0,60,1.0,1.0
201600026327,8,5,1,2,6,7.0,3.0,192,400,0,0,33,6.0,16.0,A01,1,1,3,1,1.0,1959,2016,3,0.0,0,1.0,1.0,0,0,1.0,1.0
201200010991,4,27,5,2,3,1.0,1.0,12,60,0,0,30,1.0,1.0,B01,1,1,3,1,5.0,1985,2012,3,2.0,2,1.0,1.0,0,80,1.0,1.0
201800020684,4,8,5,2,9,1.0,7.0,54,210,0,0,30,1.0,0.0,A01,1,1,3,1,5.0,1972,2018,3,2.0,2,4.0,3.0,0,0,1.0,3.0
200900011502,5,13,1,2,1,1.0,1.0,346,600,0,0,31,1.0,2.0,B02,1,1,3,1,5.0,1952,2009,4,2.0,0,1.0,1.0,0,70,1.0,1.0
200500003915,1,10,1,2,2,1.0,3.0,463,570,0,0,7,3.0,1.0,A01,1,1,3,2,5.0,1974,2005,4,1.0,1,1.0,1.0,0,38,1.0,1.0
200600018756,4,20,1,1,1,1.0,2.0,137,740,0,0,14,1.0,2.0,A01,1,1,3,1,4.0,1963,2006,1,1.0,2,2.0,3.0,20,70,1.0,1.0
201400036805,12,13,1,2,1,1.0,3.0,126,830,0,0,7,2.0,15.0,A01,1,1,3,2,5.0,1954,2014,3,2.0,3,1.0,1.0,0,100,1.0,1.0
201000031675,5,31,1,2,1,1.0,2.0,214,370,0,0,7,4.0,10.0,B01,1,1,3,1,5.0,1941,2010,9,2.0,2,1.0,1.0,30,80,1.0,1.0
201400026682,4,7,1,2,1,1.0,1.0,261,370,0,0,7,2.0,15.0,A01,1,1,3,1,0.0,1954,2014,4,3.0,3,1.0,1.0,0,92,1.0,1.0
201700059368,7,15,1,2,3,7.0,7.0,214,972,0,0,2,0.0,15.0,A01,1,1,3,1,5.0,1987,2017,9,1.0,1,2.0,0.0,0,10,1.0,0.0
200900038015,6,25,1,1,1,3.0,2.0,224,500,0,0,7,4.0,1.0,B01,2,2,3,2,5.0,1934,2009,1,3.0,4,2.0,1.0,31,190,2.0,1.0
201200012738,9,7,1,1,1,1.0,7.0,63,180,0,0,7,0.0,1.0,A01,2,2,3,1,0.0,1987,2012,1,3.0,4,0.0,1.0,30,280,1.0,3.0
201500004451,10,1,1,1,1,1.0,2.0,143,10,0,0,7,1.0,1.0,A01,1,1,3,2,5.0,1989,2015,3,2.0,0,1.0,1.0,0,64,1.0,1.0
200700013402,3,12,3,1,2,1.0,3.0,152,60,0,0,34,8.0,1.0,B02,1,1,3,1,1.0,1959,2007,3,1.0,2,1.0,2.0,0,0,1.0,1.0
201000050345,1,14,5,2,2,1.0,6.0,10,930,0,0,7,8.0,11.0,A01,0,3,3,2,3.0,1974,2010,4,2.0,2,1.0,1.0,0,60,1.0,1.0
201500022681,6,25,2,2,1,1.0,6.0,555,310,0,0,7,1.0,16.0,A01,2,2,3,1,5.0,1996,2015,4,0.0,2,1.0,1.0,0,62,1.0,1.0
200900038864,10,20,1,1,1,1.0,6.0,299,90,0,0,7,3.0,1.0,A01,1,1,3,1,5.0,1973,2009,3,2.0,2,1.0,4.0,0,70,1.0,3.0
201800004713,7,20,1,1,1,9.0,1.0,211,950,0,0,7,1.0,1.0,B01,1,1,3,1,5.0,1998,2018,3,2.0,2,2.0,4.0,0,0,2.0,1.0
201800034782,2,4,5,2,1,2.0,6.0,586,780,0,0,7,3.0,13.0,A01,1,1,3,2,5.0,1988,2018,4,3.0,2,1.0,1.0,36,35,2.0,1.0
200600059156,10,21,1,2,1,1.0,7.0,349,630,0,0,21,0.0,1.0,A01,5,2,3,1,0.0,1984,2006,3,2.0,2,2.0,1.0,0,43,9.0,1.0
201400033362,7,12,1,2,2,1.0,3.0,447,670,0,0,31,1.0,1.0,B01,1,1,3,1,5.0,1975,2014,4,2.0,2,1.0,1.0,0,110,2.0,1.0
200600041356,7,11,1,2,1,1.0,6.0,29,930,0,0,13,1.0,1.0,A01,0,3,3,2,5.0,1924,2006,3,2.0,2,1.0,1.0,0,200,1.0,1.0
201800020183,8,13,1,1,2,7.0,3.0,113,300,0,0,7,1.0,1.0,A01,1,1,3,2,0.0,1971,2018,3,2.0,2,2.0,1.0,0,0,1.0,1.0
200900035796,10,13,1,2,1,1.0,6.0,157,430,0,0,7,3.0,1.0,A01,0,3,3,1,5.0,1931,2009,2,1.0,2,1.0,1.0,0,106,1.0,1.0
201700004564,3,26,1,1,1,1.0,7.0,135,480,0,0,7,0.0,16.0,A01,1,1,3,1,5.0,1941,2017,3,0.0,2,1.0,3.0,0,0,2.0,0.0
201800022249,1,22,1,1,1,3.0,6.0,224,570,0,0,7,2.0,1.0,A01,2,2,3,2,3.0,1945,2018,3,2.0,2,1.0,1.0,0,0,2.0,1.0
201600012341,10,16,1,1,1,1.0,6.0,4,60,0,0,33,2.0,2.0,A01,1,1,3,1,5.0,1967,2016,1,3.0,1,1.0,3.0,0,35,1.0,1.0
201500055036,10,7,5,2,3,1.0,3.0,118,750,0,0,34,3.0,1.0,A01,1,1,3,1,0.0,1975,2015,4,0.0,3,0.0,0.0,0,0,0.0,1.0
201200019316,10,17,1,2,1,1.0,3.0,160,860,0,0,2,6.0,1.0,B02,1,1,3,1,1.0,1994,2012,3,2.0,2,1.0,1.0,0,62,1.0,1.0
200500015280,3,8,1,2,1,1.0,3.0,88,400,0,0,5,1.0,17.0,A01,1,1,3,1,9.0,1981,2005,9,2.0,4,1.0,1.0,0,130,1.0,1.0
201200019144,12,8,3,1,1,1.0,1.0,375,220,0,0,33,1.0,1.0,B02,1,1,3,1,5.0,1991,2012,3,2.0,2,1.0,1.0,0,64,1.0,1.0
201600043598,3,15,5,2,2,1.0,3.0,68,940,0,0,33,1.0,1.0,A01,1,1,3,1,1.0,1984,2016,3,2.0,1,1.0,1.0,0,0,1.0,1.0
201700003171,9,10,1,2,1,1.0,6.0,118,670,0,0,7,1.0,1.0,A01,0,3,3,1,5.0,2010,2017,3,2.0,2,1.0,1.0,0,0,1.0,1.0
201100008115,2,12,1,1,1,1.0,7.0,239,740,0,0,7,9.0,1.0,A01,1,1,3,1,5.0,1976,2011,4,2.0,0,2.0,1.0,0,21,1.0,0.0
201100009957,4,2,1,1,1,1.0,6.0,457,510,0,0,36,1.0,1.0,A01,1,1,3,2,5.0,1973,2011,4,2.0,2,2.0,3.0,0,40,1.0,0.0
201700020637,11,15,1,1,1,1.0,1.0,597,510,0,0,7,3.0,1.0,B01,1,1,3,2,5.0,1939,2017,3,2.0,2,1.0,1.0,0,49,1.0,1.0
201700018647,7,29,4,2,1,1.0,6.0,46,890,0,0,7,1.0,1.0,A01,1,1,3,1,5.0,1991,2017,4,2.0,1,1.0,1.0,0,50,1.0,1.0
200600073096,12,10,4,2,1,1.0,6.0,256,590,0,0,7,8.0,1.0,A01,4,2,3,2,0.0,1990,2006,3,2.0,1,1.0,3.0,0,60,1.0,1.0
200700083243,7,13,1,2,3,1.0,3.0,416,974,0,0,33,1.0,1.0,B01,1,1,3,1,1.0,1963,2007,4,2.0,2,1.0,1.0,0,73,1.0,1.0
201400042985,7,17,1,2,1,1.0,6.0,55,930,0,0,7,5.0,4.0,A01,1,1,3,1,9.0,1973,2014,5,0.0,0,1.0,1.0,0,80,1.0,1.0
201000007246,10,13,2,2,1,1.0,6.0,34,10,0,0,10,2.0,1.0,A01,1,1,3,1,9.0,1973,2010,4,2.0,2,2.0,0.0,0,0,1.0,1.0
200600045036,8,18,1,1,1,1.0,7.0,224,350,0,0,21,1.0,0.0,A01,6,2,3,1,0.0,1997,2006,3,2.0,0,1.0,1.0,0,0,1.0,0.0
200600072155,11,23,1,1,1,2.0,3.0,258,150,0,0,7,7.0,1.0,A01,1,1,3,1,4.0,1968,2006,2,2.0,2,2.0,3.0,0,76,2.0,1.0
200900069372,9,21,5,2,1,1.0,6.0,27,930,0,0,7,0.0,2.0,A01,1,1,3,1,0.0,1986,2009,4,2.0,2,1.0,1.0,0,0,1.0,4.0
200800056041,10,27,1,1,1,2.0,3.0,514,520,0,0,7,7.0,17.0,A01,2,2,3,1,0.0,1990,2008,3,3.0,4,0.0,1.0,15,160,2.0,1.0
201800014694,5,20,1,1,1,1.0,2.0,289,30,0,0,33,2.0,17.0,B01,2,2,3,2,5.0,1985,2018,3,2.0,2,1.0,1.0,0,0,1.0,1.0
201200039406,9,27,1,2,1,1.0,3.0,126,830,0,0,32,1.0,1.0,B01,1,1,3,1,1.0,1974,2012,4,2.0,2,2.0,1.0,0,0,1.0,1.0
201300008787,12,24,3,1,1,1.0,6.0,8,660,0,0,7,2.0,1.0,A01,1,1,3,1,5.0,1976,2013,3,2.0,0,0.0,1.0,0,60,1.0,3.0
201100049228,6,15,1,2,1,1.0,2.0,55,930,0,0,32,1.0,18.0,A01,1,1,3,1,9.0,1948,2011,2,3.0,2,1.0,1.0,0,0,1.0,1.0
201800056803,9,11,1,1,1,1.0,5.0,213,972,13,30,31,2.0,17.0,A01,1,1,3,1,9.0,1981,2018,3,2.0,1,2.0,1.0,0,0,1.0,3.0
200800014080,3,7,2,2,1,2.0,6.0,32,930,0,0,7,3.0,0.0,A01,0,3,3,1,5.0,2000,2008,2,2.0,2,1.0,1.0,0,70,2.0,1.0
201400002626,10,25,1,1,1,1.0,1.0,442,240,0,0,7,3.0,1.0,B02,1,1,3,1,9.0,1952,2014,1,2.0,1,1.0,1.0,0,62,1.0,1.0
200700009293,2,6,5,2,1,2.0,2.0,120,620,0,0,5,1.0,17.0,B01,1,1,3,1,1.0,1964,2007,4,2.0,2,1.0,1.0,0,74,2.0,1.0
200500079355,12,2,3,1,1,1.0,5.0,142,360,0,0,7,1.0,1.0,B02,1,1,3,1,9.0,1930,2005,2,2.0,2,2.0,1.0,0,77,1.0,1.0