num_acc,mois,jour,lum,agg,int,atm,col,com,dep,hr,mn,catv,choc,manv,num_veh,place,catu,grav,sexe,trajet,an_nais,annee,catr,circ,nbv,prof,plan,lartpc,larrout,surf,situ
200800060075,10,19,1,2,1,1.0,2.0,691,910,0,0,33,1.0,1.0,A01,1,1,3,1,0.0,1984,2008,3,2.0,2,1.0,1.0,0,75,1.0,1.0
201700009407,4,9,1,2,2,1.0,3.0,55,130,0,0,33,7.0,0.0,A01,1,1,3,1,5.0,1964,2017,4,1.0,1,1.0,1.0,0,50,1.0,1.0
200800063383,11,27,5,2,1,1.0,6.0,130,810,0,0,33,1.0,1.0,A01,0,3,3,1,5.0,1934,2008,3,2.0,2,1.0,1.0,0,73,1.0,1.0
201200037774,12,18,1,1,1,1.0,7.0,226,770,0,0,7,0.0,1.0,A01,1,1,3,2,1.0,1953,2012,3,2.0,2,1.0,2.0,0,71,1.0,3.0
201000003765,1,22,5,2,1,1.0,6.0,264,720,0,0,7,1.0,0.0,A01,0,3,3,1,5.0,1955,2010,3,3.0,0,4.0,1.0,0,0,1.0,1.0
201700015158,6,10,1,1,1,1.0,1.0,178,660,0,0,7,3.0,13.0,A01,1,1,3,2,3.0,1959,2017,3,2.0,2,1.0,1.0,0,0,1.0,1.0
201100045962,3,7,5,2,5,1.0,3.0,24,920,0,0,30,1.0,1.0,A01,1,1,3,1,9.0,1958,2011,3,2.0,6,1.0,1.0,0,0,1.0,1.0
200900028736,7,1,1,2,1,1.0,6.0,306,950,0,0,33,1.0,21.0,A01,1,1,3,1,5.0,1962,2009,4,2.0,2,1.0,1.0,0,0,1.0,1.0
200900054526,10,6,1,1,1,1.0,7.0,266,330,0,0,7,3.0,1.0,A01,1,1,3,1,5.0,1948,2009,4,2.0,0,1.0,4.0,0,37,1.0,3.0
200700046715,8,23,1,1,1,1.0,1.0,724,140,0,0,7,3.0,1.0,B02,1,1,3,2,5.0,1955,2007,3,0.0,2,1.0,3.0,0,0,1.0,1.0
201700005052,3,26,1,2,1,1.0,1.0,129,910,0,0,33,1.0,1.0,B01,1,1,3,1,5.0,1956,2017,3,2.0,2,4.0,3.0,0,62,1.0,1.0
200900021106,6,2,1,2,1,1.0,1.0,252,450,0,0,33,8.0,1.0,A01,1,1,3,1,1.0,1971,2009,9,2.0,2,2.0,2.0,0,33,1.0,1.0
200900035348,9,22,1,2,1,1.0,6.0,408,20,0,0,7,1.0,1.0,A01,0,3,3,1,0.0,1987,2009,4,2.0,2,4.0,1.0,0,62,1.0,1.0
201800020061,3,20,1,1,6,7.0,3.0,45,620,0,0,2,1.0,1.0,B01,1,1,3,1,5.0,1991,2018,3,3.0,4,1.0,1.0,0,0,1.0,1.0
201000041800,10,13,1,2,1,1.0,7.0,266,690,0,0,7,0.0,2.0,A01,1,1,3,1,1.0,1981,2010,4,1.0,1,1.0,1.0,0,34,1.0,1.0
201600056784,3,7,1,2,7,1.0,3.0,117,750,0,0,32,3.0,21.0,A01,1,1,3,1,4.0,1991,2016,4,2.0,1,1.0,1.0,0,160,1.0,1.0
201000000179,10,7,1,1,2,1.0,3.0,126,590,0,0,3,7.0,9.0,A01,1,1,3,2,5.0,1950,2010,3,2.0,2,1.0,1.0,0,64,1.0,1.0
201400017040,7,20,3,1,1,1.0,7.0,156,370,0,0,7,0.0,1.0,A01,2,2,3,1,0.0,1973,2014,4,0.0,2,1.0,1.0,0,40,2.0,1.0
201700049909,1,7,1,2,3,1.0,3.0,34,690,0,0,1,8.0,1.0,B01,1,1,3,2,5.0,1949,2017,4,1.0,1,2.0,2.0,0,52,1.0,1.0
201700009604,5,11,5,2,1,1.0,6.0,55,130,0,0,7,9.0,1.0,A01,1,1,3,1,5.0,1996,2017,4,1.0,2,1.0,1.0,20,80,1.0,1.0
201700008051,7,8,1,1,1,1.0,3.0,482,650,0,0,7,7.0,14.0,A01,2,2,3,1,5.0,1969,2017,1,3.0,4,2.0,1.0,10,99,1.0,2.0
201200030506,7,31,5,2,1,2.0,7.0,549,540,0,0,7,3.0,1.0,A01,1,1,3,1,0.0,1984,2012,9,2.0,2,1.0,1.0,0,69,1.0,1.0
200900063783,10,24,1,1,1,2.0,7.0,617,620,0,0,7,9.0,14.0,A01,1,1,3,2,5.0,1961,2009,3,0.0,2,1.0,0.0,0,0,2.0,1.0
200700022390,4,12,5,2,1,1.0,6.0,34,620,0,0,30,8.0,23.0,B01,1,1,3,1,1.0,1956,2007,3,2.0,2,1.0,1.0,20,90,1.0,1.0
201300000525,2,19,1,1,1,1.0,1.0,475,600,0,0,7,3.0,3.0,A01,1,1,3,1,5.0,1946,2013,3,2.0,2,1.0,1.0,0,69,1.0,1.0
200600025278,5,4,5,2,1,1.0,2.0,123,60,0,0,7,4.0,1.0,B01,1,1,3,1,0.0,1975,2006,4,2.0,2,1.0,0.0,0,0,1.0,1.0
201700051964,6,12,1,1,1,1.0,2.0,144,830,0,0,34,1.0,2.0,A01,1,1,3,1,1.0,1977,2017,1,3.0,3,1.0,1.0,20,105,1.0,1.0
200500080447,12,9,1,2,1,1.0,3.0,267,180,0,0,5,1.0,17.0,A01,1,1,3,1,5.0,1981,2005,2,2.0,2,2.0,1.0,0,100,1.0,1.0
200500041748,7,10,3,1,1,1.0,7.0,389,380,0,0,7,1.0,1.0,A01,2,2,3,1,0.0,1982,2005,4,2.0,1,4.0,4.0,0,0,1.0,1.0
201100019955,4,19,1,2,6,1.0,6.0,55,130,0,0,7,1.0,0.0,A01,1,1,3,1,5.0,1936,2011,4,2.0,2,1.0,1.0,0,0,1.0,1.0
200900048666,9,19,1,1,1,1.0,1.0,115,560,0,0,7,7.0,1.0,B02,2,2,3,2,0.0,1972,2009,3,2.0,0,1.0,1.0,0,72,1.0,1.0
200700006696,2,9,3,1,1,1.0,3.0,419,10,0,0,7,8.0,1.0,B02,2,2,3,1,0.0,1980,2007,3,3.0,4,1.0,1.0,10,210,1.0,1.0
201200016961,2,19,1,1,1,1.0,2.0,117,130,0,0,1,4.0,1.0,B01,1,1,3,1,5.0,1953,2012,3,3.0,3,1.0,1.0,5,105,1.0,1.0
200800032548,6,9,1,2,3,1.0,3.0,44,360,0,0,7,8.0,1.0,A01,2,2,3,1,0.0,1929,2008,4,2.0,2,1.0,1.0,0,0,1.0,1.0
201900057608,8,13,3,1,1,1.0,1.0,83086,83,0,0,7,3.0,1.0,B01,9,2,3,1,5.0,1965,2019,3,2.0,2,1.0,1.0,0,0,1.0,1.0
200700012522,3,27,2,1,1,1.0,7.0,381,10,0,0,7,9.0,2.0,A01,1,1,3,1,1.0,1979,2007,3,2.0,2,1.0,1.0,0,65,1.0,3.0
201000043798,9,21,1,2,1,1.0,6.0,362,780,0,0,7,2.0,1.0,A01,0,3,3,1,2.0,2003,2010,3,3.0,3,2.0,1.0,40,124,1.0,1.0
200800048325,9,19,1,2,1,3.0,6.0,256,740,0,0,38,2.0,2.0,A01,0,3,3,2,2.0,1997,2008,4,2.0,0,1.0,3.0,0,40,2.0,3.0
201200033369,7,8,2,2,1,1.0,6.0,41,620,0,0,7,1.0,0.0,A01,2,2,3,1,0.0,1985,2012,4,3.0,2,1.0,3.0,0,0,2.0,3.0
200700032233,6,16,1,1,2,1.0,3.0,160,560,0,0,7,1.0,1.0,B02,4,2,3,1,0.0,1996,2007,3,2.0,2,1.0,1.0,0,62,1.0,1.0
200600011479,3,10,5,2,1,1.0,6.0,55,130,0,0,5,0.0,0.0,A01,0,3,3,2,5.0,1961,2006,4,2.0,3,1.0,3.0,0,112,0.0,1.0
201800015302,5,24,1,1,1,1.0,1.0,216,290,0,0,7,3.0,1.0,B01,1,1,3,2,0.0,1952,2018,3,2.0,2,2.0,1.0,0,0,1.0,1.0
201800003867,11,26,1,1,1,1.0,3.0,65,830,0,0,31,7.0,17.0,A01,1,1,3,1,0.0,2001,2018,3,2.0,1,1.0,3.0,0,0,1.0,1.0
201100017466,12,16,2,1,1,6.0,6.0,197,890,0,0,7,4.0,2.0,A01,1,1,3,1,5.0,1970,2011,1,3.0,2,0.0,1.0,40,75,2.0,1.0
201100011546,12,22,3,1,1,6.0,6.0,34,130,0,0,7,6.0,1.0,A01,1,1,3,1,5.0,1976,2011,3,2.0,2,2.0,3.0,0,41,1.0,1.0
201700028846,5,31,1,2,1,1.0,7.0,234,450,0,0,33,8.0,1.0,A01,1,1,3,1,1.0,1979,2017,4,1.0,3,1.0,2.0,42,80,3.0,1.0
200800021513,4,18,5,2,2,3.0,3.0,555,950,0,0,34,1.0,1.0,A01,1,1,3,1,0.0,1981,2008,4,2.0,2,1.0,1.0,0,60,2.0,0.0
201400000833,3,9,1,1,2,1.0,3.0,94,350,0,0,33,1.0,1.0,B02,1,1,3,1,5.0,1986,2014,3,2.0,2,1.0,1.0,0,68,1.0,1.0
201500011592,9,26,3,1,1,1.0,7.0,537,380,0,0,7,2.0,1.0,A01,5,2,3,1,0.0,1994,2015,1,1.0,3,1.0,1.0,20,120,1.0,1.0
201000059427,9,24,1,1,1,1.0,5.0,259,690,0,0,7,1.0,5.0,A01,2,2,3,2,5.0,1948,2010,3,2.0,2,2.0,2.0,0,90,1.0,1.0
201000011394,5,20,1,1,1,1.0,7.0,285,250,0,0,7,1.0,1.0,A01,1,1,3,1,0.0,1961,2010,3,2.0,1,1.0,3.0,0,70,2.0,3.0
201700009425,4,12,1,2,1,1.0,6.0,55,130,0,0,7,2.0,0.0,Z01,0,3,3,1,1.0,1994,2017,4,1.0,2,0.0,1.0,0,50,1.0,1.0
200600059450,10,20,3,1,1,1.0,3.0,423,710,0,0,7,1.0,19.0,A01,1,1,3,1,1.0,1978,2006,3,2.0,2,1.0,1.0,0,74,1.0,1.0
200800033248,6,1,1,2,1,1.0,6.0,32,620,0,0,2,0.0,1.0,A01,1,1,3,1,5.0,1979,2008,4,2.0,2,1.0,1.0,0,150,1.0,0.0
200900035263,4,14,1,2,1,1.0,3.0,88,60,0,0,31,7.0,1.0,A01,1,1,3,1,9.0,1955,2009,3,1.0,2,1.0,2.0,0,0,1.0,1.0
200500062459,10,22,1,1,1,1.0,1.0,876,620,0,0,7,1.0,1.0,A01,1,1,3,1,5.0,1945,2005,3,2.0,2,1.0,1.0,0,70,1.0,1.0
200600073088,11,5,3,1,2,1.0,3.0,31,350,0,0,7,1.0,1.0,B02,1,1,3,1,5.0,1978,2006,3,0.0,0,3.0,1.0,0,56,1.0,1.0
201200021929,3,18,5,2,1,1.0,6.0,278,220,0,0,7,2.0,1.0,A01,0,3,3,1,5.0,1989,2012,4,2.0,2,2.0,1.0,0,60,1.0,1.0
200500015865,3,7,1,2,1,1.0,3.0,484,590,0,0,7,1.0,1.0,A01,1,1,3,1,5.0,1900,2005,2,2.0,2,1.0,1.0,0,100,1.0,0.0
201600042857,7,21,1,2,1,1.0,3.0,16,940,0,0,1,1.0,19.0,B01,5,2,3,2,9.0,1980,2016,4,1.0,1,1.0,0.0,0,0,1.0,1.0
201900008998,11,23,1,1,1,2.0,3.0,72246,72,0,0,7,9.0,1.0,A01,1,1,3,1,5.0,1960,2019,3,2.0,2,1.0,3.0,0,0,2.0,3.0
201100019122,1,20,1,2,1,1.0,3.0,55,130,0,0,30,7.0,17.0,A01,1,1,3,1,5.0,1992,2011,4,2.0,1,1.0,1.0,0,130,1.0,1.0
200900051256,4,22,1,2,3,1.0,2.0,10,930,0,0,33,1.0,2.0,B01,1,1,3,1,0.0,1980,2009,2,1.0,3,1.0,0.0,90,80,1.0,1.0
200500056223,9,3,1,2,1,1.0,3.0,375,680,0,0,2,8.0,1.0,B02,1,1,3,1,5.0,1942,2005,3,2.0,2,1.0,1.0,0,80,1.0,1.0
200500010654,2,23,3,1,1,2.0,7.0,125,350,0,0,7,3.0,1.0,A01,1,1,3,2,5.0,1978,2005,3,2.0,2,1.0,1.0,0,64,2.0,1.0
200600046350,8,30,1,1,1,1.0,1.0,59,830,0,0,2,1.0,1.0,A01,1,1,3,1,5.0,1990,2006,4,2.0,0,0.0,1.0,0,42,1.0,1.0
201800004877,12,24,3,1,1,1.0,7.0,82,450,0,0,7,9.0,0.0,A01,1,1,3,1,9.0,1974,2018,3,2.0,2,2.0,1.0,0,0,1.0,3.0
200500061385,9,12,1,2,1,1.0,5.0,66,930,0,0,7,4.0,2.0,C01,1,1,3,2,0.0,1975,2005,2,1.0,1,1.0,1.0,40,20,1.0,0.0
200800051796,9,28,1,2,3,1.0,5.0,98,830,0,0,33,1.0,1.0,A01,1,1,3,1,5.0,1987,2008,3,2.0,2,1.0,1.0,0,70,1.0,1.0
201700004586,12,14,1,1,8,1.0,3.0,108,660,0,0,38,8.0,1.0,A01,9,2,3,2,2.0,2004,2017,3,2.0,2,1.0,1.0,0,14,1.0,1.0
201500009191,11,30,3,1,1,1.0,6.0,211,770,0,0,7,0.0,0.0,A01,1,1,3,1,0.0,1990,2015,3,2.0,2,1.0,1.0,0,65,0.0,1.0
200800034000,6,13,1,2,1,1.0,6.0,24,890,0,0,10,2.0,1.0,A01,0,3,3,2,3.0,1930,2008,4,1.0,2,1.0,1.0,0,0,1.0,1.0
200600050095,8,27,1,2,1,1.0,7.0,14,930,0,0,33,7.0,1.0,A01,1,1,3,1,0.0,1968,2006,4,2.0,2,2.0,2.0,0,110,0.0,1.0
200900069294,9,11,1,2,1,1.0,3.0,32,930,0,0,1,7.0,19.0,A01,1,1,3,1,5.0,1994,2009,4,2.0,1,1.0,1.0,0,0,0.0,1.0
200500066336,10,27,5,2,2,1.0,3.0,122,370,0,0,5,1.0,1.0,B01,1,1,3,1,1.0,1983,2005,3,2.0,2,1.0,1.0,0,100,1.0,1.0
201100033356,3,6,5,2,1,1.0,6.0,454,510,0,0,7,3.0,1.0,A01,1,1,3,1,5.0,1980,2011,4,2.0,2,1.0,1.0,18,80,1.0,1.0
201500024421,2,2,1,2,3,1.0,3.0,172,340,0,0,32,1.0,1.0,A01,1,1,3,1,5.0,2001,2015,4,3.0,2,1.0,1.0,0,130,1.0,1.0
201100008083,3,28,1,1,1,1.0,1.0,242,740,0,0,7,1.0,13.0,A01,1,1,3,1,5.0,1980,2011,3,2.0,2,0.0,2.0,0,64,1.0,1.0
201500005314,7,25,1,1,1,1.0,1.0,308,740,0,0,33,1.0,13.0,A01,2,2,3,2,0.0,1984,2015,3,3.0,0,1.0,2.0,0,67,1.0,1.0
201100004726,5,8,1,1,1,1.0,6.0,165,470,0,0,7,1.0,1.0,A01,2,2,3,2,0.0,1982,2011,4,2.0,2,1.0,3.0,0,0,1.0,3.0
201500028832,2,3,5,2,2,1.0,7.0,431,540,0,0,7,7.0,1.0,A01,0,3,3,1,5.0,2003,2015,3,2.0,3,1.0,1.0,0,91,1.0,1.0
201600041501,9,1,5,2,1,1.0,2.0,66,930,0,0,7,4.0,23.0,B01,1,1,3,1,0.0,1975,2016,4,3.0,2,1.0,1.0,0,0,1.0,1.0
200600026948,5,15,1,1,1,1.0,2.0,7,490,0,0,10,5.0,0.0,A01,1,1,3,2,1.0,1983,2006,4,0.0,3,2.0,1.0,0,0,1.0,1.0
201000032086,9,12,5,2,3,2.0,1.0,53,380,0,0,33,1.0,1.0,B01,1,1,3,1,5.0,1985,2010,3,2.0,2,1.0,1.0,0,62,2.0,1.0
201000061691,12,11,5,2,2,2.0,3.0,108,750,0,0,32,1.0,1.0,B01,1,1,3,1,5.0,1966,2010,4,3.0,4,1.0,1.0,10,120,2.0,1.0
200800008754,2,2,1,2,1,1.0,5.0,167,540,0,0,7,1.0,1.0,C01,1,1,3,1,5.0,1948,2008,3,2.0,2,2.0,1.0,0,67,1.0,1.0
201400017775,10,25,1,1,1,1.0,6.0,73,60,0,0,33,1.0,1.0,A01,2,2,3,2,0.0,1966,2014,3,2.0,2,2.0,2.0,0,60,1.0,1.0
200700002784,1,11,3,1,9,1.0,4.0,32,340,0,0,10,4.0,1.0,A01,1,1,3,1,9.0,1969,2007,3,2.0,2,1.0,1.0,10,165,1.0,1.0
200900000958,2,20,1,2,1,1.0,6.0,118,750,0,0,33,1.0,17.0,A01,0,3,3,1,5.0,1936,2009,4,2.0,0,1.0,1.0,30,220,1.0,1.0
201200031819,9,15,4,2,1,9.0,6.0,205,590,0,0,7,0.0,0.0,A01,1,1,3,1,5.0,1986,2012,4,2.0,2,0.0,2.0,0,60,0.0,4.0
201300016522,10,19,1,2,1,1.0,4.0,19,130,0,0,33,1.0,1.0,B01,1,1,3,1,0.0,1992,2013,3,1.0,2,1.0,1.0,15,70,1.0,1.0
200500081608,12,20,5,2,3,1.0,6.0,566,570,0,0,4,1.0,1.0,B01,2,2,3,1,0.0,1990,2005,4,2.0,2,2.0,1.0,13,54,1.0,1.0
200500071829,11,19,1,1,1,1.0,6.0,276,300,0,0,5,6.0,1.0,A01,1,1,3,1,5.0,1962,2005,3,2.0,0,1.0,1.0,0,60,1.0,1.0
201000038407,7,30,1,2,6,1.0,6.0,688,620,0,0,7,3.0,1.0,A01,0,3,3,1,5.0,1929,2010,3,2.0,2,1.0,1.0,0,78,1.0,1.0
201700050493,4,30,5,1,1,1.0,6.0,410,590,0,0,7,1.0,2.0,A01,1,1,3,1,5.0,1994,2017,2,3.0,6,1.0,1.0,50,210,1.0,1.0
200900030994,8,8,1,1,1,1.0,3.0,82,710,0,0,7,2.0,0.0,B02,1,1,3,1,5.0,1938,2009,2,2.0,2,1.0,1.0,0,72,1.0,1.0
201300007212,10,17,1,2,1,1.0,6.0,508,250,0,0,7,1.0,13.0,A01,1,1,3,2,5.0,1960,2013,3,2.0,2,0.0,3.0,61,0,1.0,1.0
200500009819,2,18,5,2,2,1.0,5.0,45,930,0,0,4,2.0,17.0,A01,1,1,3,1,9.0,1978,2005,4,2.0,2,1.0,1.0,0,0,2.0,1.0
200900033017,9,10,1,1,1,1.0,2.0,25,710,0,0,33,4.0,1.0,A01,1,1,3,1,5.0,1981,2009,2,2.0,0,1.0,1.0,0,74,1.0,3.0
201200003948,7,30,1,1,1,1.0,6.0,450,310,0,0,7,1.0,1.0,A01,2,2,3,2,0.0,1946,2012,3,2.0,0,1.0,1.0,0,67,1.0,1.0
201600009205,4,12,1,1,1,1.0,1.0,106,660,0,0,7,1.0,1.0,B02,2,2,3,2,0.0,1949,2016,3,2.0,1,1.0,2.0,0,0,1.0,1.0
200800041172,7,15,1,2,1,1.0,6.0,7,930,0,0,7,1.0,0.0,A01,1,1,3,2,0.0,1962,2008,9,0.0,1,1.0,1.0,0,0,1.0,0.0
201700014033,6,2,1,1,1,8.0,2.0,306,450,0,0,7,1.0,2.0,A01,1,1,3,2,0.0,1977,2017,3,2.0,2,1.0,1.0,0,0,1.0,1.0
201000007654,5,9,1,2,1,1.0,5.0,323,260,0,0,7,1.0,17.0,A01,2,2,3,1,0.0,1993,2010,3,2.0,2,1.0,1.0,0,70,1.0,1.0
201700032526,9,8,2,2,2,2.0,3.0,48,620,0,0,7,3.0,1.0,B01,1,1,3,1,5.0,1966,2017,3,3.0,2,1.0,1.0,0,115,2.0,1.0
201300049846,5,29,1,1,1,1.0,7.0,43,130,0,0,7,0.0,0.0,A01,2,2,3,2,0.0,1958,2013,1,1.0,2,1.0,1.0,15,70,1.0,3.0
200600004659,1,25,2,1,2,1.0,1.0,611,500,0,0,7,1.0,1.0,A01,1,1,3,2,1.0,1976,2006,3,2.0,2,1.0,1.0,0,70,7.0,1.0
200800017331,4,27,1,1,1,1.0,3.0,227,770,0,0,7,1.0,1.0,B02,4,2,3,2,0.0,1946,2008,3,2.0,2,1.0,1.0,0,60,1.0,1.0
200700026539,5,29,5,1,1,1.0,3.0,65,830,0,0,7,8.0,15.0,A01,1,1,3,2,0.0,1981,2007,3,2.0,1,1.0,1.0,0,60,1.0,1.0
200800062422,11,14,1,1,1,1.0,6.0,185,430,0,0,7,0.0,0.0,A01,1,1,3,1,5.0,1985,2008,3,2.0,0,1.0,2.0,0,69,1.0,1.0
201300002240,7,13,3,1,1,1.0,6.0,25,850,0,0,7,1.0,13.0,A01,2,2,3,2,0.0,1978,2013,3,2.0,2,1.0,2.0,0,60,1.0,3.0
201000026909,12,29,1,1,1,1.0,5.0,12,350,0,0,7,4.0,0.0,A01,1,1,3,2,9.0,1948,2010,2,0.0,2,0.0,1.0,10,70,1.0,1.0
201100013212,2,9,1,1,8,1.0,1.0,148,202,0,0,7,2.0,1.0,A01,1,1,3,1,5.0,1923,2011,3,2.0,2,1.0,1.0,0,60,1.0,1.0
201000017687,8,21,1,1,1,1.0,2.0,103,130,0,0,7,1.0,2.0,A01,4,2,3,1,0.0,1994,2010,1,3.0,2,1.0,1.0,20,100,1.0,1.0
201200015593,7,10,1,2,1,1.0,2.0,55,130,0,0,7,8.0,24.0,B01,2,2,3,2,5.0,1947,2012,3,2.0,2,1.0,1.0,0,60,1.0,4.0
200600021086,4,5,1,2,3,1.0,3.0,270,710,0,0,30,1.0,1.0,B01,1,1,3,1,5.0,1987,2006,4,2.0,2,1.0,1.0,0,120,1.0,0.0
201500038224,10,27,1,2,1,1.0,6.0,26,920,0,0,30,7.0,1.0,A01,0,3,3,2,5.0,1933,2015,4,2.0,2,1.0,1.0,0,64,1.0,1.0
201200045297,8,31,1,2,1,1.0,6.0,55,930,0,0,7,1.0,1.0,A01,0,3,3,1,0.0,2005,2012,3,2.0,0,1.0,1.0,0,0,1.0,1.0
201400017199,7,13,2,1,1,1.0,6.0,6,40,0,0,2,2.0,1.0,A01,1,1,3,1,5.0,1997,2014,3,2.0,0,2.0,4.0,70,63,2.0,1.0
201000051477,11,27,2,2,1,1.0,4.0,55,930,0,0,10,4.0,0.0,B01,1,1,3,1,0.0,1961,2010,4,3.0,4,1.0,1.0,0,0,0.0,1.0
200600043559,7,19,1,1,1,1.0,1.0,392,570,0,0,7,3.0,1.0,B02,1,1,3,1,0.0,1969,2006,3,2.0,2,1.0,1.0,0,73,1.0,1.0
201400007075,6,28,1,1,1,1.0,1.0,336,710,0,0,2,1.0,1.0,B02,1,1,3,1,5.0,1998,2014,3,2.0,2,1.0,1.0,0,0,1.0,1.0
200500071859,11,30,1,1,1,1.0,3.0,107,480,0,0,7,1.0,1.0,B02,3,2,3,2,0.0,0,2005,2,2.0,0,1.0,2.0,0,70,1.0,1.0
200700069953,11,23,1,2,2,1.0,3.0,445,640,0,0,32,1.0,1.0,B01,1,1,3,1,1.0,1965,2007,4,2.0,3,2.0,1.0,0,120,1.0,1.0
200700066286,10,5,1,1,1,1.0,7.0,64,910,0,0,32,7.0,1.0,A01,1,1,3,1,1.0,1970,2007,2,1.0,1,1.0,3.0,0,35,1.0,1.0
201700024247,12,13,1,2,1,1.0,4.0,189,300,0,0,7,4.0,2.0,B01,1,1,3,1,0.0,1985,2017,4,2.0,4,1.0,1.0,35,35,1.0,1.0
200600076932,12,8,1,2,1,1.0,6.0,130,530,0,0,37,2.0,1.0,A01,0,3,3,1,5.0,1961,2006,4,2.0,2,1.0,1.0,0,120,1.0,1.0
200800016559,3,19,3,1,1,1.0,6.0,72,260,0,0,15,1.0,1.0,A01,1,1,3,1,4.0,1980,2008,1,3.0,3,2.0,1.0,15,135,1.0,1.0
201100009803,10,2,5,2,1,1.0,6.0,269,680,0,0,7,2.0,1.0,A01,3,2,3,1,0.0,1993,2011,4,2.0,2,2.0,1.0,0,51,1.0,1.0
201300043819,6,16,1,2,1,1.0,2.0,65,940,0,0,34,1.0,0.0,A01,5,2,3,2,5.0,2005,2013,4,2.0,3,1.0,1.0,0,0,1.0,1.0
201300035502,7,3,1,2,1,2.0,6.0,440,780,0,0,7,1.0,0.0,A01,0,3,3,2,3.0,2007,2013,4,1.0,0,1.0,1.0,0,0,1.0,0.0
200500078960,12,27,1,1,1,4.0,3.0,631,250,0,0,7,8.0,13.0,B02,2,2,3,2,0.0,1979,2005,2,2.0,2,1.0,1.0,0,72,5.0,1.0
201000032080,7,23,1,2,2,2.0,3.0,53,380,0,0,2,1.0,19.0,A01,1,1,3,1,3.0,1990,2010,3,2.0,2,1.0,1.0,0,74,2.0,1.0
200500068706,10,26,2,1,1,5.0,6.0,33,820,0,0,10,7.0,1.0,A01,6,2,3,1,0.0,1985,2005,2,2.0,2,1.0,1.0,0,64,1.0,3.0
200600074380,12,29,2,1,1,1.0,6.0,621,250,0,0,7,8.0,1.0,A01,1,1,3,1,5.0,1955,2006,3,2.0,2,0.0,1.0,0,70,1.0,3.0
201500030438,6,27,1,2,1,1.0,6.0,475,590,0,0,7,7.0,1.0,A01,2,2,3,1,5.0,1997,2015,4,2.0,2,1.0,3.0,0,0,1.0,0.0
201100034739,9,21,1,2,1,1.0,6.0,672,570,0,0,7,1.0,17.0,A01,0,3,3,2,5.0,1990,2011,4,2.0,2,1.0,1.0,0,100,1.0,1.0
200700032911,6,19,1,2,1,1.0,6.0,138,420,0,0,7,1.0,1.0,A01,0,3,3,1,2.0,2003,2007,3,2.0,2,1.0,1.0,0,75,1.0,1.0
200700057019,9,21,5,2,2,1.0,3.0,737,620,0,0,7,8.0,0.0,A01,1,1,3,1,5.0,1984,2007,3,2.0,2,1.0,1.0,0,70,1.0,1.0
200600065149,10,29,5,2,1,1.0,6.0,210,950,0,0,7,1.0,2.0,A01,2,2,3,1,0.0,1983,2006,4,3.0,2,1.0,1.0,0,120,1.0,1.0
201600058253,4,27,1,2,1,1.0,3.0,101,971,0,0,32,2.0,17.0,A01,1,1,3,1,0.0,1992,2016,3,2.0,2,1.0,1.0,0,0,1.0,1.0
201100012266,6,11,1,1,1,1.0,7.0,69,840,0,0,33,4.0,2.0,A01,2,2,3,2,0.0,1956,2011,3,2.0,2,1.0,1.0,0,0,1.0,1.0
201700048337,2,3,2,1,1,2.0,4.0,418,780,0,0,7,1.0,21.0,B01,1,1,3,1,9.0,1972,2017,1,1.0,2,1.0,1.0,15,35,2.0,1.0
201200018460,11,29,3,1,1,1.0,3.0,197,720,0,0,7,3.0,1.0,A01,1,1,3,2,1.0,1982,2012,3,2.0,2,1.0,1.0,0,50,1.0,1.0
201800000604,6,5,2,1,9,8.0,6.0,280,220,0,0,7,1.0,0.0,A01,1,1,3,1,9.0,1989,2018,4,2.0,2,4.0,3.0,0,0,2.0,3.0
201300047762,10,2,3,1,1,1.0,7.0,434,910,0,0,7,9.0,14.0,A01,3,2,3,2,0.0,1993,2013,1,2.0,6,1.0,1.0,15,210,1.0,1.0
201000041940,12,10,1,2,3,1.0,3.0,290,690,0,0,7,2.0,1.0,B01,1,1,3,2,5.0,1959,2010,4,2.0,2,1.0,1.0,0,0,1.0,1.0
200900036778,9,1,1,1,1,1.0,2.0,107,830,0,0,10,1.0,2.0,B02,2,2,3,1,0.0,1983,2009,1,3.0,3,1.0,1.0,20,125,1.0,1.0
201800023434,9,2,1,1,1,1.0,7.0,132,280,0,0,7,0.0,1.0,A01,1,1,3,2,5.0,1999,2018,3,2.0,2,1.0,3.0,0,0,1.0,1.0
201800016906,10,6,3,1,1,1.0,6.0,103,490,0,0,7,1.0,1.0,A01,1,1,3,1,5.0,1982,2018,3,0.0,2,1.0,1.0,0,0,9.0,3.0
201400044658,4,8,1,2,6,1.0,2.0,65,940,0,0,1,4.0,15.0,B01,1,1,3,2,1.0,1978,2014,4,2.0,2,1.0,1.0,0,0,1.0,1.0
201800035276,4,27,1,1,1,1.0,1.0,121,820,0,0,32,9.0,17.0,A01,1,1,3,1,5.0,1968,2018,4,2.0,2,1.0,4.0,0,0,1.0,3.0
201200060724,12,19,5,2,1,1.0,3.0,11,973,0,0,30,0.0,17.0,A01,2,2,3,1,0.0,1994,2012,4,0.0,2,1.0,1.0,0,0,1.0,1.0
201600051084,12,30,1,1,1,1.0,2.0,55,130,0,0,7,1.0,1.0,B01,1,1,3,1,5.0,1976,2016,1,3.0,3,0.0,2.0,10,105,1.0,0.0