num_acc,mois,jour,lum,agg,int,atm,col,com,dep,hr,mn,catv,choc,manv,num_veh,place,catu,grav,sexe,trajet,an_nais,annee,catr,circ,nbv,prof,plan,lartpc,larrout,surf,situ
200800015939,3,5,2,2,1,1.0,6.0,475,240,0,0,14,2.0,1.0,A01,1,1,3,1,4.0,1972,2008,4,0.0,0,0.0,1.0,0,28,1.0,3.0
201400003843,11,21,3,1,1,1.0,1.0,198,120,0,0,7,1.0,1.0,B02,3,2,3,2,0.0,1951,2014,3,2.0,0,1.0,2.0,0,77,2.0,1.0
200700075172,12,25,3,1,1,1.0,6.0,243,310,0,0,7,3.0,0.0,A01,1,1,3,1,9.0,1960,2007,3,2.0,0,4.0,3.0,0,55,2.0,1.0
200900035789,10,27,1,1,1,7.0,2.0,137,430,0,0,7,1.0,2.0,B02,1,1,3,2,5.0,1939,2009,3,2.0,1,2.0,1.0,0,37,1.0,1.0
201500020080,6,21,1,2,1,1.0,6.0,380,600,0,0,7,2.0,0.0,A01,0,3,3,2,5.0,1974,2015,4,2.0,0,0.0,3.0,0,0,1.0,4.0
200500051846,8,27,1,2,2,1.0,3.0,306,570,0,0,4,1.0,1.0,A01,1,1,3,1,5.0,1985,2005,4,2.0,2,2.0,1.0,0,51,9.0,1.0
200500054703,9,18,1,1,1,1.0,1.0,130,790,0,0,7,1.0,13.0,A01,2,2,3,2,0.0,1973,2005,2,2.0,2,1.0,1.0,0,80,1.0,1.0
200800036087,7,3,1,1,1,8.0,4.0,323,20,0,0,7,4.0,23.0,B02,1,1,3,2,9.0,1977,2008,3,2.0,2,1.0,1.0,0,82,1.0,1.0
201000024898,8,6,3,1,1,1.0,6.0,310,350,0,0,7,1.0,2.0,A01,2,2,3,1,0.0,1986,2010,1,3.0,4,1.0,1.0,25,70,1.0,2.0
201400020736,6,10,1,2,1,1.0,2.0,231,210,0,0,1,1.0,1.0,B01,1,1,3,1,5.0,1947,2014,4,2.0,2,1.0,1.0,0,0,1.0,1.0
201100004310,9,26,3,1,1,1.0,6.0,353,240,0,0,7,1.0,1.0,A01,1,1,3,2,0.0,1990,2011,3,2.0,2,1.0,3.0,74,0,1.0,3.0
200900006995,1,4,5,1,2,1.0,3.0,512,590,0,0,7,9.0,15.0,B01,1,1,3,2,9.0,1982,2009,4,2.0,2,1.0,1.0,0,0,1.0,1.0
201100009024,7,6,1,2,6,1.0,1.0,206,570,0,0,7,3.0,1.0,B02,5,2,3,1,0.0,2011,2011,4,2.0,0,1.0,3.0,0,0,2.0,1.0
201000041243,4,22,1,2,1,1.0,6.0,376,680,0,0,7,1.0,1.0,A01,0,3,3,1,2.0,2002,2010,3,2.0,2,1.0,1.0,0,90,1.0,1.0
200700051202,8,19,1,2,1,2.0,6.0,5,930,0,0,3,1.0,1.0,A01,1,1,3,2,5.0,1984,2007,4,1.0,1,1.0,1.0,0,40,2.0,1.0
201500000902,12,26,1,2,1,1.0,7.0,12,350,0,0,10,8.0,0.0,A01,8,2,3,2,0.0,1995,2015,4,2.0,2,0.0,2.0,0,63,1.0,1.0
201600041913,10,3,1,2,1,1.0,6.0,71,940,0,0,7,3.0,1.0,A01,0,3,3,2,9.0,2002,2016,4,2.0,2,2.0,1.0,0,60,1.0,1.0
200600023779,5,8,1,2,1,1.0,6.0,287,400,0,0,33,1.0,1.0,A01,0,3,3,2,5.0,1999,2006,4,2.0,2,1.0,1.0,0,60,1.0,1.0
200600023573,5,23,1,2,1,1.0,1.0,185,560,0,0,2,1.0,1.0,B02,1,1,3,1,1.0,1987,2006,3,0.0,0,0.0,0.0,0,0,0.0,0.0
200500007932,2,25,1,2,1,1.0,6.0,157,430,0,0,7,3.0,15.0,A01,0,3,3,1,5.0,1926,2005,2,2.0,3,2.0,1.0,0,90,1.0,1.0
201200062249,12,23,1,1,1,1.0,4.0,16,974,0,0,1,4.0,1.0,B01,1,1,3,1,9.0,1987,2012,4,2.0,2,1.0,1.0,0,50,1.0,1.0
200600012552,3,23,5,2,1,3.0,7.0,109,440,0,0,2,1.0,1.0,A01,1,1,3,1,5.0,1980,2006,4,2.0,2,1.0,1.0,0,0,1.0,1.0
200600011245,3,27,1,2,3,1.0,3.0,69,60,0,0,7,2.0,1.0,B01,1,1,3,1,1.0,1965,2006,3,2.0,2,2.0,1.0,0,70,1.0,0.0
201300030444,3,25,1,2,3,1.0,6.0,225,590,0,0,7,2.0,1.0,A01,0,3,3,2,5.0,2004,2013,4,2.0,2,1.0,1.0,0,61,1.0,1.0
201800002277,10,2,1,1,1,1.0,2.0,203,380,0,0,33,1.0,2.0,A01,1,1,3,1,3.0,1971,2018,2,3.0,2,2.0,1.0,0,0,1.0,1.0
201100005984,1,16,1,1,1,1.0,7.0,312,90,0,0,33,0.0,1.0,A01,1,1,3,2,5.0,1965,2011,3,2.0,2,1.0,1.0,0,0,1.0,1.0
200500071868,11,16,2,1,1,2.0,1.0,70,660,0,0,5,8.0,21.0,B02,1,1,3,1,5.0,1972,2005,3,2.0,2,1.0,1.0,0,44,2.0,1.0
201600010158,6,26,1,1,1,1.0,6.0,170,370,0,0,7,9.0,0.0,A01,1,1,3,1,5.0,1980,2016,3,2.0,2,1.0,2.0,0,49,1.0,1.0
201900002999,8,13,1,1,2,1.0,2.0,79168,79,0,0,33,1.0,17.0,A01,1,1,3,1,5.0,1999,2019,3,2.0,2,4.0,2.0,0,68,1.0,1.0
201000026060,4,1,2,2,1,1.0,7.0,31,250,0,0,37,7.0,1.0,B01,0,3,3,1,3.0,1950,2010,9,1.0,1,1.0,1.0,0,32,1.0,1.0
201600010229,1,15,2,1,1,4.0,1.0,234,290,0,0,7,1.0,1.0,B02,1,1,3,1,1.0,1960,2016,3,2.0,2,2.0,4.0,0,65,7.0,1.0
201200020101,8,5,1,2,1,1.0,6.0,609,760,0,0,7,1.0,1.0,A01,1,1,3,1,1.0,1990,2012,3,2.0,2,1.0,1.0,0,52,1.0,3.0
200800027906,5,5,1,2,9,1.0,7.0,178,560,0,0,7,1.0,1.0,A01,0,3,3,1,2.0,1997,2008,4,2.0,0,1.0,1.0,0,0,1.0,1.0
201500032246,5,16,1,2,1,1.0,6.0,482,670,0,0,7,2.0,1.0,Z01,0,3,3,1,0.0,1942,2015,4,3.0,4,1.0,1.0,20,184,1.0,1.0
201500015061,9,7,1,2,1,1.0,1.0,55,130,0,0,7,3.0,1.0,B01,1,1,3,1,5.0,1954,2015,3,2.0,2,2.0,1.0,0,72,1.0,1.0
200500003093,1,19,1,2,1,2.0,3.0,555,310,0,0,1,0.0,2.0,B01,1,1,3,2,5.0,1982,2005,4,2.0,2,1.0,1.0,0,70,2.0,1.0
201000038351,2,15,5,2,1,8.0,6.0,48,620,0,0,3,4.0,4.0,A01,0,3,3,2,3.0,1943,2010,4,2.0,2,1.0,1.0,120,67,2.0,1.0
200500047127,7,20,1,2,3,2.0,3.0,47,930,0,0,7,3.0,0.0,B01,1,1,3,2,0.0,1955,2005,4,2.0,1,1.0,1.0,99,71,2.0,1.0
201000008746,2,14,3,1,1,1.0,1.0,322,630,0,0,7,3.0,1.0,B02,1,1,3,2,5.0,1943,2010,3,2.0,2,1.0,1.0,0,78,1.0,1.0
200900007549,4,2,1,1,1,1.0,1.0,371,650,0,0,7,3.0,1.0,B02,1,1,3,2,1.0,1966,2009,3,2.0,2,1.0,3.0,0,76,1.0,1.0
200900022666,6,26,1,1,1,1.0,6.0,26,230,0,0,33,1.0,1.0,A01,1,1,3,1,5.0,1961,2009,4,2.0,2,2.0,1.0,0,30,1.0,1.0
201300003628,5,25,1,1,1,8.0,5.0,145,310,0,0,10,3.0,11.0,A01,1,1,3,1,5.0,1938,2013,3,2.0,0,1.0,1.0,0,66,2.0,1.0
200700025770,5,6,1,1,1,1.0,3.0,243,190,0,0,7,3.0,5.0,B02,1,1,3,1,5.0,1943,2007,3,2.0,2,2.0,1.0,0,59,1.0,1.0
200500003842,1,8,3,2,1,1.0,7.0,431,540,0,0,7,0.0,2.0,A01,2,2,3,1,0.0,1980,2005,3,2.0,2,2.0,3.0,0,70,1.0,3.0
200900047617,3,16,1,2,6,1.0,2.0,66,930,0,0,30,1.0,2.0,A01,1,1,3,1,1.0,1990,2009,4,1.0,1,1.0,1.0,0,0,1.0,1.0
201600036887,6,21,1,2,1,1.0,4.0,377,910,0,0,34,8.0,0.0,A01,1,1,3,1,1.0,1967,2016,4,2.0,2,1.0,1.0,0,0,1.0,1.0
200500036785,6,3,1,2,1,2.0,2.0,66,930,0,0,7,1.0,19.0,B01,3,2,3,2,0.0,1985,2005,4,3.0,1,1.0,0.0,10,30,2.0,1.0
200900034809,9,13,3,1,1,1.0,7.0,152,670,0,0,33,8.0,16.0,A01,1,1,3,1,5.0,1974,2009,1,1.0,1,2.0,3.0,0,48,1.0,1.0
201000013029,5,23,1,2,1,1.0,3.0,332,340,0,0,31,7.0,1.0,B02,1,1,3,1,1.0,1957,2010,3,3.0,1,1.0,1.0,12,30,1.0,1.0
200800065471,11,14,5,2,1,1.0,6.0,121,820,0,0,7,1.0,0.0,A01,4,2,3,2,0.0,1983,2008,4,2.0,2,1.0,1.0,0,0,1.0,1.0
200500044859,7,1,1,2,1,1.0,2.0,55,440,0,0,7,4.0,15.0,B01,1,1,3,2,1.0,1980,2005,4,2.0,2,2.0,2.0,0,0,1.0,1.0
201600011161,7,10,5,2,1,1.0,6.0,88,60,0,0,34,1.0,1.0,A01,1,1,3,1,5.0,1965,2016,4,1.0,0,2.0,1.0,0,35,1.0,1.0
201100043362,5,20,1,2,1,1.0,6.0,137,830,0,0,37,3.0,1.0,A01,0,3,3,2,2.0,1998,2011,4,2.0,2,1.0,1.0,0,70,1.0,1.0
200900021944,6,19,1,1,1,1.0,5.0,223,720,0,0,33,0.0,17.0,A01,1,1,3,1,9.0,1980,2009,3,2.0,2,1.0,3.0,0,61,1.0,1.0
200900074146,11,1,2,1,1,2.0,1.0,19,971,0,0,7,1.0,1.0,B02,2,2,3,1,0.0,1988,2009,2,2.0,2,1.0,2.0,0,61,2.0,1.0
201100017569,4,15,1,1,1,1.0,6.0,249,380,0,0,7,2.0,0.0,A01,1,1,3,1,5.0,1972,2011,4,2.0,0,1.0,1.0,0,0,1.0,1.0
200700019724,4,6,1,2,1,1.0,7.0,97,900,0,0,33,7.0,14.0,A01,1,1,3,1,9.0,1952,2007,3,2.0,2,1.0,1.0,0,76,1.0,1.0
201200051730,11,21,5,2,1,2.0,2.0,384,690,0,0,32,1.0,2.0,A01,1,1,3,1,1.0,1978,2012,4,1.0,2,2.0,1.0,3,73,2.0,1.0
201200006942,5,30,1,1,1,1.0,2.0,391,510,0,0,7,3.0,1.0,A01,1,1,3,1,3.0,1969,2012,2,2.0,2,1.0,1.0,0,72,1.0,1.0
200500043070,7,23,1,1,1,1.0,2.0,261,370,0,0,7,4.0,23.0,B02,2,2,3,2,0.0,1945,2005,1,1.0,1,0.0,1.0,0,35,1.0,1.0
201000056811,8,25,1,1,1,1.0,6.0,297,780,0,0,7,3.0,1.0,A01,1,1,3,2,5.0,1953,2010,2,3.0,3,1.0,1.0,15,35,1.0,1.0
201700004303,5,1,1,1,1,1.0,6.0,78,840,0,0,10,2.0,14.0,A01,2,2,3,1,5.0,1979,2017,3,2.0,2,1.0,1.0,0,70,1.0,1.0
201200025720,12,18,1,2,3,1.0,3.0,63,330,0,0,31,9.0,1.0,B01,1,1,3,1,0.0,1961,2012,4,1.0,1,0.0,1.0,0,0,1.0,1.0
201400020078,11,6,3,2,4,1.0,3.0,266,370,0,0,30,1.0,1.0,A01,1,1,3,1,1.0,1998,2014,3,2.0,0,1.0,1.0,0,70,1.0,1.0
200700026304,5,31,1,1,1,1.0,6.0,188,80,0,0,7,1.0,0.0,A01,1,1,3,1,1.0,1971,2007,3,2.0,2,1.0,1.0,0,64,1.0,1.0
201200044297,1,14,1,2,4,1.0,3.0,14,930,0,0,10,1.0,1.0,B01,1,1,3,2,5.0,1991,2012,2,2.0,2,2.0,3.0,0,70,1.0,1.0
201200019875,1,25,1,1,1,2.0,6.0,546,800,0,0,7,7.0,13.0,A01,2,2,3,2,0.0,1992,2012,3,2.0,0,0.0,1.0,0,61,2.0,1.0
201700015658,7,3,1,1,2,1.0,3.0,232,150,0,0,7,7.0,1.0,B01,1,1,3,1,5.0,1947,2017,3,2.0,2,1.0,0.0,6,515,1.0,0.0
200800047406,8,29,1,1,1,1.0,1.0,203,890,0,0,33,1.0,17.0,A01,2,2,3,1,0.0,1991,2008,3,2.0,2,3.0,1.0,0,60,1.0,1.0
200800039863,7,18,1,2,3,1.0,1.0,221,570,0,0,2,1.0,1.0,B01,1,1,3,1,1.0,1986,2008,3,2.0,2,1.0,1.0,0,98,1.0,1.0
201500014528,6,19,5,2,1,1.0,6.0,55,130,0,0,7,0.0,0.0,A01,0,3,3,1,0.0,1944,2015,4,2.0,4,1.0,1.0,146,40,1.0,1.0
201100056937,6,11,1,1,1,1.0,7.0,487,380,0,0,33,7.0,2.0,A01,5,2,3,2,5.0,1970,2011,1,3.0,3,1.0,1.0,10,100,1.0,1.0
201100037101,11,5,5,2,3,2.0,7.0,826,620,0,0,7,3.0,15.0,A01,1,1,3,1,5.0,1987,2011,4,2.0,2,1.0,2.0,0,0,2.0,3.0
200700040224,7,9,1,1,1,1.0,1.0,337,260,0,0,7,1.0,5.0,A01,2,2,3,1,0.0,1972,2007,3,2.0,2,1.0,4.0,0,36,1.0,1.0
200800068848,12,25,1,1,1,1.0,6.0,149,720,0,0,7,9.0,1.0,A01,4,2,3,2,0.0,1992,2008,3,0.0,2,1.0,3.0,0,54,1.0,3.0
201000004261,8,10,3,1,1,1.0,6.0,465,330,0,0,7,1.0,1.0,A01,1,1,3,1,5.0,1986,2010,3,2.0,0,1.0,1.0,0,60,1.0,1.0
201000059301,6,11,1,1,1,2.0,6.0,152,690,0,0,7,1.0,16.0,A01,1,1,3,2,1.0,1950,2010,1,1.0,2,2.0,3.0,0,70,2.0,1.0
201000041997,9,23,2,2,2,1.0,4.0,475,710,0,0,7,3.0,16.0,A01,1,1,3,1,1.0,1969,2010,3,2.0,2,1.0,1.0,0,66,1.0,1.0
201600006235,6,22,1,2,6,1.0,3.0,23,30,0,0,31,7.0,0.0,B01,1,1,3,1,0.0,1965,2016,3,3.0,2,1.0,1.0,50,120,1.0,1.0
201000002751,11,5,2,1,2,1.0,3.0,76,500,0,0,33,1.0,1.0,B01,1,1,3,1,2.0,1991,2010,3,2.0,2,1.0,1.0,0,70,1.0,1.0
200600048795,8,31,1,1,1,1.0,3.0,102,640,0,0,2,8.0,9.0,A01,1,1,3,1,5.0,1960,2006,2,3.0,4,2.0,1.0,0,112,1.0,1.0
200700015215,3,19,1,2,1,1.0,6.0,395,540,0,0,7,5.0,1.0,A01,0,3,3,2,5.0,1971,2007,4,2.0,3,4.0,1.0,0,99,2.0,1.0
200900061442,12,14,1,1,9,1.0,5.0,360,20,0,0,7,1.0,1.0,C03,1,1,3,2,1.0,1951,2009,3,3.0,0,1.0,1.0,0,0,1.0,1.0
201700049860,10,24,1,1,1,1.0,2.0,33,202,0,0,7,4.0,2.0,B01,3,2,3,2,0.0,2001,2017,2,1.0,2,1.0,1.0,0,35,1.0,1.0
201600046950,7,23,1,1,1,1.0,6.0,64,920,0,0,7,0.0,0.0,A01,1,1,3,1,0.0,1993,2016,1,3.0,2,0.0,0.0,0,0,0.0,0.0
201700036283,12,11,2,2,4,1.0,6.0,441,770,0,0,7,1.0,1.0,A01,0,3,3,2,2.0,2011,2017,3,2.0,3,1.0,2.0,15,113,1.0,1.0
200800028612,5,28,1,1,1,1.0,3.0,259,880,0,0,1,1.0,9.0,A01,1,1,3,1,5.0,1996,2008,3,2.0,0,2.0,1.0,0,55,1.0,1.0
200700025566,5,20,1,2,2,1.0,3.0,143,720,0,0,33,1.0,1.0,B02,1,1,3,1,5.0,1975,2007,4,2.0,2,2.0,1.0,0,62,2.0,1.0
201300011562,9,29,1,1,1,1.0,1.0,235,690,0,0,7,1.0,1.0,A01,1,1,3,2,1.0,1995,2013,3,2.0,0,1.0,2.0,72,0,2.0,1.0
201400023801,4,18,1,1,1,1.0,1.0,285,310,0,0,7,2.0,13.0,A01,2,2,3,2,0.0,1954,2014,3,2.0,2,1.0,1.0,0,74,1.0,1.0
201000051156,7,12,1,2,1,1.0,2.0,48,930,0,0,31,1.0,1.0,A01,1,1,3,1,0.0,1994,2010,4,2.0,2,1.0,3.0,0,0,1.0,1.0
201400041780,10,7,1,2,1,2.0,6.0,8,930,0,0,7,0.0,0.0,A01,0,3,3,2,2.0,2003,2014,9,0.0,2,1.0,1.0,0,0,2.0,1.0
201300020017,2,9,5,2,1,1.0,6.0,123,410,0,0,7,1.0,14.0,A01,1,1,3,1,5.0,1991,2013,3,2.0,2,1.0,1.0,0,53,1.0,3.0
200900042811,5,1,1,1,1,1.0,6.0,297,780,0,0,33,1.0,1.0,A01,1,1,3,1,5.0,1955,2009,3,3.0,0,2.0,2.0,0,0,1.0,1.0
201600016797,2,25,5,2,1,1.0,6.0,373,80,0,0,7,1.0,1.0,A01,1,1,3,2,9.0,1962,2016,3,2.0,0,1.0,2.0,0,0,1.0,4.0
200700041014,7,19,1,1,1,1.0,7.0,72,340,0,0,7,9.0,13.0,A01,1,1,3,1,5.0,1988,2007,3,2.0,2,1.0,3.0,0,60,1.0,3.0
201400029199,3,13,1,1,9,1.0,1.0,159,540,0,0,31,1.0,0.0,M01,1,1,3,1,1.0,1977,2014,4,3.0,2,1.0,0.0,0,0,1.0,1.0
201300008815,5,19,1,1,1,1.0,6.0,181,660,0,0,7,1.0,1.0,A01,2,2,3,1,0.0,1994,2013,2,2.0,2,2.0,3.0,0,92,1.0,3.0
200500070865,11,2,1,1,3,1.0,3.0,82,400,0,0,5,3.0,1.0,A01,1,1,3,1,1.0,1965,2005,3,2.0,2,1.0,1.0,0,55,1.0,1.0
201200007388,10,26,1,1,1,2.0,2.0,232,710,0,0,7,4.0,2.0,B02,1,1,3,2,0.0,1968,2012,3,2.0,2,1.0,1.0,0,70,2.0,1.0
200500076560,11,25,5,2,3,9.0,6.0,31,930,0,0,2,1.0,16.0,A01,0,3,3,1,9.0,1956,2005,4,0.0,4,1.0,3.0,0,0,1.0,1.0
200800020668,4,1,1,2,4,1.0,5.0,351,760,0,0,33,1.0,1.0,B01,1,1,3,1,0.0,1984,2008,4,0.0,2,1.0,1.0,0,60,1.0,0.0
200800006842,2,11,3,1,1,1.0,5.0,4,130,0,0,7,1.0,1.0,A01,1,1,3,1,5.0,1975,2008,3,2.0,2,1.0,2.0,0,60,1.0,3.0
201500003029,6,17,1,1,1,1.0,6.0,213,860,0,0,7,3.0,1.0,A01,1,1,3,2,5.0,1933,2015,3,2.0,0,0.0,1.0,0,0,1.0,3.0
201100064208,9,30,1,2,1,1.0,3.0,112,750,0,0,1,8.0,13.0,B01,1,1,3,2,1.0,1954,2011,4,1.0,7,1.0,1.0,5,122,1.0,1.0
201000012159,7,1,1,2,1,1.0,3.0,161,60,0,0,31,8.0,18.0,B02,1,1,3,1,0.0,1966,2010,3,3.0,2,1.0,2.0,0,40,0.0,1.0
201800056387,12,17,1,2,1,1.0,1.0,414,974,17,0,1,3.0,1.0,B01,1,1,3,1,5.0,2004,2018,4,2.0,2,2.0,3.0,0,0,1.0,1.0
200700010925,2,8,1,2,1,2.0,6.0,27,930,0,0,7,7.0,21.0,A01,1,1,3,1,5.0,1981,2007,9,0.0,1,2.0,3.0,0,60,2.0,0.0
200800037044,7,26,5,2,7,9.0,6.0,20,430,0,0,7,3.0,13.0,A01,0,3,3,1,5.0,1990,2008,9,0.0,2,1.0,1.0,0,73,2.0,1.0
200800069240,12,23,3,1,1,1.0,6.0,5,740,0,0,7,2.0,1.0,A01,0,3,3,2,9.0,1946,2008,3,2.0,2,2.0,1.0,0,80,1.0,1.0
200800059846,10,18,1,2,5,1.0,6.0,137,830,0,0,7,1.0,11.0,A01,0,3,3,1,0.0,1995,2008,4,0.0,2,1.0,0.0,0,0,1.0,1.0
200700027284,5,21,5,2,1,1.0,6.0,88,60,0,0,7,1.0,13.0,A01,1,1,3,1,0.0,1956,2007,4,2.0,2,2.0,2.0,0,40,1.0,1.0
201800047898,2,6,1,1,1,6.0,4.0,566,590,0,0,7,4.0,2.0,B01,3,2,3,1,5.0,2017,2018,1,3.0,7,1.0,1.0,0,0,1.0,3.0
201200012505,7,31,1,1,1,1.0,7.0,480,80,0,0,33,0.0,1.0,A01,1,1,3,1,1.0,1962,2012,3,2.0,3,1.0,1.0,0,0,1.0,1.0
200600030483,6,25,3,1,1,1.0,6.0,344,720,0,0,33,1.0,1.0,A01,1,1,3,1,5.0,1958,2006,4,2.0,2,1.0,3.0,0,45,1.0,3.0
201100031644,8,1,1,1,9,1.0,3.0,109,440,0,0,32,8.0,1.0,A01,1,1,3,2,0.0,1955,2011,2,2.0,1,1.0,0.0,0,0,1.0,2.0
200600073703,12,16,1,1,1,1.0,6.0,29,640,0,0,7,0.0,1.0,A01,1,1,3,1,5.0,1959,2006,3,2.0,0,0.0,1.0,0,0,1.0,1.0
201700041782,10,8,5,1,1,8.0,7.0,10,930,0,0,7,5.0,14.0,A01,1,1,3,1,5.0,1989,2017,3,1.0,2,1.0,2.0,0,0,2.0,1.0
201100006460,6,29,3,1,1,1.0,1.0,140,810,0,0,7,8.0,1.0,B02,1,1,3,2,5.0,1986,2011,3,2.0,2,1.0,1.0,0,63,1.0,1.0
201400041790,11,7,1,2,1,1.0,6.0,8,930,0,0,15,6.0,1.0,A01,0,3,3,2,2.0,2008,2014,4,1.0,2,1.0,1.0,0,0,1.0,0.0
201000005588,3,22,1,1,1,1.0,6.0,166,790,0,0,7,2.0,1.0,A01,1,1,3,2,1.0,1974,2010,3,2.0,1,1.0,1.0,0,50,1.0,3.0
201100001925,10,21,1,1,1,1.0,1.0,221,220,0,0,3,3.0,1.0,B02,3,2,3,1,0.0,2008,2011,3,2.0,2,1.0,4.0,0,63,1.0,1.0
200600031615,6,12,1,1,1,1.0,6.0,25,830,0,0,10,1.0,1.0,A01,3,2,3,2,0.0,1937,2006,3,2.0,2,0.0,3.0,0,56,1.0,1.0
200900005362,3,6,5,2,1,1.0,3.0,126,830,0,0,30,1.0,1.0,B01,1,1,3,1,5.0,1992,2009,3,2.0,2,0.0,1.0,0,0,1.0,1.0
201400017116,6,23,1,1,1,1.0,1.0,34,870,0,0,7,1.0,1.0,B02,1,1,3,1,5.0,1959,2014,3,2.0,1,1.0,1.0,0,63,1.0,1.0
201300005676,4,16,1,1,1,1.0,7.0,16,430,0,0,33,0.0,1.0,A01,2,2,3,2,5.0,1989,2013,3,2.0,2,3.0,2.0,0,68,1.0,3.0
200700067755,11,10,1,2,1,1.0,1.0,88,60,0,0,2,1.0,0.0,A01,1,1,3,1,1.0,1983,2007,4,2.0,2,2.0,1.0,0,0,9.0,1.0
200500055576,9,11,1,1,2,1.0,1.0,56,830,0,0,5,1.0,1.0,B02,1,1,3,1,5.0,1953,2005,3,2.0,2,1.0,1.0,30,70,1.0,1.0
200900035941,9,4,1,1,1,2.0,6.0,415,100,0,0,7,1.0,1.0,A01,1,1,3,2,1.0,1983,2009,3,2.0,2,3.0,1.0,0,75,2.0,3.0
201700017980,4,25,3,1,1,2.0,7.0,102,120,0,0,7,2.0,14.0,A01,2,2,3,1,5.0,1994,2017,3,2.0,2,1.0,3.0,0,64,2.0,3.0
201100008404,10,7,1,2,1,1.0,6.0,178,630,0,0,7,3.0,1.0,A01,0,3,3,1,5.0,1934,2011,3,2.0,1,1.0,1.0,0,60,1.0,1.0
201400031241,5,15,1,2,1,1.0,6.0,152,590,0,0,31,1.0,1.0,C01,1,1,3,2,5.0,1964,2014,4,2.0,2,1.0,1.0,0,60,1.0,1.0
201000023381,7,13,1,2,6,1.0,2.0,118,140,0,0,2,4.0,23.0,B01,1,1,3,1,0.0,1956,2010,4,3.0,4,1.0,1.0,0,71,1.0,1.0
200600014754,3,30,1,2,2,2.0,6.0,66,930,0,0,7,8.0,1.0,A01,0,3,3,1,2.0,1987,2006,3,1.0,2,1.0,1.0,0,80,2.0,0.0
201500057811,11,5,1,2,1,1.0,3.0,302,973,0,0,30,8.0,2.0,B01,1,1,3,1,0.0,1997,2015,3,2.0,1,1.0,1.0,0,35,1.0,1.0
201000032976,6,13,1,2,2,1.0,6.0,218,420,0,0,7,0.0,1.0,Z01,0,3,3,2,5.0,1923,2010,4,1.0,1,0.0,0.0,0,0,1.0,0.0
201300042702,9,2,1,2,1,1.0,6.0,78,930,0,0,33,1.0,13.0,B01,1,1,3,1,1.0,1980,2013,4,1.0,2,1.0,1.0,0,0,1.0,1.0
200900039315,2,5,2,1,1,4.0,6.0,3,630,0,0,7,9.0,0.0,A01,2,2,3,1,0.0,1954,2009,3,2.0,0,2.0,2.0,0,0,7.0,1.0
200800013822,3,22,1,2,2,1.0,7.0,10,900,0,0,33,2.0,21.0,A01,1,1,3,1,5.0,1970,2008,3,2.0,2,2.0,1.0,0,0,1.0,1.0
201800032086,5,28,1,1,2,7.0,3.0,837,620,0,0,7,7.0,19.0,A01,3,2,3,2,5.0,1999,2018,3,2.0,2,1.0,1.0,0,0,1.0,1.0
200900065543,12,7,2,2,9,2.0,3.0,227,690,0,0,31,1.0,1.0,B02,1,1,3,1,1.0,1992,2009,3,2.0,2,1.0,1.0,36,0,2.0,1.0
200500054698,9,18,3,1,1,1.0,7.0,27,170,0,0,7,9.0,1.0,A01,3,2,3,2,0.0,1986,2005,3,2.0,0,1.0,3.0,0,0,1.0,1.0
201300009064,2,17,3,1,1,8.0,6.0,3,780,0,0,7,3.0,1.0,A01,1,1,3,1,9.0,1985,2013,2,3.0,1,1.0,3.0,0,0,1.0,1.0
201800004783,6,29,1,1,3,1.0,5.0,478,770,0,0,7,1.0,21.0,B01,1,1,3,1,0.0,1990,2018,3,2.0,2,1.0,1.0,0,0,1.0,1.0
201600057676,12,16,5,1,1,1.0,6.0,112,971,0,0,2,1.0,13.0,A01,1,1,3,1,1.0,1996,2016,2,2.0,2,1.0,1.0,0,61,1.0,1.0
200700067310,10,6,5,2,1,1.0,6.0,119,750,0,0,33,1.0,0.0,A01,1,1,3,1,0.0,1970,2007,4,2.0,2,1.0,0.0,0,40,1.0,0.0
201200019345,11,30,2,2,1,1.0,6.0,31,410,0,0,2,6.0,1.0,A01,2,2,3,1,5.0,1996,2012,3,2.0,2,2.0,0.0,0,0,1.0,1.0
201100040146,5,31,1,2,1,2.0,6.0,270,710,0,0,30,1.0,1.0,A01,0,3,3,2,5.0,1916,2011,3,2.0,2,1.0,1.0,0,60,2.0,1.0
201000014852,10,7,1,2,1,1.0,1.0,31,360,0,0,10,1.0,15.0,A01,1,1,3,1,5.0,1929,2010,3,2.0,2,1.0,1.0,0,83,1.0,1.0
201600005500,9,30,1,2,7,1.0,6.0,224,740,0,0,7,2.0,1.0,A01,0,3,3,2,5.0,2011,2016,6,4.0,0,1.0,1.0,0,0,1.0,0.0
200800044248,8,1,1,1,1,8.0,1.0,53,380,0,0,7,1.0,1.0,B01,2,2,3,2,0.0,1928,2008,3,2.0,2,2.0,3.0,0,80,2.0,1.0
201000049900,6,30,1,2,2,1.0,6.0,1,930,0,0,7,3.0,1.0,A01,0,3,3,1,9.0,1943,2010,2,1.0,1,1.0,0.0,0,60,1.0,1.0
200600057028,9,26,1,2,2,1.0,3.0,12,920,0,0,5,1.0,1.0,B01,1,1,3,1,1.0,1982,2006,2,2.0,2,1.0,1.0,0,66,1.0,0.0
200800026444,5,20,1,2,1,1.0,5.0,46,940,0,0,7,9.0,1.0,A01,2,2,3,2,0.0,1983,2008,2,2.0,4,1.0,1.0,0,110,1.0,1.0