num_acc,mois,jour,lum,agg,int,atm,col,com,dep,hr,mn,catv,choc,manv,num_veh,place,catu,grav,sexe,trajet,an_nais,annee,catr,circ,nbv,prof,plan,lartpc,larrout,surf,situ
200900073538,8,15,1,1,1,1.0,1.0,3,971,0,0,30,4.0,20.0,B02,1,1,3,1,5.0,1990,2009,2,2.0,0,1.0,1.0,0,0,1.0,3.0
201600034323,11,26,1,2,1,1.0,5.0,83,770,0,0,33,1.0,17.0,A01,1,1,3,1,1.0,1980,2016,3,2.0,2,1.0,0.0,0,0,1.0,1.0
200800030901,6,20,1,1,1,1.0,6.0,107,770,0,0,10,0.0,17.0,A01,2,2,3,1,0.0,1987,2008,3,2.0,2,2.0,1.0,0,70,1.0,1.0
200600031391,6,28,3,1,1,1.0,2.0,350,890,0,0,7,6.0,24.0,B02,8,2,3,2,0.0,2000,2006,1,3.0,3,1.0,1.0,45,135,1.0,2.0
200900068401,7,17,1,2,1,1.0,7.0,547,540,0,0,7,1.0,20.0,A01,0,3,3,1,3.0,1926,2009,6,0.0,1,1.0,0.0,0,0,1.0,1.0
201500003151,4,8,1,1,1,1.0,3.0,8,170,0,0,33,2.0,17.0,B02,1,1,3,1,1.0,1980,2015,3,2.0,0,1.0,1.0,0,80,1.0,1.0
201100051230,4,30,2,2,2,1.0,3.0,41,940,0,0,7,7.0,1.0,B01,1,1,3,2,1.0,1966,2011,2,1.0,3,1.0,1.0,0,90,1.0,1.0
201600036687,7,10,1,2,1,7.0,4.0,201,910,0,0,7,1.0,2.0,C01,3,2,3,1,5.0,2009,2016,3,2.0,2,1.0,1.0,0,0,1.0,1.0
200900023284,6,30,1,1,3,1.0,3.0,71,870,0,0,7,2.0,1.0,B01,1,1,3,2,1.0,1961,2009,3,2.0,0,0.0,0.0,0,55,1.0,1.0
201000008814,8,16,1,2,1,1.0,7.0,291,630,0,0,32,7.0,1.0,A01,2,2,3,2,0.0,1979,2010,3,2.0,2,2.0,1.0,80,0,1.0,1.0
201600034367,9,19,1,1,1,1.0,2.0,215,770,0,0,10,4.0,2.0,A01,1,1,3,1,0.0,1985,2016,2,3.0,4,1.0,1.0,0,30,2.0,1.0
201300010291,3,12,1,2,6,1.0,3.0,29,60,0,0,30,1.0,1.0,B01,1,1,3,1,0.0,1995,2013,4,0.0,2,1.0,1.0,0,100,1.0,1.0
200500081118,12,22,1,2,1,1.0,6.0,261,370,0,0,5,1.0,1.0,A01,1,1,3,1,0.0,1983,2005,4,2.0,2,1.0,1.0,0,70,1.0,1.0
201100064225,10,11,1,2,1,1.0,6.0,113,750,0,0,7,7.0,7.0,A01,0,3,3,1,0.0,1937,2011,4,4.0,6,1.0,1.0,4,193,1.0,1.0
200900064922,10,11,3,1,1,2.0,1.0,4,350,0,0,14,1.0,1.0,B02,1,1,3,1,0.0,1928,2009,3,2.0,0,1.0,1.0,80,0,2.0,1.0
201100034211,6,21,1,2,1,1.0,6.0,121,560,0,0,7,1.0,1.0,A01,0,3,3,2,5.0,1959,2011,9,2.0,2,2.0,1.0,0,0,1.0,1.0
201800007082,6,27,1,2,6,1.0,7.0,152,60,0,0,2,2.0,0.0,A01,1,1,3,1,0.0,1978,2018,3,3.0,2,4.0,2.0,0,0,1.0,1.0
200900027767,5,29,1,1,1,1.0,1.0,150,290,0,0,7,3.0,13.0,A01,2,2,3,2,0.0,1936,2009,3,3.0,2,1.0,3.0,0,65,0.0,1.0
201500021134,2,21,1,1,1,4.0,4.0,162,190,0,0,7,1.0,1.0,A01,1,1,3,1,2.0,1994,2015,1,3.0,4,1.0,1.0,20,140,7.0,1.0
201300003613,11,16,1,1,1,8.0,1.0,388,310,0,0,10,1.0,1.0,A01,1,1,3,1,5.0,1941,2013,3,2.0,2,0.0,3.0,0,44,1.0,1.0
201600014913,6,14,5,2,6,1.0,3.0,213,130,0,0,30,7.0,1.0,B01,1,1,3,1,9.0,1999,2016,4,4.0,1,1.0,2.0,10,20,1.0,1.0
201000068824,11,12,1,2,1,1.0,6.0,7,974,0,0,2,8.0,1.0,B01,1,1,3,1,4.0,1974,2010,4,1.0,1,1.0,1.0,0,60,1.0,1.0
201100037765,9,4,1,2,1,1.0,7.0,24,640,0,0,1,0.0,0.0,A01,1,1,3,1,5.0,1948,2011,4,2.0,2,1.0,1.0,0,70,1.0,1.0
201200033279,1,16,1,2,1,1.0,6.0,601,600,0,0,7,2.0,0.0,A01,0,3,3,1,2.0,2001,2012,9,1.0,1,1.0,0.0,0,48,1.0,1.0
200700047357,8,14,1,2,1,1.0,1.0,16,260,0,0,7,1.0,13.0,A01,2,2,3,2,0.0,1929,2007,3,2.0,2,1.0,2.0,0,66,1.0,1.0
201700005469,8,8,1,2,9,1.0,2.0,333,330,0,0,1,4.0,13.0,B01,1,1,3,1,5.0,1988,2017,3,2.0,2,1.0,0.0,0,10,1.0,1.0
201200021394,12,18,1,1,1,1.0,2.0,284,410,0,0,7,1.0,2.0,A01,2,2,3,2,0.0,1945,2012,3,2.0,2,1.0,1.0,0,65,1.0,1.0
201200008740,12,19,1,1,1,1.0,1.0,223,340,0,0,7,1.0,13.0,A01,5,2,3,2,5.0,2007,2012,3,2.0,2,1.0,3.0,0,73,1.0,1.0
201300008121,12,4,1,1,9,1.0,2.0,129,840,0,0,7,1.0,1.0,B02,0,3,3,2,3.0,1996,2013,9,1.0,3,1.0,1.0,0,0,1.0,1.0
200900009733,4,17,1,1,1,2.0,5.0,136,660,0,0,7,1.0,1.0,C03,2,2,3,2,0.0,1948,2009,1,1.0,0,1.0,1.0,50,70,2.0,1.0
201500047735,8,9,1,2,1,1.0,2.0,33,202,0,0,10,1.0,2.0,A01,1,1,3,1,0.0,1963,2015,2,2.0,2,2.0,1.0,0,89,1.0,1.0
201500046657,9,26,1,1,1,1.0,6.0,455,780,0,0,7,4.0,1.0,B01,1,1,3,2,0.0,1993,2015,1,1.0,2,1.0,1.0,0,80,1.0,1.0
201700020960,10,26,2,1,1,1.0,5.0,43,740,0,0,2,1.0,0.0,A01,1,1,3,1,1.0,1999,2017,3,2.0,2,1.0,0.0,0,0,1.0,1.0
200500038766,6,14,1,2,1,2.0,7.0,14,380,0,0,7,8.0,1.0,A01,1,1,3,1,9.0,1934,2005,2,2.0,0,1.0,4.0,0,0,2.0,3.0
201100020198,7,4,1,2,1,1.0,7.0,55,130,0,0,33,1.0,1.0,A01,1,1,3,1,1.0,1987,2011,4,2.0,2,1.0,3.0,0,65,1.0,1.0
201000006053,3,17,1,2,1,1.0,1.0,233,310,0,0,33,1.0,1.0,B02,1,1,3,1,0.0,1962,2010,3,2.0,0,1.0,1.0,62,0,1.0,1.0
201400042067,7,28,5,2,1,3.0,6.0,27,930,0,0,7,1.0,0.0,A01,2,2,3,2,0.0,1983,2014,9,0.0,1,1.0,0.0,0,0,2.0,4.0
201400037997,2,24,1,2,1,1.0,6.0,10,900,0,0,7,1.0,1.0,A01,0,3,3,2,0.0,1931,2014,3,2.0,2,1.0,1.0,0,0,1.0,1.0
201700015246,7,22,1,1,1,1.0,6.0,210,580,0,0,33,1.0,1.0,A01,1,1,3,1,5.0,1965,2017,3,2.0,2,2.0,2.0,0,60,1.0,3.0
201300035012,3,8,1,2,2,2.0,6.0,186,770,0,0,7,1.0,1.0,A01,0,3,3,2,3.0,1929,2013,4,1.0,1,1.0,1.0,0,0,2.0,1.0
200700053186,9,12,1,1,1,1.0,6.0,414,170,0,0,7,3.0,1.0,A01,1,1,3,1,1.0,1988,2007,4,2.0,2,0.0,0.0,0,43,2.0,3.0
201500001333,10,24,1,1,1,1.0,7.0,5,140,0,0,33,1.0,14.0,A01,1,1,3,1,5.0,1972,2015,3,2.0,2,1.0,2.0,0,63,1.0,1.0
201200022604,12,13,1,1,1,2.0,3.0,39,840,0,0,7,1.0,1.0,B02,1,1,3,2,0.0,1973,2012,3,2.0,2,1.0,1.0,0,103,2.0,1.0
201700026515,3,14,1,2,1,1.0,7.0,238,350,0,0,1,0.0,1.0,A01,1,1,3,1,0.0,1988,2017,4,1.0,1,1.0,1.0,0,0,1.0,1.0
200800000496,1,6,1,1,1,2.0,1.0,142,150,0,0,7,1.0,1.0,B02,2,2,3,2,0.0,1941,2008,3,2.0,2,0.0,3.0,0,75,1.0,0.0
201000018903,9,23,3,1,1,1.0,1.0,44,130,0,0,7,1.0,5.0,A01,1,1,3,1,5.0,1975,2010,3,2.0,2,1.0,1.0,0,30,1.0,1.0
201800035550,6,7,1,2,3,8.0,3.0,137,830,0,0,34,1.0,1.0,B01,1,1,3,1,0.0,1985,2018,4,1.0,1,2.0,1.0,0,0,1.0,3.0
201700019804,2,8,3,1,1,2.0,6.0,309,790,0,0,7,1.0,1.0,A01,1,1,3,1,0.0,1981,2017,3,2.0,2,1.0,2.0,0,56,2.0,3.0
201500002024,11,8,1,1,1,1.0,1.0,304,490,0,0,30,1.0,1.0,B02,1,1,3,1,0.0,1982,2015,3,2.0,0,1.0,1.0,0,0,1.0,1.0
201200020390,6,6,1,2,1,1.0,7.0,71,440,0,0,30,8.0,1.0,A01,1,1,3,2,2.0,1966,2012,4,2.0,2,1.0,1.0,0,60,1.0,1.0
200900007753,3,1,1,1,2,2.0,2.0,270,730,0,0,7,4.0,23.0,A01,1,1,3,1,5.0,1965,2009,3,2.0,4,1.0,1.0,15,140,2.0,1.0
200600003359,1,11,5,2,1,1.0,3.0,12,920,0,0,5,1.0,1.0,B01,1,1,3,1,5.0,1973,2006,3,0.0,2,1.0,1.0,0,310,1.0,1.0
201100065441,2,9,1,1,1,1.0,6.0,55,974,0,0,14,8.0,1.0,A01,1,1,3,1,9.0,1981,2011,2,2.0,0,1.0,3.0,0,70,1.0,1.0
200700030333,5,2,1,2,1,1.0,7.0,498,780,0,0,30,0.0,1.0,A01,1,1,3,1,1.0,1966,2007,3,1.0,2,2.0,1.0,0,58,1.0,1.0
201500003667,7,23,1,1,1,1.0,3.0,79,90,0,0,32,2.0,17.0,A01,1,1,3,1,5.0,1959,2015,3,2.0,2,1.0,1.0,0,55,1.0,1.0
201200018626,8,13,1,1,1,1.0,7.0,112,260,0,0,33,1.0,1.0,A01,1,1,3,1,5.0,1989,2012,3,2.0,2,4.0,3.0,0,69,1.0,1.0
201700014273,11,1,3,1,1,1.0,1.0,121,830,0,0,7,3.0,1.0,B01,1,1,3,1,5.0,1968,2017,3,2.0,2,1.0,4.0,0,55,1.0,1.0
201300016291,12,5,2,2,1,7.0,2.0,77,130,0,0,2,1.0,2.0,A01,1,1,3,1,2.0,1996,2013,2,1.0,2,1.0,1.0,0,35,1.0,1.0
201200017422,6,12,1,1,1,2.0,6.0,1,140,0,0,10,1.0,21.0,A01,1,1,3,1,5.0,1959,2012,4,2.0,2,1.0,1.0,0,32,2.0,3.0
201700048557,6,6,1,1,1,1.0,5.0,158,780,0,0,7,4.0,2.0,B01,1,1,3,1,1.0,1980,2017,1,3.0,3,1.0,1.0,15,105,0.0,1.0
201300028200,7,13,5,2,1,1.0,6.0,173,500,0,0,7,1.0,14.0,A01,1,1,3,1,5.0,1991,2013,4,2.0,2,1.0,1.0,0,70,1.0,1.0
200500014902,3,16,1,2,9,1.0,6.0,149,310,0,0,7,1.0,9.0,A01,0,3,3,2,5.0,1987,2005,3,0.0,1,0.0,0.0,110,70,1.0,1.0
201400017804,9,9,1,1,1,1.0,1.0,337,720,0,0,33,1.0,17.0,A01,1,1,3,1,1.0,1984,2014,3,2.0,2,1.0,1.0,60,0,1.0,1.0
200500045851,7,13,5,2,2,1.0,1.0,16,750,0,0,5,3.0,1.0,B01,1,1,3,1,5.0,1954,2005,4,2.0,4,1.0,1.0,0,120,1.0,1.0
201000002083,10,31,1,1,1,1.0,5.0,260,290,0,0,2,1.0,1.0,B02,1,1,3,1,5.0,1993,2010,3,0.0,1,1.0,3.0,0,30,1.0,1.0
201600035614,10,5,1,2,6,1.0,3.0,166,850,0,0,1,0.0,0.0,B01,1,1,3,1,5.0,2000,2016,4,2.0,2,1.0,2.0,0,0,1.0,1.0
200900024934,7,1,1,2,1,1.0,6.0,220,280,0,0,1,1.0,1.0,B01,1,1,3,1,5.0,2005,2009,3,2.0,2,1.0,4.0,0,60,1.0,1.0
201800006506,1,4,5,2,1,3.0,6.0,409,80,0,0,7,1.0,19.0,A01,0,3,3,2,1.0,1964,2018,3,0.0,2,1.0,1.0,0,43,2.0,1.0
200500000723,1,21,1,1,1,2.0,5.0,288,120,0,0,7,5.0,19.0,A01,3,2,3,1,0.0,1987,2005,2,2.0,2,4.0,2.0,0,75,2.0,1.0
201400030410,7,6,5,2,2,1.0,3.0,17,590,0,0,32,1.0,1.0,B01,1,1,3,1,5.0,1998,2014,4,2.0,2,1.0,1.0,0,0,1.0,1.0
201300009012,8,21,1,2,1,1.0,3.0,61,50,0,0,7,1.0,13.0,A01,1,1,3,2,3.0,1947,2013,2,2.0,2,1.0,1.0,0,79,1.0,1.0
200900005100,3,7,5,2,6,1.0,7.0,7,300,0,0,2,1.0,0.0,A01,1,1,3,1,0.0,1988,2009,4,0.0,0,1.0,2.0,0,0,1.0,0.0
201400000990,7,26,3,1,1,1.0,3.0,136,350,0,0,33,1.0,17.0,A01,1,1,3,1,5.0,1991,2014,3,2.0,2,1.0,1.0,0,59,1.0,1.0
201800016851,1,27,3,1,1,1.0,1.0,125,490,0,0,32,1.0,1.0,A01,1,1,3,1,5.0,1986,2018,3,2.0,2,1.0,2.0,0,0,1.0,1.0
201300005818,10,18,1,1,1,1.0,1.0,253,570,0,0,10,1.0,1.0,B02,1,1,3,1,5.0,1956,2013,3,2.0,2,0.0,3.0,0,52,1.0,1.0
200800056239,10,12,2,1,1,1.0,3.0,73,830,0,0,30,3.0,13.0,A01,1,1,3,1,5.0,1992,2008,2,2.0,3,1.0,1.0,0,104,1.0,1.0
201300032063,8,1,1,2,1,1.0,6.0,102,640,0,0,33,1.0,1.0,A01,0,3,3,1,5.0,1946,2013,4,2.0,2,1.0,1.0,0,80,1.0,1.0
200600017649,4,19,3,1,1,1.0,6.0,18,230,0,0,7,2.0,1.0,A01,3,2,3,2,0.0,1986,2006,3,2.0,2,3.0,2.0,0,50,1.0,3.0
201100009583,9,16,1,1,1,1.0,3.0,333,670,0,0,7,3.0,5.0,A01,1,1,3,2,9.0,1966,2011,3,2.0,2,0.0,1.0,0,0,1.0,1.0
200900004205,3,24,1,2,1,7.0,3.0,281,860,0,0,7,3.0,1.0,B02,1,1,3,2,1.0,1974,2009,4,2.0,2,1.0,2.0,0,47,1.0,1.0
200900039509,7,13,1,1,1,1.0,7.0,140,480,0,0,33,1.0,1.0,A01,1,1,3,1,5.0,1959,2009,1,3.0,4,1.0,1.0,10,70,1.0,1.0
200800042760,8,25,1,2,1,1.0,3.0,389,690,0,0,33,1.0,0.0,B01,1,1,3,1,5.0,1954,2008,4,2.0,3,1.0,1.0,0,75,1.0,1.0
201000014408,4,18,1,1,1,1.0,6.0,193,450,0,0,33,1.0,1.0,A01,1,1,3,1,5.0,1987,2010,3,2.0,2,1.0,3.0,0,54,1.0,3.0
201300004832,4,25,2,1,1,1.0,7.0,442,380,0,0,33,7.0,1.0,A01,1,1,3,1,5.0,1955,2013,3,2.0,2,2.0,3.0,0,60,1.0,1.0
201400001718,12,18,5,2,1,8.0,6.0,215,440,0,0,34,1.0,1.0,A01,0,3,3,2,5.0,2000,2014,4,2.0,0,1.0,1.0,0,0,0.0,5.0
201400012258,12,21,3,1,1,1.0,6.0,515,510,0,0,7,2.0,1.0,A01,1,1,3,1,5.0,1943,2014,1,3.0,4,1.0,1.0,30,140,2.0,2.0
200600016577,3,14,1,1,1,1.0,1.0,139,340,0,0,7,1.0,1.0,A01,4,2,3,1,0.0,1984,2006,3,2.0,2,0.0,1.0,0,75,1.0,1.0
201100036897,10,13,3,1,1,1.0,6.0,250,620,0,0,30,1.0,1.0,A01,0,3,3,2,5.0,2011,2011,4,2.0,2,1.0,1.0,0,55,1.0,1.0
200600031451,6,10,1,1,1,1.0,6.0,1,710,0,0,7,1.0,13.0,A01,1,1,3,1,5.0,1956,2006,3,2.0,2,1.0,1.0,0,72,1.0,3.0
201400007584,8,19,1,1,1,3.0,1.0,65,900,0,0,33,1.0,1.0,B02,1,1,3,1,5.0,1971,2014,3,2.0,2,2.0,2.0,0,70,1.0,1.0
200700000476,1,12,5,1,1,1.0,3.0,521,640,0,0,2,1.0,1.0,B02,1,1,3,1,5.0,1989,2007,3,2.0,0,1.0,0.0,0,80,1.0,1.0
201400001949,9,26,3,1,1,1.0,6.0,34,490,0,0,33,1.0,1.0,A01,1,1,3,1,5.0,1962,2014,3,2.0,2,4.0,3.0,0,0,1.0,3.0
201500004756,3,6,3,1,1,1.0,1.0,68,380,0,0,7,3.0,1.0,B02,1,1,3,1,9.0,1953,2015,2,2.0,2,1.0,0.0,78,76,1.0,1.0
200800063228,11,28,1,1,1,7.0,2.0,202,860,0,0,99,4.0,2.0,B02,1,1,3,1,5.0,1940,2008,3,2.0,0,1.0,1.0,0,53,1.0,1.0
201400006227,7,17,1,1,1,1.0,7.0,401,880,0,0,7,1.0,19.0,A01,1,1,3,2,1.0,1994,2014,3,2.0,3,1.0,2.0,0,105,1.0,3.0
201500005125,9,24,1,2,1,1.0,6.0,5,730,0,0,7,9.0,1.0,A01,1,1,3,2,3.0,1967,2015,3,2.0,2,2.0,3.0,0,50,9.0,3.0
200900048598,10,26,3,1,1,1.0,3.0,193,440,0,0,1,2.0,19.0,A01,1,1,3,1,5.0,1961,2009,3,2.0,2,2.0,1.0,0,0,1.0,1.0
200500033691,6,9,1,2,3,1.0,3.0,159,360,0,0,5,1.0,1.0,B01,1,1,3,1,1.0,1967,2005,3,2.0,2,1.0,1.0,0,76,1.0,1.0
201300003361,4,23,1,1,1,1.0,7.0,49,790,0,0,36,2.0,14.0,A01,1,1,3,1,5.0,1953,2013,3,2.0,2,0.0,1.0,0,60,1.0,3.0
201700022796,8,26,3,1,3,1.0,7.0,100,830,0,0,7,3.0,16.0,A01,9,2,3,2,5.0,2000,2017,3,3.0,2,1.0,0.0,513,910,0.0,0.0
201600018017,1,1,1,1,1,1.0,1.0,232,20,0,0,7,3.0,13.0,A01,3,2,3,1,0.0,1996,2016,2,2.0,2,2.0,1.0,0,0,2.0,1.0
201100046508,12,3,5,2,2,1.0,3.0,44,920,0,0,30,8.0,0.0,B01,1,1,3,2,5.0,1986,2011,4,1.0,0,1.0,1.0,0,0,1.0,1.0
200600052734,9,15,1,1,1,3.0,6.0,130,201,0,0,7,1.0,1.0,A01,1,1,3,1,5.0,1925,2006,2,2.0,2,2.0,2.0,0,64,2.0,3.0
201500028567,6,30,1,2,3,1.0,3.0,498,540,0,0,7,1.0,1.0,A01,1,1,3,2,1.0,1948,2015,3,2.0,4,1.0,1.0,0,0,1.0,1.0
200500054601,9,24,3,1,1,1.0,6.0,51,470,0,0,7,1.0,1.0,A01,1,1,3,1,5.0,1975,2005,3,2.0,2,1.0,4.0,0,51,1.0,3.0
201400013462,6,8,1,2,1,1.0,6.0,1,130,0,0,7,3.0,2.0,A01,0,3,3,1,0.0,2009,2014,4,3.0,3,1.0,1.0,20,85,1.0,1.0
200900017762,6,20,1,2,1,1.0,3.0,629,270,0,0,33,1.0,1.0,B02,1,1,3,1,5.0,1987,2009,3,2.0,2,1.0,1.0,0,0,1.0,1.0
200500087175,11,21,1,1,1,1.0,1.0,307,973,0,0,2,7.0,19.0,B02,1,1,3,2,5.0,1988,2005,2,2.0,2,1.0,1.0,0,70,1.0,1.0
201300022769,3,4,1,2,1,1.0,6.0,555,310,0,0,7,3.0,1.0,A01,0,3,3,1,5.0,1937,2013,4,0.0,1,1.0,1.0,0,60,1.0,1.0
200600002885,1,28,1,1,1,1.0,2.0,186,770,0,0,7,6.0,1.0,B01,1,1,3,2,0.0,1928,2006,2,3.0,2,1.0,2.0,0,0,2.0,1.0
201300057069,8,10,5,1,1,1.0,1.0,11,973,0,0,10,3.0,1.0,B02,1,1,3,1,1.0,1979,2013,4,2.0,2,1.0,1.0,0,66,1.0,1.0
201000031817,8,27,1,2,1,1.0,6.0,122,370,0,0,7,4.0,1.0,C01,1,1,3,1,5.0,1983,2010,4,2.0,2,1.0,1.0,0,80,1.0,1.0
200600071503,11,11,3,1,9,2.0,7.0,433,610,0,0,7,2.0,14.0,A01,3,2,3,1,0.0,1961,2006,3,2.0,0,2.0,1.0,0,60,2.0,1.0
201100055070,6,30,1,1,1,1.0,1.0,617,910,0,0,7,6.0,9.0,B01,1,1,3,2,1.0,1986,2011,2,3.0,4,1.0,1.0,15,35,1.0,1.0
200500079622,12,25,3,1,1,1.0,1.0,504,950,0,0,5,8.0,1.0,A01,2,2,3,2,0.0,1976,2005,1,3.0,0,1.0,1.0,10,70,1.0,2.0
201400045778,12,1,5,2,3,2.0,3.0,582,950,0,0,32,2.0,1.0,B01,1,1,3,1,4.0,1980,2014,3,2.0,2,1.0,1.0,0,0,2.0,1.0
201500016794,10,26,1,1,1,1.0,6.0,451,240,0,0,10,2.0,0.0,A01,1,1,3,1,3.0,1953,2015,3,2.0,2,0.0,1.0,0,61,9.0,3.0
201200038703,10,30,5,2,2,1.0,1.0,191,790,0,0,2,7.0,15.0,A01,1,1,3,1,0.0,1984,2012,3,2.0,2,1.0,1.0,0,90,1.0,1.0
200700074099,11,29,5,1,3,1.0,3.0,327,340,0,0,2,1.0,1.0,A01,1,1,3,1,1.0,1991,2007,3,2.0,0,0.0,1.0,0,50,1.0,0.0
200600031934,6,3,1,1,1,1.0,3.0,149,360,0,0,33,1.0,1.0,B02,2,2,3,1,0.0,1976,2006,3,2.0,2,2.0,1.0,0,70,1.0,1.0
200700065526,10,29,5,2,2,2.0,6.0,75,920,0,0,32,7.0,1.0,A01,1,1,3,1,1.0,1974,2007,3,2.0,3,1.0,1.0,0,98,2.0,1.0
201600012402,10,14,1,1,1,1.0,3.0,80,720,0,0,7,1.0,14.0,A01,2,2,3,2,0.0,1988,2016,1,3.0,3,2.0,1.0,0,0,1.0,1.0
201400046071,6,5,1,2,1,1.0,3.0,19,950,0,0,32,7.0,17.0,A01,1,1,3,1,4.0,1986,2014,4,2.0,1,1.0,1.0,0,0,1.0,1.0
201700054975,11,28,5,2,3,1.0,6.0,112,750,0,0,7,3.0,1.0,A01,0,3,3,1,5.0,1949,2017,4,2.0,3,1.0,1.0,0,90,2.0,1.0
201300021256,4,16,1,2,1,1.0,3.0,229,270,0,0,33,0.0,17.0,A01,1,1,3,1,1.0,1991,2013,4,2.0,2,1.0,1.0,0,0,1.0,1.0
200900001997,3,27,1,2,1,1.0,3.0,118,750,0,0,31,2.0,1.0,A01,1,1,3,1,0.0,1954,2009,4,1.0,2,1.0,1.0,3,80,1.0,1.0
201100040552,3,6,1,2,1,1.0,7.0,133,740,0,0,7,1.0,19.0,A01,0,3,3,1,5.0,2000,2011,3,2.0,2,1.0,1.0,0,70,1.0,1.0
201200060510,10,4,1,2,1,1.0,1.0,6,971,0,0,30,3.0,13.0,A01,1,1,3,1,9.0,1966,2012,3,2.0,2,2.0,3.0,0,60,1.0,1.0
200500080406,12,6,1,2,1,1.0,6.0,300,170,0,0,7,1.0,1.0,A01,0,3,3,1,4.0,1973,2005,4,2.0,2,1.0,1.0,0,0,1.0,4.0
200600046402,8,18,1,2,1,1.0,2.0,133,840,0,0,33,2.0,1.0,B02,1,1,3,1,5.0,1973,2006,3,2.0,2,1.0,2.0,0,60,1.0,1.0
201100017024,1,9,2,1,1,2.0,6.0,262,110,0,0,7,9.0,16.0,A01,2,2,3,1,0.0,1982,2011,1,1.0,1,2.0,3.0,300,35,2.0,1.0
201800024018,10,9,1,2,1,1.0,2.0,63,330,0,0,30,1.0,2.0,A01,1,1,3,1,0.0,1979,2018,4,2.0,2,1.0,1.0,0,0,1.0,1.0
200500010129,2,5,1,1,1,1.0,3.0,69,940,0,0,7,6.0,2.0,A01,2,2,3,2,0.0,1938,2005,1,3.0,10,1.0,1.0,15,365,1.0,1.0
200500015733,3,15,1,2,3,1.0,6.0,569,590,0,0,7,1.0,19.0,A01,2,2,3,2,0.0,1924,2005,4,2.0,2,1.0,1.0,0,49,1.0,4.0
201300033628,7,17,1,2,1,1.0,7.0,202,690,0,0,7,1.0,13.0,A01,1,1,3,2,0.0,1930,2013,4,2.0,2,2.0,3.0,0,91,1.0,3.0
201800021594,1,27,5,1,1,1.0,6.0,666,910,0,0,7,2.0,19.0,A01,0,3,3,2,1.0,1979,2018,3,2.0,4,1.0,1.0,0,0,1.0,1.0
200900041430,4,27,1,2,1,1.0,6.0,210,130,0,0,33,1.0,21.0,A01,1,1,3,1,0.0,1964,2009,4,2.0,2,2.0,2.0,0,70,1.0,1.0
200500040895,7,16,3,1,1,1.0,1.0,600,140,0,0,7,1.0,13.0,A01,2,2,3,2,0.0,1989,2005,3,2.0,2,1.0,3.0,0,62,1.0,3.0
200600043401,7,18,1,1,1,1.0,6.0,325,420,0,0,14,3.0,1.0,B02,2,2,3,1,0.0,1959,2006,2,2.0,3,0.0,1.0,0,104,1.0,1.0
200900007646,3,2,1,1,1,1.0,6.0,65,470,0,0,7,1.0,14.0,A01,1,1,3,2,4.0,1989,2009,3,2.0,2,1.0,1.0,0,65,1.0,3.0
201100008226,1,18,5,2,2,1.0,3.0,9,740,0,0,30,1.0,1.0,B02,1,1,3,2,1.0,1993,2011,3,2.0,2,1.0,1.0,0,106,1.0,1.0
201300007183,7,21,3,1,1,1.0,7.0,370,250,0,0,7,1.0,19.0,A01,2,2,3,1,0.0,1986,2013,3,2.0,2,0.0,1.0,60,165,1.0,1.0
201100066105,6,11,3,1,1,1.0,3.0,13,972,0,0,33,1.0,5.0,B01,2,2,3,2,5.0,1991,2011,3,2.0,2,1.0,1.0,0,0,1.0,1.0
200800032017,6,3,2,2,3,1.0,7.0,37,240,0,0,7,3.0,1.0,A01,3,2,3,1,0.0,1983,2008,3,2.0,2,1.0,3.0,0,58,1.0,3.0
200800064954,11,21,5,2,1,1.0,6.0,73,930,0,0,7,1.0,1.0,A01,0,3,3,2,2.0,1997,2008,4,2.0,0,1.0,1.0,0,40,2.0,1.0
200600072348,11,12,3,1,1,1.0,7.0,704,210,0,0,10,1.0,1.0,A01,1,1,3,1,1.0,1962,2006,3,2.0,2,3.0,1.0,0,41,1.0,1.0
201100037058,8,2,1,2,2,1.0,3.0,555,620,0,0,7,6.0,0.0,B01,3,2,3,2,5.0,2000,2011,4,2.0,0,1.0,1.0,0,50,1.0,1.0
200900067819,10,30,5,2,1,1.0,4.0,304,540,0,0,7,4.0,2.0,B01,2,2,3,2,5.0,1976,2009,4,2.0,3,1.0,1.0,0,0,1.0,1.0
201100023452,11,18,5,2,6,1.0,3.0,205,180,0,0,33,3.0,1.0,A01,1,1,3,1,5.0,1987,2011,3,1.0,1,1.0,1.0,0,80,1.0,1.0
201700046914,10,28,1,1,1,1.0,2.0,175,770,0,0,7,8.0,11.0,A01,1,1,3,2,5.0,1998,2017,2,1.0,3,1.0,1.0,0,0,1.0,1.0
201300057785,11,24,1,1,1,1.0,2.0,13,972,0,0,33,9.0,2.0,A01,1,1,3,1,0.0,1970,2013,1,3.0,6,1.0,1.0,0,0,1.0,1.0
201100014154,9,3,1,1,1,1.0,3.0,355,280,0,0,33,1.0,1.0,A01,1,1,3,2,5.0,1984,2011,3,2.0,2,2.0,1.0,0,41,1.0,1.0
201400023058,2,1,1,2,1,3.0,6.0,69,310,0,0,7,0.0,0.0,A01,2,2,3,1,3.0,1966,2014,3,3.0,0,1.0,1.0,0,0,2.0,1.0