num_acc,mois,jour,lum,agg,int,atm,col,com,dep,hr,mn,catv,choc,manv,num_veh,place,catu,grav,sexe,trajet,an_nais,annee,catr,circ,nbv,prof,plan,lartpc,larrout,surf,situ
201200001112,7,19,1,1,1,1.0,1.0,292,220,0,0,33,7.0,1.0,A01,1,1,3,1,9.0,1983,2012,3,2.0,2,2.0,4.0,60,30,1.0,1.0
201400041718,12,17,3,2,8,3.0,6.0,7,930,0,0,7,0.0,2.0,A01,0,3,3,1,1.0,1996,2014,4,3.0,2,1.0,1.0,0,0,2.0,1.0
200700076538,12,19,1,2,3,1.0,3.0,104,60,0,0,33,8.0,17.0,B01,1,1,3,1,9.0,1951,2007,3,2.0,2,1.0,1.0,0,50,1.0,1.0
201800001593,7,25,1,1,1,1.0,1.0,145,650,0,0,1,1.0,13.0,A01,1,1,3,1,5.0,1955,2018,3,2.0,2,1.0,3.0,0,0,1.0,1.0
200600011718,3,4,4,2,6,1.0,6.0,117,130,0,0,7,1.0,1.0,A01,1,1,3,1,5.0,1979,2006,4,0.0,0,1.0,1.0,0,0,1.0,1.0
201000036935,10,7,1,2,9,1.0,5.0,183,590,0,0,7,1.0,1.0,B01,1,1,3,2,5.0,1983,2010,3,2.0,3,1.0,1.0,0,106,1.0,1.0
200800051534,9,23,1,2,1,1.0,6.0,108,770,0,0,30,7.0,1.0,A01,1,1,3,2,4.0,1973,2008,6,0.0,1,1.0,1.0,0,45,1.0,0.0
201000043560,7,22,1,1,1,1.0,4.0,374,770,0,0,7,3.0,2.0,B01,1,1,3,1,0.0,1959,2010,3,2.0,2,1.0,1.0,0,0,1.0,1.0
200600076764,12,23,1,2,1,1.0,6.0,147,450,0,0,33,1.0,17.0,A01,0,3,3,2,0.0,1951,2006,4,2.0,2,1.0,1.0,0,85,2.0,1.0
200600005411,1,27,5,2,1,4.0,6.0,282,580,0,0,7,2.0,1.0,A01,1,1,3,1,1.0,1969,2006,3,2.0,0,2.0,3.0,0,64,5.0,3.0
200600033725,6,16,1,2,1,1.0,2.0,238,350,0,0,2,1.0,2.0,A01,1,1,3,1,5.0,1990,2006,4,2.0,2,1.0,0.0,0,60,1.0,1.0
200500027625,5,19,1,2,1,1.0,6.0,55,130,0,0,7,3.0,1.0,A01,0,3,3,2,0.0,1997,2005,4,2.0,2,2.0,1.0,0,0,1.0,1.0
200900019363,4,13,1,1,1,7.0,5.0,117,670,0,0,33,7.0,1.0,D04,1,1,3,1,5.0,1961,2009,3,2.0,2,0.0,1.0,0,0,1.0,1.0
200500024744,5,14,1,1,1,3.0,1.0,452,800,0,0,7,1.0,1.0,B02,3,2,3,1,0.0,1998,2005,3,2.0,2,3.0,0.0,0,62,2.0,1.0
200700078894,12,6,5,2,4,2.0,3.0,351,760,0,0,2,1.0,1.0,B01,1,1,3,1,1.0,1986,2007,4,2.0,2,1.0,1.0,0,90,2.0,1.0
201400026907,8,15,1,2,1,1.0,3.0,544,380,0,0,1,1.0,1.0,B01,1,1,3,1,5.0,1950,2014,4,3.0,2,1.0,1.0,0,0,2.0,5.0
201400030639,1,9,5,2,2,1.0,7.0,560,590,0,0,37,2.0,1.0,A01,0,3,3,1,9.0,1968,2014,3,2.0,2,1.0,1.0,0,0,1.0,1.0
201300009138,12,13,3,1,1,5.0,1.0,79,910,0,0,7,3.0,1.0,B02,2,2,3,1,0.0,1931,2013,3,2.0,2,1.0,1.0,72,0,2.0,1.0
201700059086,9,7,5,2,1,1.0,6.0,601,976,0,0,7,3.0,1.0,A01,0,3,3,2,0.0,2015,2017,4,2.0,2,1.0,0.0,4,510,1.0,0.0
200800039782,7,18,1,2,3,1.0,6.0,395,540,0,0,33,7.0,1.0,A01,1,1,3,1,5.0,1972,2008,4,2.0,2,1.0,1.0,0,0,1.0,1.0
201600009369,12,12,1,1,1,1.0,7.0,59,202,0,0,15,3.0,1.0,A01,1,1,3,1,4.0,1984,2016,2,2.0,2,1.0,3.0,0,80,1.0,1.0
201100040134,2,17,5,2,1,1.0,6.0,270,710,0,0,2,0.0,0.0,A01,1,1,3,1,5.0,1993,2011,6,0.0,0,1.0,1.0,0,0,1.0,1.0
200900022567,2,8,3,1,1,1.0,1.0,418,110,0,0,7,1.0,1.0,B02,2,2,3,2,0.0,1953,2009,3,2.0,0,1.0,1.0,0,45,1.0,1.0
201600003547,5,17,3,1,1,1.0,6.0,191,870,0,0,7,1.0,13.0,A01,1,1,3,1,5.0,1995,2016,2,2.0,2,0.0,3.0,0,78,1.0,1.0
201000013391,8,26,1,1,1,1.0,5.0,260,300,0,0,3,3.0,2.0,A01,1,1,3,1,5.0,1933,2010,3,2.0,2,0.0,1.0,0,60,1.0,1.0
201000003909,9,6,1,2,1,1.0,6.0,178,850,0,0,7,8.0,1.0,A01,0,3,3,1,5.0,1927,2010,3,1.0,1,0.0,2.0,0,0,1.0,1.0
200700031484,5,3,1,1,1,1.0,7.0,527,950,0,0,10,3.0,0.0,A01,1,1,3,2,5.0,1925,2007,1,1.0,4,1.0,3.0,15,245,1.0,1.0
201700058843,9,8,5,1,1,1.0,1.0,116,971,0,0,1,1.0,1.0,B01,1,1,3,1,0.0,1998,2017,3,2.0,2,1.0,1.0,0,0,1.0,1.0
201800010486,1,6,1,1,1,8.0,7.0,139,720,0,0,7,2.0,1.0,A01,2,2,3,2,5.0,1957,2018,1,3.0,2,1.0,1.0,0,0,1.0,1.0
201100008099,4,24,1,1,1,1.0,1.0,289,740,0,0,7,1.0,1.0,B02,1,1,3,1,0.0,1980,2011,3,2.0,2,1.0,4.0,0,60,1.0,1.0
201100054765,1,13,1,1,1,2.0,3.0,477,910,0,0,7,7.0,1.0,A01,1,1,3,2,2.0,1985,2011,1,3.0,6,2.0,1.0,15,70,2.0,1.0
201800050981,1,27,5,2,3,1.0,6.0,108,750,20,45,7,3.0,1.0,A01,0,3,3,1,9.0,1971,2018,4,1.0,1,1.0,1.0,0,30,1.0,1.0
201900003217,6,3,1,1,1,1.0,5.0,30151,30,0,0,7,1.0,1.0,B01,9,2,3,2,5.0,1930,2019,3,2.0,1,1.0,1.0,0,0,1.0,1.0
201200018182,6,29,1,1,1,1.0,6.0,58,640,0,0,31,1.0,14.0,A01,1,1,3,1,5.0,1994,2012,4,2.0,2,2.0,1.0,0,35,1.0,0.0
200700040209,7,23,1,1,1,2.0,6.0,326,70,0,0,7,1.0,1.0,A01,1,1,3,2,5.0,1979,2007,3,2.0,1,2.0,4.0,0,50,2.0,3.0
201300028576,8,27,2,2,6,1.0,7.0,382,540,0,0,15,7.0,9.0,A01,1,1,3,1,4.0,1960,2013,2,3.0,2,1.0,2.0,0,0,1.0,1.0
201600012864,6,4,1,1,1,1.0,3.0,82,630,0,0,7,8.0,13.0,A01,1,1,3,2,5.0,1951,2016,1,3.0,4,1.0,1.0,10,200,1.0,1.0
201600026114,11,18,5,2,3,1.0,3.0,53,380,0,0,7,5.0,1.0,A01,1,1,3,1,1.0,1996,2016,2,3.0,4,1.0,1.0,47,211,1.0,1.0
201400050903,11,6,3,1,1,1.0,3.0,276,690,0,0,32,8.0,3.0,A01,1,1,3,1,1.0,1966,2014,1,3.0,3,1.0,1.0,15,105,1.0,1.0
201800002047,10,13,1,2,1,1.0,7.0,182,70,0,0,31,8.0,1.0,A01,1,1,3,1,5.0,2000,2018,2,2.0,2,1.0,1.0,0,0,1.0,1.0
201100036441,9,15,1,2,1,1.0,6.0,606,590,0,0,7,2.0,1.0,A01,0,3,3,1,5.0,1946,2011,4,3.0,2,2.0,1.0,0,60,1.0,1.0
200500040027,6,23,1,1,1,1.0,2.0,141,280,0,0,7,2.0,2.0,A01,1,1,3,1,5.0,1972,2005,1,3.0,3,1.0,1.0,8,141,1.0,1.0
200700030850,5,15,1,2,1,1.0,3.0,50,920,0,0,33,1.0,1.0,B01,1,1,3,1,0.0,1952,2007,2,2.0,4,1.0,1.0,0,0,1.0,1.0
201100013247,8,27,2,1,1,1.0,6.0,185,202,0,0,31,1.0,13.0,A01,1,1,3,1,5.0,1987,2011,3,2.0,2,1.0,3.0,0,56,1.0,1.0
201200000269,4,30,1,2,7,8.0,6.0,46,620,0,0,31,1.0,1.0,A01,1,1,3,1,5.0,1965,2012,4,1.0,1,1.0,1.0,0,0,2.0,1.0
200700061876,10,11,1,2,1,1.0,1.0,69,60,0,0,2,1.0,13.0,A01,1,1,3,1,0.0,1990,2007,4,2.0,2,2.0,3.0,0,0,1.0,1.0
201500053501,6,21,2,2,1,1.0,6.0,114,750,0,0,7,2.0,1.0,A01,0,3,3,1,5.0,1988,2015,4,1.0,1,1.0,1.0,0,25,1.0,1.0
200900048522,9,13,2,1,1,1.0,3.0,133,440,0,0,33,3.0,17.0,A01,1,1,3,1,0.0,1984,2009,3,2.0,2,1.0,1.0,0,75,1.0,1.0
200800034277,6,12,1,2,1,2.0,2.0,1,930,0,0,31,1.0,3.0,A01,1,1,3,1,1.0,1979,2008,3,2.0,2,1.0,1.0,0,120,2.0,1.0
201100024521,8,31,1,2,1,1.0,6.0,56,250,0,0,7,0.0,0.0,A01,0,3,3,1,0.0,1923,2011,4,0.0,2,0.0,0.0,0,0,0.0,1.0
200800030754,6,22,3,1,1,1.0,1.0,151,340,0,0,7,3.0,1.0,B02,3,2,3,2,0.0,1990,2008,3,2.0,2,1.0,3.0,0,69,1.0,1.0
201600005425,7,23,1,1,1,1.0,6.0,144,730,0,0,1,1.0,1.0,A01,1,1,3,1,5.0,1960,2016,3,2.0,2,2.0,2.0,0,70,1.0,1.0
200600005872,1,11,2,1,1,1.0,7.0,32,340,0,0,7,2.0,1.0,A01,1,2,3,1,0.0,1985,2006,1,3.0,0,0.0,3.0,10,105,9.0,2.0
201700033028,6,15,5,2,1,2.0,1.0,122,640,0,0,33,1.0,1.0,B01,1,1,3,1,4.0,1982,2017,4,2.0,2,2.0,1.0,0,83,2.0,1.0
200900001244,1,11,1,1,1,1.0,1.0,398,270,0,0,7,3.0,1.0,B02,1,1,3,1,5.0,1950,2009,3,2.0,1,1.0,3.0,0,100,1.0,1.0
201200025238,7,5,1,2,2,1.0,6.0,63,330,0,0,33,6.0,1.0,B01,1,1,3,1,0.0,1954,2012,4,2.0,2,1.0,1.0,0,0,1.0,1.0
201300040708,2,11,1,2,1,1.0,6.0,1,930,0,0,7,3.0,1.0,A01,0,3,3,2,5.0,2009,2013,4,1.0,1,1.0,1.0,0,70,1.0,1.0
200600043918,7,30,1,1,9,1.0,1.0,529,700,0,0,2,1.0,17.0,A01,2,2,3,2,0.0,1975,2006,3,2.0,2,0.0,1.0,0,63,1.0,1.0
201700051401,7,21,1,1,9,1.0,6.0,3,330,0,0,33,7.0,17.0,A01,1,1,3,1,1.0,1980,2017,1,3.0,8,1.0,1.0,10,280,1.0,1.0
201400046968,2,7,1,1,1,1.0,2.0,64,930,0,0,7,4.0,1.0,A01,1,1,3,2,1.0,1985,2014,1,1.0,3,2.0,4.0,15,105,1.0,1.0
201000006588,4,28,1,1,1,1.0,3.0,271,650,0,0,33,1.0,1.0,B02,1,1,3,1,0.0,1965,2010,3,2.0,0,0.0,0.0,0,0,0.0,0.0
200900055179,9,26,1,2,1,1.0,3.0,56,250,0,0,2,5.0,21.0,A01,1,1,3,1,5.0,1991,2009,4,1.0,2,1.0,2.0,0,0,1.0,1.0
201400023714,12,17,3,1,1,1.0,2.0,54,830,0,0,33,1.0,9.0,A01,1,1,3,1,1.0,1963,2014,1,1.0,2,1.0,1.0,20,100,1.0,1.0
201700014422,5,19,1,1,1,1.0,6.0,31,500,0,0,7,2.0,13.0,A01,1,1,3,2,5.0,1957,2017,3,2.0,2,1.0,2.0,65,65,2.0,3.0
201700024276,4,2,1,1,1,8.0,1.0,386,630,0,0,7,1.0,1.0,B01,2,2,3,2,5.0,1938,2017,3,2.0,2,2.0,2.0,0,90,2.0,1.0
201700022029,10,23,1,1,1,2.0,7.0,475,140,0,0,7,1.0,2.0,A01,1,1,3,2,3.0,1960,2017,1,1.0,2,1.0,1.0,10,80,2.0,3.0
201600017606,7,22,1,1,2,1.0,3.0,648,500,0,0,7,5.0,19.0,A01,2,2,3,1,0.0,1991,2016,3,2.0,2,3.0,1.0,0,0,1.0,1.0
200900066356,10,26,1,1,1,1.0,3.0,3,940,0,0,10,2.0,12.0,B01,1,1,3,1,5.0,1982,2009,1,3.0,2,2.0,3.0,15,70,1.0,1.0
201500029669,8,1,1,2,9,1.0,6.0,654,590,0,0,1,1.0,19.0,B01,1,1,3,1,3.0,1988,2015,4,2.0,2,1.0,1.0,0,78,1.0,1.0
201800029593,9,27,2,2,2,1.0,1.0,350,590,0,0,7,3.0,0.0,B01,1,1,3,1,1.0,1987,2018,4,1.0,1,1.0,1.0,0,0,1.0,3.0
201400033576,4,11,5,2,2,1.0,3.0,66,680,0,0,31,2.0,1.0,B01,1,1,3,1,9.0,1972,2014,4,2.0,3,1.0,1.0,0,110,1.0,1.0
200900015666,5,16,3,1,1,1.0,6.0,5,810,0,0,7,8.0,14.0,A01,1,1,3,1,5.0,1990,2009,3,2.0,2,2.0,2.0,0,50,1.0,3.0
201700036779,9,12,1,2,1,1.0,6.0,311,780,0,0,7,3.0,21.0,A01,0,3,3,1,2.0,2007,2017,4,1.0,1,1.0,1.0,0,48,2.0,1.0
201200027865,8,13,1,2,1,1.0,6.0,185,380,0,0,32,1.0,1.0,A01,1,1,3,1,5.0,1947,2012,4,3.0,4,1.0,1.0,0,120,1.0,1.0
200900033492,1,10,5,2,1,1.0,6.0,26,920,0,0,1,1.0,1.0,A01,0,3,3,2,9.0,1918,2009,4,2.0,2,1.0,1.0,0,64,1.0,1.0
201200017250,3,4,3,1,1,1.0,6.0,168,240,0,0,7,1.0,1.0,A01,1,1,3,1,5.0,1991,2012,3,2.0,0,1.0,1.0,0,64,1.0,3.0
200700002159,1,23,1,2,3,1.0,3.0,55,130,0,0,30,1.0,1.0,B01,2,2,3,1,0.0,1991,2007,4,2.0,2,1.0,1.0,0,60,2.0,1.0
201600010063,5,7,1,2,1,1.0,3.0,214,280,0,0,32,7.0,1.0,B02,1,1,3,2,5.0,1981,2016,4,0.0,0,0.0,1.0,68,0,1.0,1.0
201400011707,7,15,1,1,1,1.0,5.0,257,730,0,0,7,1.0,1.0,B02,2,2,3,2,0.0,1968,2014,3,2.0,2,3.0,2.0,0,74,1.0,1.0
200800000983,1,9,5,2,1,2.0,6.0,342,710,0,0,7,2.0,17.0,A01,0,3,3,2,0.0,1956,2008,3,2.0,2,1.0,1.0,15,72,2.0,1.0
201600048869,6,6,1,1,1,1.0,2.0,586,590,0,0,33,1.0,3.0,A01,1,1,3,1,0.0,1972,2016,1,3.0,4,1.0,1.0,60,190,1.0,1.0
200700076184,12,7,3,1,1,3.0,2.0,274,190,0,0,7,7.0,2.0,A01,1,1,3,1,5.0,1930,2007,1,3.0,4,1.0,1.0,20,140,2.0,1.0
201400043268,5,18,1,2,1,1.0,4.0,66,930,0,0,33,1.0,21.0,A01,1,1,3,1,0.0,1979,2014,4,1.0,2,1.0,1.0,0,0,1.0,1.0
201500036721,9,4,1,2,1,1.0,6.0,657,910,0,0,7,2.0,1.0,A01,0,3,3,1,2.0,2003,2015,4,2.0,2,1.0,1.0,0,0,1.0,1.0
201300009595,10,4,3,1,1,3.0,6.0,139,360,0,0,7,4.0,0.0,A01,1,1,3,1,5.0,1984,2013,3,2.0,2,1.0,2.0,0,61,2.0,3.0
200700046886,8,20,1,2,1,1.0,3.0,128,850,0,0,1,2.0,1.0,B02,1,1,3,2,3.0,1924,2007,4,2.0,2,1.0,1.0,0,60,2.0,1.0
200800018149,4,29,1,1,1,1.0,1.0,317,400,0,0,7,5.0,13.0,A01,1,1,3,2,5.0,1929,2008,3,2.0,2,2.0,1.0,0,60,1.0,1.0
201000012850,9,12,2,1,9,1.0,1.0,154,340,0,0,7,1.0,19.0,A01,1,1,3,1,5.0,1990,2010,3,2.0,0,0.0,3.0,0,87,1.0,1.0
201300003708,7,18,5,1,1,1.0,1.0,582,310,0,0,7,1.0,15.0,A01,1,1,3,2,1.0,1969,2013,3,2.0,3,1.0,1.0,0,140,1.0,1.0
201000005473,9,26,1,2,1,1.0,7.0,253,170,0,0,31,8.0,15.0,A01,1,1,3,1,5.0,1989,2010,4,2.0,2,1.0,2.0,0,47,1.0,1.0
201700016946,3,21,1,1,1,1.0,6.0,41,440,0,0,7,3.0,16.0,A01,2,2,3,1,0.0,2000,2017,3,3.0,2,2.0,3.0,0,0,1.0,1.0
200700074904,12,24,3,1,1,5.0,6.0,86,490,0,0,7,1.0,1.0,A01,1,1,3,2,1.0,1980,2007,3,2.0,0,2.0,1.0,0,0,2.0,1.0
200800029523,6,15,3,1,1,1.0,2.0,337,600,0,0,7,8.0,2.0,B02,1,1,3,1,5.0,1982,2008,3,2.0,2,2.0,4.0,0,61,1.0,1.0
201700034533,5,19,1,1,3,1.0,3.0,443,10,0,0,7,2.0,1.0,B01,2,2,3,2,5.0,1964,2017,3,2.0,2,2.0,0.0,7,10,1.0,1.0
201000003163,9,22,1,1,1,1.0,7.0,131,440,0,0,30,0.0,1.0,A01,1,1,3,1,1.0,1978,2010,3,2.0,2,1.0,1.0,0,52,1.0,1.0
200900007015,1,30,1,2,1,7.0,1.0,335,590,0,0,1,1.0,1.0,B02,1,1,3,1,5.0,1957,2009,3,2.0,2,1.0,1.0,0,60,1.0,1.0
201700018673,12,10,3,1,1,4.0,6.0,262,890,0,0,7,1.0,0.0,A01,1,1,3,2,9.0,1998,2017,3,2.0,2,4.0,0.0,0,66,5.0,3.0
200800015738,3,15,2,1,1,1.0,7.0,61,220,0,0,99,0.0,0.0,A01,1,1,3,1,9.0,1978,2008,4,2.0,2,1.0,3.0,0,52,1.0,3.0
200700043614,7,18,5,2,3,1.0,3.0,599,590,0,0,2,1.0,1.0,A01,1,1,3,1,5.0,1988,2007,4,2.0,2,1.0,1.0,0,80,1.0,1.0
201300009662,10,18,1,1,1,1.0,1.0,43,370,0,0,7,2.0,1.0,A01,2,2,3,2,0.0,1927,2013,3,2.0,0,1.0,1.0,0,50,1.0,1.0
201400031409,12,12,5,2,1,2.0,6.0,447,590,0,0,7,1.0,15.0,A01,0,3,3,2,5.0,1959,2014,3,2.0,2,1.0,1.0,0,0,2.0,1.0
201500029652,6,3,1,2,1,1.0,6.0,178,590,0,0,7,1.0,1.0,A01,0,3,3,1,5.0,2000,2015,4,3.0,2,1.0,1.0,0,0,1.0,1.0
201400008937,6,16,3,1,1,1.0,7.0,71,660,0,0,33,1.0,1.0,A01,1,1,3,1,5.0,1956,2014,3,2.0,2,1.0,2.0,0,70,1.0,1.0
200800069486,12,29,1,1,1,1.0,6.0,101,380,0,0,7,3.0,1.0,A01,1,1,3,1,4.0,1963,2008,1,3.0,0,0.0,1.0,30,105,1.0,1.0
200500061371,9,1,5,2,3,1.0,3.0,66,930,0,0,7,3.0,0.0,B01,3,2,3,1,0.0,1985,2005,2,2.0,2,1.0,1.0,0,0,1.0,1.0
201700015915,4,14,1,1,1,1.0,7.0,592,20,0,0,7,9.0,14.0,A01,2,2,3,2,5.0,1998,2017,3,2.0,2,2.0,3.0,0,0,1.0,3.0
200700012375,3,21,1,2,1,4.0,1.0,261,190,0,0,1,1.0,0.0,B02,1,1,3,1,3.0,1988,2007,3,0.0,0,0.0,1.0,25,0,2.0,1.0
201500018637,8,7,2,1,1,1.0,1.0,677,800,0,0,10,3.0,1.0,B02,1,1,3,1,4.0,1986,2015,3,2.0,2,1.0,1.0,63,0,1.0,1.0
201500050866,1,16,5,2,2,1.0,6.0,104,750,0,0,1,1.0,1.0,B01,1,1,3,1,9.0,1972,2015,4,1.0,4,1.0,1.0,0,100,1.0,4.0
201600046795,4,22,1,1,1,1.0,1.0,455,780,0,0,33,8.0,3.0,A01,1,1,3,1,9.0,1995,2016,1,3.0,2,1.0,1.0,15,70,1.0,2.0
201200006857,10,9,5,2,1,2.0,5.0,334,680,0,0,10,3.0,17.0,A01,1,1,3,1,4.0,1967,2012,2,2.0,2,1.0,1.0,0,148,2.0,1.0
201600006639,10,16,1,2,1,1.0,3.0,416,670,0,0,33,3.0,1.0,A01,1,1,3,1,5.0,1969,2016,3,2.0,0,4.0,4.0,0,60,1.0,1.0
201500012582,2,9,3,1,1,1.0,6.0,36,400,0,0,7,2.0,21.0,A01,0,3,3,1,5.0,1940,2015,1,1.0,3,0.0,1.0,0,0,2.0,1.0
200700059502,9,21,1,2,1,1.0,2.0,113,750,0,0,34,4.0,2.0,B01,2,2,3,2,0.0,1960,2007,4,1.0,2,1.0,1.0,0,92,1.0,1.0
200900021454,2,20,5,2,1,1.0,6.0,172,340,0,0,7,3.0,0.0,A01,0,3,3,2,5.0,1989,2009,4,2.0,2,1.0,0.0,0,60,1.0,1.0
201000016417,3,9,1,2,1,1.0,6.0,88,60,0,0,31,1.0,1.0,A01,0,3,3,1,5.0,1921,2010,4,2.0,4,1.0,1.0,0,100,1.0,1.0
200800003281,1,28,5,2,2,1.0,3.0,109,440,0,0,32,2.0,1.0,B01,1,1,3,1,5.0,1976,2008,4,2.0,3,1.0,1.0,0,100,1.0,0.0
201300019766,7,21,1,1,1,1.0,4.0,850,620,0,0,7,1.0,1.0,B02,5,2,3,2,0.0,1996,2013,3,3.0,4,3.0,1.0,12,148,1.0,1.0
201100055750,10,29,1,1,1,1.0,2.0,237,590,0,0,7,1.0,1.0,A01,2,2,3,1,5.0,1990,2011,1,3.0,4,0.0,0.0,40,210,1.0,0.0
201100010586,8,28,1,2,1,1.0,6.0,350,710,0,0,7,3.0,13.0,A01,2,2,3,1,0.0,1930,2011,3,2.0,2,2.0,1.0,0,60,1.0,1.0
200500052318,8,22,1,2,2,1.0,3.0,475,710,0,0,7,7.0,19.0,A01,1,1,3,1,5.0,1941,2005,2,1.0,1,1.0,1.0,0,34,1.0,1.0
200600045241,8,22,1,1,1,1.0,1.0,163,490,0,0,7,3.0,1.0,A01,1,1,3,2,5.0,1946,2006,3,2.0,0,1.0,3.0,0,72,1.0,1.0
200900040194,10,13,2,2,1,1.0,1.0,35,630,0,0,2,1.0,1.0,B02,1,1,3,1,1.0,1991,2009,4,2.0,2,1.0,1.0,0,48,1.0,1.0
201600019679,7,3,1,2,1,1.0,2.0,15,160,0,0,31,1.0,18.0,B01,1,1,3,1,5.0,1975,2016,3,3.0,2,1.0,1.0,30,150,1.0,5.0
200800022045,4,15,1,2,3,1.0,6.0,111,750,0,0,7,2.0,1.0,A01,0,3,3,2,5.0,1976,2008,4,1.0,1,1.0,1.0,0,57,1.0,0.0
200500072882,11,9,5,1,1,1.0,4.0,117,130,0,0,7,4.0,23.0,B01,1,1,3,2,5.0,1954,2005,2,1.0,0,1.0,1.0,0,0,1.0,1.0
200600017022,3,30,1,2,1,8.0,2.0,2,920,0,0,7,1.0,2.0,A01,1,1,3,2,2.0,1987,2006,2,1.0,2,1.0,1.0,0,40,1.0,1.0
201700021739,4,11,1,1,1,1.0,7.0,165,470,0,0,7,1.0,1.0,A01,1,1,3,1,1.0,1986,2017,4,2.0,2,2.0,4.0,0,55,1.0,3.0
200800001144,1,8,1,2,1,1.0,6.0,157,340,0,0,7,3.0,1.0,A01,0,3,3,1,0.0,1932,2008,3,2.0,2,2.0,1.0,0,0,1.0,1.0
200500001587,1,8,3,1,1,1.0,3.0,355,202,0,0,7,7.0,13.0,A01,1,1,3,1,5.0,1985,2005,2,2.0,2,1.0,2.0,0,68,1.0,1.0
200700001122,1,2,1,1,3,1.0,5.0,81,830,0,0,7,1.0,1.0,A01,1,1,3,2,0.0,1950,2007,3,2.0,3,1.0,1.0,0,0,1.0,1.0
200600009159,2,11,5,2,1,1.0,6.0,270,710,0,0,10,8.0,1.0,A01,1,1,3,1,5.0,1986,2006,3,2.0,2,1.0,1.0,0,75,1.0,1.0
201000054752,3,18,5,2,1,1.0,6.0,585,950,0,0,7,1.0,1.0,A01,0,3,3,2,2.0,1996,2010,4,2.0,2,2.0,1.0,0,65,1.0,1.0
201000010512,5,23,1,1,1,1.0,6.0,349,100,0,0,7,1.0,0.0,A01,5,2,3,2,0.0,1995,2010,4,2.0,0,1.0,1.0,0,40,9.0,1.0
201300056962,11,12,5,2,1,1.0,3.0,12,971,0,0,30,3.0,1.0,B02,1,1,3,1,0.0,1986,2013,2,0.0,2,0.0,3.0,0,60,1.0,1.0
201700028273,1,2,1,2,1,1.0,3.0,109,440,0,0,7,3.0,0.0,A01,1,1,3,2,0.0,1988,2017,4,2.0,0,1.0,1.0,0,0,1.0,0.0
200500072275,11,12,1,1,1,2.0,3.0,509,760,0,0,7,8.0,19.0,B02,1,1,3,2,5.0,1927,2005,3,0.0,0,1.0,2.0,0,53,2.0,1.0
200500018622,4,25,1,2,3,1.0,1.0,88,60,0,0,2,1.0,17.0,A01,1,1,3,1,1.0,1988,2005,4,2.0,3,1.0,2.0,0,90,1.0,1.0
201800034837,7,12,1,2,1,1.0,5.0,158,780,0,0,33,4.0,11.0,B01,1,1,3,1,0.0,1994,2018,3,1.0,2,1.0,1.0,0,0,1.0,3.0
200500022233,4,21,1,2,3,1.0,6.0,46,940,0,0,2,1.0,16.0,A01,1,1,3,1,5.0,1983,2005,4,2.0,0,1.0,1.0,0,60,1.0,1.0
200800047819,8,28,1,1,1,1.0,6.0,71,410,0,0,31,1.0,1.0,A01,1,1,3,1,5.0,1990,2008,3,2.0,2,1.0,3.0,60,0,1.0,0.0
201200052637,7,15,5,1,1,1.0,3.0,34,690,0,0,7,7.0,3.0,A01,3,2,3,2,5.0,1989,2012,9,1.0,2,1.0,2.0,0,70,1.0,1.0
201600016680,9,18,3,1,1,2.0,6.0,388,670,0,0,7,9.0,1.0,A01,1,1,3,1,5.0,1994,2016,3,2.0,1,1.0,3.0,0,45,2.0,3.0
201300027965,5,18,1,2,2,3.0,3.0,99,490,0,0,2,1.0,1.0,A01,2,2,3,2,5.0,1996,2013,4,2.0,2,1.0,1.0,0,70,2.0,1.0
201800033315,7,10,1,1,1,1.0,3.0,65,730,0,0,31,6.0,1.0,A01,1,1,3,1,5.0,1964,2018,2,3.0,7,1.0,1.0,0,0,1.0,1.0
200800068673,12,17,3,1,1,1.0,4.0,123,350,0,0,7,4.0,1.0,B02,1,1,3,1,0.0,1955,2008,3,2.0,2,1.0,1.0,12,75,1.0,1.0
201700017008,12,11,3,1,1,3.0,6.0,197,250,0,0,7,9.0,2.0,A01,1,1,3,1,5.0,1988,2017,3,2.0,2,1.0,1.0,0,25,2.0,3.0
201100013038,10,2,1,1,1,1.0,6.0,128,480,0,0,33,3.0,1.0,A01,2,2,3,2,0.0,1983,2011,3,2.0,2,2.0,4.0,0,71,1.0,1.0
200900065117,8,21,2,2,1,1.0,6.0,549,910,0,0,7,1.0,1.0,A01,0,3,3,2,5.0,2001,2009,4,2.0,2,1.0,1.0,0,0,1.0,1.0
201800024430,9,27,1,2,1,1.0,3.0,172,340,0,0,1,1.0,19.0,A01,1,1,3,2,5.0,1998,2018,4,1.0,0,1.0,1.0,0,0,1.0,3.0
201800036385,1,1,5,2,1,1.0,2.0,552,910,0,0,7,4.0,2.0,B01,3,2,3,2,5.0,1983,2018,2,3.0,4,1.0,1.0,0,0,2.0,1.0
201600011517,5,14,1,1,1,1.0,6.0,257,110,0,0,7,6.0,1.0,A01,1,1,3,2,5.0,1998,2016,3,2.0,2,0.0,3.0,0,59,1.0,3.0
201500039711,12,3,1,2,1,1.0,3.0,1,930,0,0,30,2.0,1.0,B01,1,1,3,1,4.0,1993,2015,4,2.0,2,1.0,1.0,0,100,1.0,1.0
200500043352,7,8,1,2,3,1.0,3.0,112,40,0,0,7,3.0,15.0,B01,1,1,3,2,9.0,1962,2005,4,2.0,0,1.0,0.0,0,63,1.0,1.0