num_acc,mois,jour,lum,agg,int,atm,col,com,dep,hr,mn,catv,choc,manv,num_veh,place,catu,grav,sexe,trajet,an_nais,annee,catr,circ,nbv,prof,plan,lartpc,larrout,surf,situ
201700017198,3,5,1,1,1,1.0,2.0,251,220,0,0,33,1.0,2.0,A01,2,2,3,2,5.0,1998,2017,3,2.0,2,2.0,1.0,0,60,1.0,1.0
201800003455,2,16,1,1,1,1.0,2.0,15,130,0,0,7,1.0,1.0,B01,7,2,3,2,5.0,1998,2018,3,2.0,4,1.0,1.0,0,0,1.0,1.0
201500021684,2,7,1,1,1,8.0,6.0,164,400,0,0,7,2.0,1.0,A01,5,2,3,2,0.0,1944,2015,1,3.0,0,1.0,1.0,13,70,1.0,2.0
201200040466,5,6,5,2,2,2.0,3.0,10,900,0,0,7,3.0,1.0,B01,1,1,3,2,4.0,1959,2012,4,2.0,3,2.0,1.0,120,120,2.0,4.0
201000005315,4,20,1,2,1,1.0,3.0,315,170,0,0,1,1.0,1.0,B02,1,1,3,1,1.0,1981,2010,4,0.0,0,0.0,0.0,0,0,1.0,1.0
201000014112,1,24,5,1,1,1.0,6.0,679,910,0,0,7,0.0,1.0,A01,1,1,3,1,5.0,1984,2010,3,2.0,4,1.0,2.0,0,0,0.0,0.0
200700081396,1,12,1,2,1,1.0,6.0,213,972,0,0,7,1.0,1.0,A01,0,3,3,2,0.0,1987,2007,3,3.0,4,0.0,0.0,0,0,0.0,1.0
200600044850,8,15,1,2,1,1.0,7.0,92,590,0,0,33,8.0,13.0,A01,2,2,3,1,0.0,1987,2006,4,2.0,2,1.0,3.0,0,0,1.0,1.0
201900055751,7,12,1,1,1,1.0,2.0,31107,31,0,0,7,4.0,2.0,B01,1,1,3,1,4.0,1964,2019,1,3.0,4,1.0,1.0,0,0,1.0,1.0
201100043530,12,18,5,2,2,6.0,3.0,137,830,0,0,7,7.0,2.0,A01,3,2,3,2,5.0,2003,2011,3,2.0,2,2.0,1.0,0,0,1.0,1.0
200600066821,11,6,1,2,1,1.0,1.0,555,310,0,0,2,1.0,5.0,A01,1,1,3,2,9.0,1988,2006,4,2.0,2,1.0,1.0,0,83,1.0,1.0
201700019574,8,24,3,1,3,1.0,2.0,240,800,0,0,7,4.0,1.0,B01,1,1,3,1,1.0,1959,2017,3,2.0,2,1.0,0.0,0,0,1.0,0.0
201000034747,6,23,5,2,1,1.0,7.0,328,490,0,0,30,0.0,0.0,A01,1,1,3,1,0.0,1971,2010,4,2.0,2,1.0,1.0,0,70,1.0,1.0
200800003261,1,11,5,2,1,3.0,6.0,109,440,0,0,2,1.0,0.0,A01,0,3,3,2,2.0,1991,2008,4,2.0,0,2.0,1.0,0,0,2.0,0.0
200700069246,11,12,1,2,6,1.0,6.0,109,440,0,0,7,0.0,0.0,A01,0,3,3,2,0.0,1984,2007,4,2.0,0,1.0,1.0,0,657,1.0,1.0
201400004247,9,7,1,1,1,1.0,6.0,185,820,0,0,33,2.0,1.0,A01,1,1,3,1,5.0,1988,2014,3,0.0,0,0.0,4.0,0,43,1.0,3.0
200900014634,6,29,1,1,1,1.0,1.0,269,860,0,0,7,1.0,23.0,B02,1,1,3,2,1.0,1970,2009,3,2.0,0,1.0,1.0,0,62,1.0,1.0
201700058661,2,12,1,1,1,1.0,7.0,106,971,0,0,10,9.0,1.0,A01,2,2,3,1,5.0,1973,2017,3,2.0,2,2.0,3.0,0,65,1.0,1.0
200900072128,9,25,1,1,1,1.0,3.0,60,670,0,0,7,2.0,15.0,A01,1,1,3,1,4.0,1956,2009,3,2.0,2,1.0,1.0,0,77,1.0,1.0
200800058030,10,11,5,2,2,1.0,3.0,172,340,0,0,32,1.0,0.0,A01,1,1,3,1,0.0,1983,2008,4,1.0,3,1.0,1.0,0,125,1.0,1.0
200600053474,9,8,1,2,9,1.0,6.0,55,130,0,0,7,1.0,14.0,A01,1,1,3,2,5.0,1935,2006,4,2.0,2,1.0,2.0,0,72,1.0,4.0
200900040331,4,16,5,2,1,3.0,5.0,103,420,0,0,7,3.0,1.0,A01,5,2,3,1,5.0,1993,2009,3,2.0,2,1.0,1.0,0,83,2.0,1.0
201300029852,11,30,5,2,2,1.0,3.0,632,590,0,0,7,8.0,1.0,B01,1,1,3,1,1.0,1986,2013,4,2.0,3,1.0,1.0,0,105,2.0,1.0
200900040378,4,21,1,2,1,1.0,2.0,251,770,0,0,7,4.0,2.0,B01,1,1,3,2,5.0,1976,2009,3,3.0,4,1.0,1.0,0,0,1.0,1.0
201100013063,10,21,1,1,1,1.0,2.0,173,660,0,0,7,6.0,0.0,B02,5,2,3,1,0.0,2011,2011,3,2.0,2,1.0,1.0,0,69,1.0,1.0
200600073683,12,30,1,2,1,1.0,3.0,110,470,0,0,33,7.0,1.0,A01,1,1,3,1,5.0,1985,2006,3,2.0,2,0.0,3.0,0,70,1.0,1.0
201500012941,7,11,1,1,1,1.0,7.0,114,800,0,0,7,1.0,1.0,A01,1,1,3,2,5.0,1934,2015,1,2.0,0,1.0,1.0,20,70,1.0,1.0
200600027262,5,7,5,2,1,1.0,3.0,650,590,0,0,7,1.0,1.0,B01,2,2,3,1,0.0,1985,2006,4,0.0,0,1.0,1.0,0,0,1.0,1.0
200800037445,7,1,3,1,1,1.0,3.0,23,830,0,0,2,1.0,0.0,B02,1,1,3,1,9.0,1988,2008,3,2.0,2,4.0,1.0,0,75,1.0,3.0
201900052518,7,12,1,1,1,1.0,5.0,35189,35,0,0,7,9.0,1.0,B01,1,1,3,2,0.0,1997,2019,3,3.0,5,1.0,1.0,0,0,1.0,1.0
200700060205,10,1,1,1,1,8.0,1.0,322,500,0,0,15,3.0,0.0,B02,1,1,3,1,4.0,1976,2007,3,2.0,2,1.0,1.0,0,82,2.0,1.0
200600021995,4,21,1,1,2,1.0,1.0,33,820,0,0,7,1.0,17.0,B01,1,1,3,1,5.0,1987,2006,3,2.0,2,1.0,1.0,0,62,1.0,1.0
201600018565,6,28,1,1,1,1.0,1.0,218,120,0,0,1,1.0,1.0,B02,1,1,3,1,5.0,1946,2016,3,2.0,1,2.0,1.0,0,70,1.0,1.0
200500054549,9,23,1,1,1,1.0,3.0,557,240,0,0,7,1.0,0.0,A01,1,1,3,1,5.0,1929,2005,3,2.0,0,0.0,1.0,0,0,1.0,1.0
201400040188,1,30,1,2,1,1.0,6.0,44,920,0,0,7,1.0,0.0,A01,0,3,3,2,0.0,1953,2014,4,1.0,2,1.0,1.0,0,0,0.0,1.0
201600057892,7,27,1,1,1,1.0,4.0,415,974,0,0,7,5.0,23.0,B02,1,1,3,2,4.0,1957,2016,2,2.0,2,1.0,1.0,0,0,1.0,1.0
201500000570,2,8,1,1,1,8.0,6.0,555,760,0,0,7,7.0,13.0,A01,3,2,3,1,5.0,1994,2015,3,2.0,2,4.0,1.0,0,620,1.0,3.0
201900008378,4,16,1,2,6,1.0,3.0,56083,56,0,0,1,9.0,16.0,B01,1,1,3,2,4.0,1996,2019,3,2.0,1,2.0,1.0,0,0,1.0,1.0
200800046182,8,10,1,2,6,1.0,7.0,143,10,0,0,7,2.0,1.0,A01,0,3,3,2,5.0,1965,2008,4,2.0,2,0.0,1.0,0,60,1.0,1.0
201200005382,4,9,5,2,1,1.0,6.0,299,420,0,0,7,1.0,0.0,A01,4,2,3,1,0.0,1989,2012,4,2.0,2,1.0,1.0,0,50,1.0,1.0
200600067356,11,22,1,2,1,1.0,6.0,275,420,0,0,7,2.0,1.0,A01,0,3,3,2,5.0,1964,2006,4,2.0,2,2.0,1.0,0,0,1.0,1.0
201000040077,8,17,1,2,1,1.0,1.0,483,640,0,0,30,1.0,13.0,A01,1,1,3,1,5.0,1995,2010,4,2.0,1,0.0,2.0,0,70,1.0,1.0
201200018790,4,7,3,1,1,1.0,7.0,694,20,0,0,7,0.0,13.0,A01,2,2,3,1,0.0,1993,2012,3,0.0,2,1.0,1.0,0,51,1.0,3.0
200700044822,7,13,1,2,1,1.0,6.0,27,930,0,0,7,3.0,1.0,A01,0,3,3,1,0.0,2003,2007,4,2.0,2,1.0,1.0,0,40,1.0,1.0
201300038865,11,13,5,2,1,1.0,7.0,12,920,0,0,33,1.0,21.0,A01,1,1,3,1,5.0,1993,2013,4,2.0,2,1.0,1.0,0,0,1.0,1.0
201200019184,7,18,2,1,1,2.0,1.0,226,220,0,0,7,1.0,1.0,B02,3,2,3,2,5.0,1998,2012,3,2.0,2,2.0,2.0,0,70,2.0,1.0
201200021094,3,17,1,1,1,1.0,6.0,141,300,0,0,7,2.0,14.0,A01,2,2,3,1,0.0,1988,2012,2,2.0,0,2.0,3.0,0,70,1.0,1.0
201300002590,5,26,1,1,1,1.0,1.0,1,330,0,0,7,3.0,0.0,B02,1,1,3,2,5.0,1987,2013,3,2.0,1,1.0,1.0,0,63,1.0,1.0
200600039706,7,18,5,2,1,2.0,3.0,483,640,0,0,2,1.0,1.0,B01,1,1,3,2,1.0,1986,2006,4,2.0,2,1.0,1.0,0,76,2.0,1.0
200900031368,5,1,1,1,1,1.0,7.0,194,350,0,0,33,0.0,1.0,A01,2,2,3,2,0.0,1988,2009,3,2.0,2,2.0,2.0,0,0,1.0,1.0
201600008828,8,12,1,2,1,1.0,1.0,165,340,0,0,30,2.0,13.0,B02,2,2,3,2,0.0,2000,2016,3,2.0,2,1.0,1.0,54,0,1.0,1.0
201100062955,6,3,1,2,1,1.0,6.0,117,750,0,0,32,1.0,1.0,A01,0,3,3,2,0.0,1995,2011,4,2.0,2,1.0,1.0,0,0,1.0,1.0
201100024777,4,30,1,2,3,1.0,3.0,57,260,0,0,34,1.0,1.0,B01,1,1,3,1,1.0,1959,2011,3,2.0,2,1.0,1.0,0,57,1.0,1.0
200500038851,6,30,1,1,1,1.0,5.0,40,740,0,0,7,1.0,17.0,B02,2,2,3,2,0.0,1970,2005,3,3.0,4,1.0,1.0,0,0,1.0,1.0
200700021777,4,26,5,2,7,1.0,7.0,269,410,0,0,30,1.0,1.0,A01,1,1,3,2,5.0,1986,2007,4,2.0,2,1.0,1.0,0,0,1.0,4.0
201200045623,10,12,1,2,1,1.0,3.0,66,930,0,0,1,1.0,2.0,B01,1,1,3,2,0.0,1978,2012,4,2.0,2,1.0,1.0,0,0,1.0,1.0
201100012688,10,13,3,1,1,1.0,2.0,41,110,0,0,33,1.0,17.0,B02,1,1,3,1,5.0,1989,2011,3,2.0,0,1.0,1.0,0,63,1.0,1.0
201800002886,1,27,3,1,1,1.0,6.0,44,880,0,0,7,1.0,1.0,A01,3,2,3,1,5.0,1993,2018,3,2.0,3,2.0,2.0,0,106,1.0,3.0
201400001249,8,17,1,1,1,1.0,1.0,165,560,0,0,10,0.0,23.0,B02,1,1,3,1,4.0,1989,2014,2,1.0,2,1.0,1.0,9,70,1.0,1.0
201300043295,11,18,1,2,1,1.0,6.0,54,940,0,0,7,1.0,1.0,A01,0,3,3,1,5.0,1955,2013,4,2.0,3,1.0,1.0,0,90,1.0,1.0
200600023618,5,15,1,1,1,1.0,1.0,498,610,0,0,7,1.0,1.0,B02,1,1,3,2,5.0,1945,2006,3,2.0,2,2.0,1.0,0,0,1.0,1.0
201700011601,3,6,1,1,9,1.0,3.0,263,80,0,0,7,2.0,1.0,A01,1,1,3,1,0.0,1931,2017,3,2.0,2,1.0,0.0,0,10,1.0,0.0
201200044094,11,27,1,2,2,1.0,6.0,7,930,0,0,7,2.0,2.0,A01,0,3,3,2,0.0,1997,2012,4,1.0,3,1.0,1.0,0,0,1.0,1.0
201700007535,5,24,1,1,1,1.0,3.0,498,330,0,0,7,2.0,1.0,A01,4,2,3,2,5.0,1977,2017,1,1.0,2,1.0,1.0,210,35,1.0,1.0
200800030041,6,11,1,1,1,1.0,7.0,269,320,0,0,7,1.0,1.0,A01,1,1,3,2,1.0,1986,2008,3,2.0,0,0.0,0.0,0,0,9.0,3.0
200600021216,4,13,5,2,4,1.0,3.0,4,750,0,0,2,3.0,1.0,A01,1,1,3,1,9.0,1974,2006,4,1.0,4,1.0,1.0,0,120,1.0,1.0
201300020756,1,14,1,2,1,1.0,6.0,56,250,0,0,10,1.0,17.0,A01,0,3,3,2,0.0,1990,2013,4,0.0,0,0.0,0.0,0,0,1.0,1.0
201300007290,11,11,2,1,1,8.0,3.0,434,390,0,0,7,7.0,13.0,A01,1,1,3,1,5.0,1968,2013,2,2.0,2,2.0,3.0,0,76,2.0,1.0
201400019216,2,20,5,2,1,8.0,6.0,94,590,0,0,7,2.0,2.0,A01,0,3,3,1,5.0,1955,2014,4,2.0,2,1.0,1.0,0,60,2.0,1.0
200500001385,1,6,1,1,1,1.0,1.0,160,40,0,0,7,1.0,13.0,A01,1,1,3,1,5.0,1985,2005,2,2.0,2,2.0,2.0,0,62,1.0,1.0
201500016752,12,22,1,1,6,1.0,3.0,116,270,0,0,31,7.0,21.0,B02,1,1,3,1,5.0,1999,2015,4,1.0,1,1.0,2.0,0,0,1.0,1.0
201000036750,11,28,5,1,1,1.0,4.0,431,590,0,0,7,4.0,0.0,B01,3,2,3,1,5.0,2007,2010,3,2.0,3,1.0,1.0,220,107,1.0,1.0
201100044612,8,10,1,2,1,1.0,6.0,425,910,0,0,7,1.0,1.0,A01,0,3,3,1,5.0,1981,2011,2,1.0,2,1.0,2.0,0,0,1.0,1.0
201200048251,8,31,1,2,1,1.0,6.0,268,950,0,0,7,7.0,1.0,A01,0,3,3,2,5.0,2005,2012,4,1.0,1,1.0,1.0,0,0,1.0,1.0
201200022395,10,12,1,1,4,1.0,3.0,198,260,0,0,33,1.0,1.0,B01,1,1,3,1,4.0,1936,2012,2,2.0,2,1.0,1.0,0,74,1.0,1.0
200700069177,11,16,3,1,1,1.0,1.0,207,420,0,0,30,9.0,1.0,A01,1,1,3,1,3.0,1992,2007,4,2.0,2,1.0,1.0,0,68,1.0,0.0
201500040152,10,27,1,2,3,1.0,2.0,57,930,0,0,7,4.0,0.0,A01,2,2,3,1,0.0,1940,2015,3,0.0,2,1.0,0.0,0,0,1.0,1.0
201600001890,6,22,1,1,1,8.0,1.0,5,440,0,0,7,2.0,13.0,B02,2,2,3,2,0.0,1970,2016,3,2.0,2,1.0,1.0,70,0,2.0,1.0
201800001342,4,26,1,1,1,1.0,6.0,115,860,0,0,7,1.0,1.0,A01,0,3,3,1,5.0,1958,2018,3,2.0,2,1.0,1.0,0,0,1.0,1.0
201000065522,2,17,5,2,1,8.0,3.0,119,750,0,0,1,1.0,1.0,B01,1,1,3,2,1.0,1976,2010,4,1.0,2,1.0,1.0,0,40,2.0,1.0
201200018693,12,20,1,2,1,2.0,1.0,269,10,0,0,30,1.0,1.0,B02,1,1,3,1,9.0,1997,2012,9,2.0,0,1.0,1.0,0,70,2.0,1.0
201100007967,3,26,1,2,1,1.0,6.0,151,730,0,0,30,1.0,1.0,A01,0,3,3,2,5.0,1949,2011,4,2.0,2,1.0,1.0,0,45,1.0,1.0
201200003601,6,30,1,1,2,1.0,5.0,79,790,0,0,33,7.0,1.0,C03,1,1,3,2,5.0,1969,2012,2,1.0,1,1.0,1.0,0,48,1.0,1.0
201000013206,12,14,3,1,1,1.0,3.0,75,300,0,0,7,3.0,13.0,A01,1,1,3,2,1.0,1972,2010,3,2.0,2,1.0,1.0,0,79,1.0,1.0
201200003020,12,17,3,1,1,2.0,7.0,158,400,0,0,7,3.0,13.0,A01,3,2,3,2,0.0,2011,2012,3,2.0,2,1.0,3.0,0,76,2.0,3.0
201400002915,6,14,1,1,1,1.0,1.0,68,640,0,0,1,7.0,2.0,A01,1,1,3,1,5.0,1963,2014,3,2.0,0,0.0,1.0,0,76,1.0,1.0
201500002478,11,22,5,1,1,1.0,1.0,496,330,0,0,7,1.0,13.0,A01,1,1,3,1,5.0,1984,2015,3,2.0,2,1.0,1.0,0,100,1.0,1.0
201100013740,11,24,3,1,1,2.0,6.0,490,770,0,0,7,1.0,1.0,A01,1,1,3,1,0.0,1973,2011,3,2.0,2,2.0,4.0,0,54,2.0,1.0
201400035880,6,11,1,1,3,1.0,2.0,238,780,0,0,7,1.0,0.0,A01,1,1,3,2,9.0,1993,2014,3,0.0,2,1.0,0.0,10,60,1.0,0.0
201000006265,11,1,1,1,1,9.0,1.0,234,120,0,0,7,3.0,1.0,B02,1,1,3,1,5.0,1964,2010,3,2.0,2,1.0,3.0,0,62,2.0,1.0
200600044627,7,28,1,2,1,1.0,3.0,372,220,0,0,1,6.0,9.0,A01,1,1,3,2,5.0,0,2006,3,2.0,1,1.0,1.0,0,65,1.0,1.0
201100014757,4,20,1,2,1,1.0,6.0,123,60,0,0,7,7.0,1.0,A01,0,3,3,1,9.0,1998,2011,4,2.0,2,1.0,1.0,0,0,1.0,1.0
200800059872,10,1,5,2,2,2.0,1.0,191,850,0,0,31,8.0,1.0,B01,1,1,3,2,1.0,1968,2008,3,2.0,0,1.0,1.0,0,55,2.0,1.0
201400058757,8,24,1,2,1,1.0,1.0,5,971,0,0,30,1.0,2.0,B01,1,1,3,1,5.0,1990,2014,2,3.0,2,2.0,1.0,0,80,1.0,1.0
201100004274,3,22,1,1,9,1.0,6.0,317,330,0,0,7,3.0,1.0,A01,0,3,3,2,4.0,1938,2011,3,2.0,2,0.0,1.0,0,70,1.0,1.0
201100038778,1,31,1,2,1,1.0,4.0,482,670,0,0,7,4.0,1.0,C01,1,1,3,1,5.0,1962,2011,4,2.0,2,1.0,1.0,0,80,1.0,0.0
201500029537,9,10,1,1,3,1.0,3.0,504,950,0,0,33,1.0,1.0,A01,1,1,3,1,5.0,1974,2015,3,2.0,2,1.0,1.0,0,0,1.0,1.0
201800011305,3,11,1,1,1,1.0,1.0,452,170,0,0,33,1.0,13.0,A01,2,2,3,2,5.0,1996,2018,3,2.0,2,1.0,3.0,0,65,1.0,1.0
200700026964,5,5,3,1,1,1.0,6.0,138,180,0,0,7,1.0,17.0,A01,1,1,3,1,9.0,1981,2007,1,3.0,2,1.0,1.0,30,180,2.0,3.0
200900037334,10,17,3,1,1,1.0,6.0,61,410,0,0,7,7.0,1.0,A01,1,1,3,1,5.0,1972,2009,3,2.0,2,1.0,2.0,0,55,1.0,3.0
201000018139,12,29,1,1,1,1.0,7.0,160,410,0,0,7,2.0,1.0,A01,1,1,3,1,5.0,1927,2010,3,2.0,2,1.0,1.0,0,60,1.0,3.0
200700033627,6,20,1,1,1,1.0,3.0,569,780,0,0,17,8.0,1.0,A01,1,1,3,2,3.0,1944,2007,2,2.0,0,1.0,1.0,0,60,1.0,1.0
201700013926,8,2,1,2,1,1.0,2.0,495,640,0,0,2,1.0,1.0,A01,1,1,3,1,5.0,2000,2017,3,2.0,2,3.0,1.0,0,0,1.0,1.0
201500008572,11,14,3,1,1,1.0,3.0,8,300,0,0,30,1.0,1.0,B02,2,2,3,2,0.0,1995,2015,3,2.0,2,1.0,1.0,0,0,1.0,1.0
201000007418,11,12,1,1,1,1.0,1.0,138,70,0,0,7,1.0,1.0,B02,1,1,3,1,5.0,1956,2010,2,3.0,2,1.0,3.0,190,0,1.0,1.0
201500025973,3,14,1,1,1,1.0,1.0,544,380,0,0,7,1.0,13.0,A01,1,1,3,1,5.0,1991,2015,3,2.0,0,2.0,3.0,0,80,2.0,1.0
200700013509,3,5,1,1,1,1.0,6.0,74,270,0,0,7,3.0,13.0,A01,1,1,3,1,5.0,1946,2007,1,3.0,2,1.0,3.0,10,90,1.0,3.0
200600051019,9,23,1,1,1,1.0,7.0,338,500,0,0,20,8.0,1.0,A01,1,1,3,1,0.0,1965,2006,4,2.0,2,1.0,1.0,0,0,1.0,1.0
201300002275,4,26,1,1,1,1.0,1.0,255,850,0,0,7,2.0,13.0,B02,1,1,3,1,5.0,1995,2013,3,2.0,2,1.0,1.0,0,63,9.0,1.0
200600028644,5,11,1,1,1,1.0,1.0,121,820,0,0,7,3.0,1.0,B01,1,1,3,2,5.0,1986,2006,3,2.0,2,1.0,1.0,0,0,1.0,1.0
200900069032,7,25,1,2,1,1.0,6.0,6,930,0,0,7,1.0,1.0,A01,1,1,3,1,5.0,1989,2009,4,2.0,2,1.0,3.0,0,0,1.0,3.0
201100010130,3,28,1,1,1,1.0,1.0,193,80,0,0,7,1.0,1.0,B02,1,1,3,2,1.0,1990,2011,3,2.0,0,0.0,1.0,0,53,1.0,1.0
200600017632,4,25,1,1,1,1.0,1.0,71,790,0,0,2,1.0,13.0,B02,1,1,3,1,5.0,1988,2006,3,2.0,2,0.0,2.0,0,51,1.0,1.0
201300018662,7,12,1,1,1,1.0,5.0,798,800,0,0,7,1.0,1.0,B02,2,2,3,2,0.0,1963,2013,2,2.0,1,2.0,1.0,0,0,1.0,1.0
200700041626,7,20,1,2,1,8.0,6.0,185,30,0,0,7,4.0,4.0,A01,0,3,3,2,5.0,1930,2007,4,1.0,1,1.0,1.0,0,40,2.0,1.0
201400016314,1,16,1,2,1,2.0,6.0,103,130,0,0,7,1.0,1.0,A01,0,3,3,2,2.0,1999,2014,3,2.0,2,1.0,1.0,0,0,2.0,1.0
201100005029,11,9,3,1,1,1.0,3.0,280,860,0,0,10,1.0,1.0,B02,1,1,3,1,1.0,1957,2011,3,2.0,2,2.0,2.0,0,54,1.0,1.0
200900056172,11,11,1,2,1,1.0,6.0,55,740,0,0,33,1.0,1.0,A01,1,1,3,1,1.0,1963,2009,4,2.0,2,0.0,3.0,0,43,1.0,3.0
200500022920,4,19,1,1,1,7.0,7.0,507,270,0,0,7,9.0,21.0,A01,1,1,3,1,1.0,1980,2005,3,2.0,0,1.0,1.0,0,75,1.0,3.0
200900074414,11,20,2,2,1,1.0,7.0,9,974,0,0,7,3.0,17.0,A01,0,3,3,2,5.0,1955,2009,4,2.0,2,1.0,1.0,0,47,1.0,1.0
201700029040,2,28,5,2,1,2.0,5.0,42,460,0,0,7,1.0,21.0,A01,1,1,3,1,1.0,1998,2017,3,2.0,2,1.0,1.0,0,0,2.0,1.0
200700011318,2,14,1,1,1,8.0,3.0,468,770,0,0,7,3.0,0.0,B01,1,1,3,2,5.0,1978,2007,1,3.0,6,2.0,2.0,20,305,2.0,1.0
201000051680,2,9,1,2,3,1.0,3.0,66,930,0,0,32,1.0,1.0,B01,1,1,3,1,9.0,1952,2010,2,2.0,4,1.0,1.0,40,40,1.0,1.0
200900039045,8,28,1,1,1,1.0,7.0,273,460,0,0,30,1.0,1.0,A01,1,1,3,1,5.0,1989,2009,3,2.0,2,1.0,1.0,0,40,1.0,0.0
201300026401,6,10,1,2,1,1.0,6.0,300,390,0,0,7,0.0,1.0,A01,0,3,3,2,3.0,1954,2013,4,2.0,2,1.0,1.0,0,79,1.0,1.0
201600030178,4,28,5,2,1,1.0,6.0,350,590,0,0,7,0.0,1.0,A01,0,3,3,2,0.0,1993,2016,9,0.0,0,1.0,1.0,0,0,1.0,0.0
200800034430,6,4,1,2,3,1.0,6.0,53,930,0,0,31,1.0,5.0,A01,0,3,3,1,5.0,1955,2008,4,1.0,1,1.0,1.0,0,30,1.0,1.0
201500055868,6,17,1,2,1,1.0,2.0,117,750,0,0,2,1.0,1.0,A01,1,1,3,1,5.0,2000,2015,4,2.0,4,1.0,1.0,0,121,1.0,1.0
200700020094,4,5,1,2,1,1.0,2.0,111,370,0,0,2,1.0,2.0,A01,1,1,3,1,1.0,1990,2007,3,2.0,2,2.0,3.0,0,54,1.0,1.0
201500018327,1,23,1,1,1,1.0,1.0,263,890,0,0,7,3.0,13.0,A01,1,1,3,1,1.0,1968,2015,2,2.0,3,1.0,1.0,0,106,1.0,1.0
200600071490,11,24,1,1,2,1.0,3.0,219,500,0,0,2,1.0,1.0,A01,1,1,3,1,1.0,1989,2006,3,2.0,2,3.0,1.0,0,76,2.0,1.0
200600043854,7,29,3,1,1,1.0,7.0,68,890,0,0,2,1.0,1.0,A01,1,1,3,1,5.0,1986,2006,3,2.0,0,1.0,1.0,0,60,1.0,3.0
201400043342,10,6,1,2,1,1.0,6.0,66,930,0,0,37,2.0,0.0,A01,5,2,3,2,0.0,1970,2014,3,0.0,2,1.0,0.0,0,0,1.0,0.0
201100022277,7,3,1,1,1,1.0,6.0,20,240,0,0,7,1.0,1.0,A01,1,1,3,1,5.0,1935,2011,1,1.0,2,1.0,1.0,10,60,1.0,2.0
201300033417,12,13,5,2,2,1.0,6.0,224,680,0,0,1,7.0,1.0,B01,1,1,3,1,1.0,1961,2013,4,2.0,3,1.0,2.0,0,150,1.0,5.0
201100024696,6,1,1,1,1,1.0,5.0,217,740,0,0,33,1.0,1.0,A01,1,1,3,1,5.0,1984,2011,3,2.0,1,2.0,3.0,0,0,1.0,1.0
201100048032,3,26,1,2,2,1.0,5.0,10,930,0,0,34,1.0,17.0,A01,1,1,3,1,9.0,1984,2011,2,3.0,0,1.0,1.0,0,80,1.0,1.0
201400031410,12,17,1,2,1,1.0,6.0,369,590,0,0,7,1.0,1.0,A01,0,3,3,1,2.0,2003,2014,3,2.0,2,1.0,1.0,0,0,2.0,1.0
200500077497,11,19,5,1,1,1.0,4.0,55,130,0,0,7,4.0,1.0,C01,4,2,3,2,0.0,1959,2005,1,3.0,2,1.0,0.0,0,70,1.0,1.0
201600021669,2,10,3,1,1,4.0,7.0,135,220,0,0,7,8.0,1.0,A01,3,2,3,2,0.0,1946,2016,2,3.0,4,0.0,1.0,35,70,9.0,1.0
200700020289,4,8,1,1,9,1.0,3.0,38,60,0,0,33,1.0,1.0,B02,1,1,3,1,1.0,1958,2007,3,2.0,2,2.0,3.0,0,65,1.0,1.0
201800022731,11,18,1,2,9,1.0,7.0,369,110,0,0,36,9.0,1.0,A01,1,1,3,2,5.0,1975,2018,4,2.0,2,1.0,1.0,0,0,3.0,1.0
201600025017,2,26,5,2,1,1.0,6.0,238,350,0,0,7,9.0,1.0,A01,3,2,3,1,9.0,1986,2016,4,3.0,4,1.0,3.0,0,0,1.0,1.0
201700034848,10,1,5,2,2,1.0,3.0,266,690,0,0,30,1.0,19.0,A01,1,1,3,1,9.0,1989,2017,4,4.0,2,1.0,1.0,0,100,1.0,1.0
201700043012,7,7,1,2,1,1.0,1.0,64,930,0,0,7,1.0,21.0,B01,1,1,3,2,0.0,1992,2017,4,3.0,3,1.0,3.0,0,0,1.0,1.0
201700004615,9,16,2,1,1,2.0,1.0,84,660,0,0,7,1.0,1.0,B01,2,2,3,2,5.0,1938,2017,3,2.0,2,2.0,1.0,0,56,2.0,1.0
201400043620,6,6,1,2,1,1.0,6.0,78,930,0,0,10,2.0,4.0,A01,0,3,3,1,5.0,1942,2014,9,0.0,0,1.0,0.0,0,0,1.0,0.0
201100006735,7,26,2,2,1,2.0,6.0,231,690,0,0,2,0.0,0.0,A01,0,3,3,1,0.0,2008,2011,4,2.0,0,1.0,1.0,0,0,2.0,1.0
200700026655,5,23,3,2,1,1.0,7.0,8,660,0,0,31,8.0,13.0,A01,1,1,3,1,9.0,1963,2007,3,1.0,1,1.0,3.0,0,0,1.0,3.0
200600071529,11,25,5,2,1,3.0,6.0,56,440,0,0,7,1.0,1.0,A01,2,2,3,1,0.0,1985,2006,3,2.0,0,0.0,1.0,0,45,2.0,4.0
201100005888,1,20,1,2,1,1.0,6.0,517,310,0,0,10,2.0,16.0,A01,0,3,3,2,1.0,1950,2011,3,2.0,2,1.0,1.0,0,50,0.0,1.0
201300049259,2,12,1,1,1,2.0,3.0,297,690,0,0,10,8.0,2.0,B01,1,1,3,2,5.0,1989,2013,1,1.0,2,1.0,1.0,0,70,2.0,1.0
201900000308,8,13,1,2,3,1.0,3.0,67218,67,0,0,30,3.0,0.0,B01,1,1,3,1,0.0,2002,2019,4,2.0,2,1.0,1.0,0,0,1.0,1.0
201700045155,4,20,2,2,2,1.0,3.0,46,940,0,0,31,1.0,1.0,A01,1,1,3,1,5.0,1991,2017,3,2.0,2,1.0,1.0,0,50,1.0,1.0