num_acc,mois,jour,lum,agg,int,atm,col,com,dep,hr,mn,catv,choc,manv,num_veh,place,catu,grav,sexe,trajet,an_nais,annee,catr,circ,nbv,prof,plan,lartpc,larrout,surf,situ
201100032827,7,13,1,2,1,1.0,6.0,99,490,0,0,30,0.0,2.0,B01,1,1,3,2,5.0,1980,2011,2,2.0,2,0.0,1.0,0,70,1.0,1.0
201100002890,1,27,3,1,3,1.0,3.0,421,610,0,0,32,1.0,1.0,B02,1,1,3,1,5.0,1995,2011,3,2.0,2,1.0,3.0,0,64,1.0,1.0
200800029259,5,22,1,1,1,1.0,6.0,398,280,0,0,7,9.0,1.0,A01,1,1,3,1,9.0,1939,2008,1,3.0,3,1.0,1.0,8,138,1.0,1.0
201300016180,12,29,5,2,1,1.0,6.0,75,130,0,0,7,1.0,2.0,A01,1,1,3,2,9.0,1989,2013,3,2.0,2,1.0,1.0,0,65,2.0,1.0
200700041456,7,19,1,1,1,1.0,1.0,8,201,0,0,7,3.0,1.0,A01,2,2,3,1,0.0,1964,2007,3,2.0,2,1.0,2.0,0,35,1.0,1.0
200700050315,8,1,1,2,3,1.0,1.0,1,610,0,0,7,1.0,15.0,A01,1,1,3,2,3.0,1924,2007,4,2.0,2,1.0,1.0,0,111,1.0,1.0
201700060425,6,12,1,1,1,1.0,7.0,416,974,0,0,2,0.0,0.0,A01,1,1,3,1,0.0,1996,2017,3,2.0,2,1.0,1.0,0,0,1.0,0.0
200600079446,12,30,5,2,1,1.0,1.0,78,930,0,0,7,1.0,6.0,A01,1,1,3,1,0.0,1976,2006,4,2.0,4,0.0,0.0,20,60,1.0,1.0
200900023832,6,2,3,1,1,1.0,7.0,96,202,0,0,33,1.0,1.0,A01,1,1,3,1,5.0,1982,2009,3,2.0,2,1.0,1.0,0,40,1.0,1.0
200500041142,7,28,1,1,3,1.0,3.0,496,330,0,0,7,8.0,15.0,B02,1,1,3,1,1.0,1970,2005,3,2.0,0,1.0,2.0,0,63,1.0,1.0
201800056822,1,10,5,2,1,1.0,3.0,302,973,19,10,30,1.0,1.0,B01,1,1,3,1,0.0,1959,2018,3,2.0,2,1.0,1.0,0,80,1.0,1.0
201900009699,3,23,1,2,1,1.0,7.0,42145,42,0,0,2,8.0,15.0,A01,1,1,3,1,5.0,2003,2019,4,2.0,2,4.0,2.0,0,0,1.0,1.0
201100010592,2,3,1,2,1,1.0,2.0,417,710,0,0,31,1.0,1.0,B02,1,1,3,1,5.0,1964,2011,4,2.0,2,1.0,1.0,0,80,1.0,1.0
201800021922,8,12,1,1,1,1.0,1.0,157,120,0,0,7,3.0,13.0,A01,1,1,3,1,5.0,1973,2018,2,2.0,2,1.0,1.0,0,0,1.0,1.0
201000002809,3,10,1,1,1,1.0,1.0,451,10,0,0,7,3.0,13.0,A01,1,1,3,1,5.0,1935,2010,3,2.0,2,1.0,0.0,0,64,1.0,1.0
200700001601,1,23,1,2,1,1.0,1.0,53,10,0,0,7,2.0,1.0,B01,1,1,3,2,5.0,1938,2007,4,1.0,2,1.0,3.0,0,45,1.0,1.0
200800070259,12,6,5,2,1,1.0,3.0,29,60,0,0,32,1.0,1.0,B01,1,1,3,1,0.0,1966,2008,4,2.0,2,1.0,1.0,0,130,1.0,1.0
200600077608,12,16,2,2,1,1.0,6.0,199,690,0,0,30,0.0,0.0,A01,1,1,3,1,0.0,1987,2006,4,2.0,2,1.0,1.0,0,49,1.0,1.0
201700027878,12,8,1,1,1,7.0,1.0,295,410,0,0,7,3.0,13.0,A01,1,1,3,1,9.0,1998,2017,3,2.0,2,1.0,1.0,0,60,2.0,1.0
201100012690,10,28,2,1,1,3.0,7.0,203,110,0,0,7,3.0,13.0,A01,1,1,3,1,5.0,1992,2011,3,2.0,1,1.0,1.0,0,65,2.0,3.0
200900055148,9,13,3,1,1,1.0,6.0,282,250,0,0,7,2.0,13.0,A01,1,1,3,1,5.0,1990,2009,3,2.0,2,0.0,1.0,0,60,1.0,1.0
201700016488,2,5,5,2,1,3.0,5.0,260,290,0,0,7,2.0,13.0,A01,7,2,3,1,5.0,1994,2017,3,2.0,2,1.0,1.0,0,0,2.0,1.0
201000045281,9,21,1,2,1,1.0,1.0,153,830,0,0,7,3.0,1.0,B01,1,1,3,1,5.0,1963,2010,3,2.0,2,2.0,3.0,0,63,1.0,1.0
201000004941,5,20,1,2,1,1.0,3.0,252,470,0,0,1,1.0,13.0,B02,1,1,3,1,2.0,1996,2010,4,2.0,1,4.0,2.0,0,0,1.0,1.0
201000004404,5,21,1,1,1,1.0,3.0,219,330,0,0,31,4.0,15.0,A01,1,1,3,1,5.0,1974,2010,3,3.0,2,1.0,1.0,0,0,1.0,1.0
201400000842,11,27,3,1,1,1.0,3.0,31,350,0,0,7,7.0,1.0,A01,1,1,3,1,1.0,1985,2014,3,2.0,2,1.0,2.0,0,45,1.0,1.0
201400043598,3,4,5,2,1,1.0,6.0,78,930,0,0,7,7.0,5.0,A01,4,2,3,1,0.0,1975,2014,4,2.0,1,1.0,2.0,0,60,1.0,4.0
201000014281,9,1,2,1,1,1.0,2.0,527,770,0,0,30,4.0,1.0,B02,2,2,3,2,0.0,1991,2010,2,0.0,4,1.0,1.0,0,0,1.0,1.0
200600026593,5,30,1,2,2,1.0,1.0,172,340,0,0,7,1.0,1.0,B01,1,1,3,1,1.0,1955,2006,4,2.0,6,1.0,1.0,30,160,1.0,1.0
200700046625,8,6,2,1,2,2.0,5.0,184,350,0,0,10,3.0,1.0,C03,1,1,3,1,5.0,1979,2007,3,2.0,2,3.0,1.0,0,70,2.0,1.0
200500069734,10,3,3,1,1,1.0,6.0,384,770,0,0,7,9.0,2.0,A01,1,1,3,1,5.0,1977,2005,1,3.0,4,1.0,1.0,15,140,1.0,1.0
201300017017,4,8,1,1,1,1.0,3.0,49,270,0,0,7,2.0,1.0,A01,1,1,3,2,5.0,1975,2013,3,2.0,0,1.0,1.0,0,45,1.0,1.0
200900056138,7,31,1,1,9,1.0,3.0,459,770,0,0,31,5.0,1.0,B01,1,1,3,1,1.0,1958,2009,3,2.0,2,0.0,1.0,0,58,1.0,1.0
200600030691,6,2,1,2,1,1.0,3.0,82,860,0,0,33,8.0,1.0,B02,1,1,3,1,5.0,1975,2006,9,2.0,2,1.0,1.0,0,62,1.0,1.0
201500040793,2,12,1,2,1,1.0,6.0,48,930,0,0,7,3.0,17.0,A01,0,3,3,2,1.0,1990,2015,4,2.0,2,1.0,1.0,0,0,1.0,1.0
201600012316,12,10,3,1,1,1.0,6.0,109,130,0,0,7,1.0,6.0,A01,1,1,3,1,0.0,1993,2016,1,3.0,3,1.0,1.0,44,107,1.0,1.0
200600005486,1,8,3,1,1,5.0,5.0,166,260,0,0,7,1.0,2.0,B02,1,1,3,1,5.0,1971,2006,1,1.0,0,1.0,1.0,20,110,2.0,1.0
201400021300,1,18,1,1,1,2.0,7.0,99,840,0,0,10,7.0,1.0,A01,1,1,3,2,5.0,1939,2014,3,2.0,1,1.0,1.0,0,62,2.0,3.0
200900071861,12,31,3,2,1,1.0,6.0,508,590,0,0,7,1.0,14.0,A01,3,2,3,1,0.0,1991,2009,4,2.0,0,3.0,2.0,0,0,2.0,3.0
200800049505,9,21,1,1,1,2.0,5.0,324,201,0,0,7,3.0,1.0,A01,1,1,3,1,5.0,1979,2008,3,2.0,2,2.0,2.0,0,80,2.0,1.0
200800058322,10,17,5,2,2,1.0,3.0,109,440,0,0,2,1.0,1.0,B01,1,1,3,1,0.0,1986,2008,4,2.0,0,1.0,1.0,0,60,1.0,1.0
200900038019,6,29,1,1,1,1.0,6.0,168,500,0,0,10,1.0,13.0,A01,1,1,3,1,4.0,1986,2009,3,2.0,2,1.0,2.0,51,0,1.0,1.0
200500070387,11,24,3,1,1,8.0,6.0,616,600,0,0,7,1.0,1.0,A01,1,1,3,1,1.0,1980,2005,3,2.0,2,1.0,1.0,0,76,7.0,3.0
200900055974,11,29,3,1,1,8.0,5.0,8,450,0,0,7,3.0,13.0,A01,1,1,3,2,3.0,1973,2009,2,2.0,2,1.0,1.0,0,50,2.0,1.0
201600006548,4,22,3,1,1,1.0,6.0,377,670,0,0,7,1.0,1.0,A01,1,1,3,1,5.0,1997,2016,3,2.0,0,2.0,4.0,0,80,1.0,1.0
201700018251,11,14,3,1,1,8.0,6.0,373,550,0,0,7,1.0,13.0,A01,1,1,3,1,5.0,1995,2017,3,2.0,2,1.0,2.0,0,49,1.0,3.0
200800028072,5,4,3,1,1,1.0,7.0,297,330,0,0,7,1.0,1.0,A01,1,1,3,1,5.0,1979,2008,3,2.0,2,1.0,1.0,0,56,1.0,3.0
201200029286,5,28,1,2,1,1.0,2.0,286,450,0,0,31,1.0,2.0,A01,1,1,3,1,9.0,1965,2012,3,2.0,2,1.0,1.0,0,99,1.0,1.0
201200029426,12,2,3,1,1,1.0,7.0,323,470,0,0,10,1.0,1.0,A01,1,1,3,1,0.0,1979,2012,2,2.0,0,1.0,1.0,0,75,1.0,3.0
200700074041,11,27,5,1,1,1.0,2.0,161,60,0,0,31,1.0,2.0,A01,1,1,3,1,1.0,1955,2007,3,2.0,0,0.0,1.0,0,70,1.0,1.0
201800033901,12,10,5,2,5,1.0,6.0,351,760,0,0,7,1.0,1.0,A01,0,3,3,2,0.0,1977,2018,4,2.0,3,1.0,1.0,0,0,1.0,3.0
201200018769,7,18,1,1,3,1.0,3.0,48,20,0,0,33,7.0,17.0,A01,1,1,3,1,5.0,1960,2012,2,2.0,2,1.0,0.0,0,100,1.0,1.0
200700036771,6,11,1,2,3,8.0,6.0,212,760,0,0,7,5.0,14.0,A01,0,3,3,2,0.0,1956,2007,4,2.0,2,1.0,0.0,0,50,1.0,1.0
200500084088,12,4,2,1,1,2.0,6.0,277,950,0,0,7,1.0,12.0,A01,1,1,3,1,1.0,1971,2005,3,3.0,2,1.0,1.0,15,70,2.0,3.0
201600018979,3,12,1,1,1,7.0,4.0,688,800,0,0,33,1.0,1.0,A01,1,1,3,1,5.0,1984,2016,3,2.0,0,1.0,1.0,0,77,1.0,1.0
201000002915,1,27,1,1,1,1.0,7.0,263,610,0,0,33,1.0,13.0,A01,1,1,3,1,5.0,1987,2010,3,2.0,2,1.0,1.0,0,70,1.0,3.0
201000042169,4,4,1,2,1,1.0,7.0,181,720,0,0,2,1.0,1.0,A01,1,1,3,1,0.0,1964,2010,4,2.0,2,1.0,1.0,0,79,1.0,1.0
200700080575,12,8,5,2,1,1.0,6.0,101,750,0,0,34,3.0,0.0,A01,1,1,3,1,5.0,1957,2007,4,1.0,1,1.0,3.0,0,120,1.0,1.0
201200027269,2,6,1,2,1,1.0,7.0,122,370,0,0,7,1.0,15.0,A01,0,3,3,2,5.0,1970,2012,4,2.0,2,1.0,2.0,0,60,5.0,4.0
201300012906,12,11,2,2,1,1.0,6.0,397,620,0,0,7,3.0,1.0,A01,0,3,3,1,2.0,1999,2013,3,2.0,2,2.0,1.0,0,70,1.0,1.0
200600059340,10,25,2,1,1,1.0,1.0,147,680,0,0,7,1.0,1.0,B02,1,1,3,1,1.0,1951,2006,3,2.0,2,1.0,2.0,30,34,1.0,1.0
201100025275,10,30,1,2,1,1.0,6.0,134,280,0,0,7,3.0,20.0,A01,0,3,3,1,0.0,1939,2011,6,0.0,1,1.0,0.0,0,0,1.0,1.0
201100024356,5,11,1,2,1,1.0,6.0,37,240,0,0,99,8.0,1.0,A01,0,3,3,2,5.0,1949,2011,4,2.0,2,1.0,1.0,12,91,1.0,1.0
200900033318,6,16,5,2,1,1.0,3.0,269,570,0,0,31,1.0,17.0,A01,1,1,3,1,9.0,1985,2009,4,2.0,2,1.0,1.0,1,64,1.0,1.0
201600020712,6,1,1,1,1,1.0,6.0,144,680,0,0,7,8.0,1.0,A01,1,1,3,1,2.0,1998,2016,3,2.0,2,1.0,1.0,0,70,1.0,3.0
201200059703,10,11,5,2,7,2.0,6.0,120,750,0,0,7,2.0,1.0,A01,0,3,3,1,0.0,1949,2012,4,1.0,2,1.0,1.0,23,69,2.0,1.0
201100020264,3,11,1,2,1,1.0,6.0,55,130,0,0,7,2.0,1.0,B01,1,1,3,1,0.0,1990,2011,4,2.0,2,1.0,1.0,0,0,1.0,1.0
201500018988,7,12,1,2,1,1.0,7.0,90,560,0,0,30,0.0,2.0,A01,1,1,3,1,5.0,2000,2015,3,2.0,2,2.0,2.0,0,0,9.0,1.0
201100039369,5,13,1,2,9,1.0,6.0,224,680,0,0,7,4.0,4.0,A01,0,3,3,2,2.0,1994,2011,6,0.0,0,0.0,0.0,0,0,1.0,0.0
201600001213,6,25,2,1,2,1.0,1.0,158,560,0,0,10,1.0,1.0,A01,3,2,3,2,0.0,2001,2016,3,2.0,0,0.0,1.0,0,60,0.0,0.0
201000002072,9,19,1,2,2,7.0,3.0,195,290,0,0,33,1.0,1.0,B02,1,1,3,1,5.0,1975,2010,3,2.0,2,1.0,1.0,0,32,1.0,1.0
201500008567,7,21,1,2,1,1.0,3.0,37,300,0,0,2,1.0,1.0,B02,1,1,3,1,5.0,1999,2015,3,2.0,0,1.0,1.0,0,59,1.0,1.0
200800048715,9,13,3,1,1,1.0,7.0,24,800,0,0,33,8.0,1.0,A01,1,1,3,1,5.0,1972,2008,3,0.0,0,1.0,2.0,0,0,3.0,1.0
201600019453,8,25,3,1,1,1.0,2.0,21,560,0,0,33,4.0,2.0,B02,1,1,3,1,5.0,1965,2016,2,3.0,2,1.0,1.0,0,0,1.0,1.0
200900054525,10,4,1,1,1,1.0,6.0,26,330,0,0,30,1.0,14.0,A01,1,1,3,1,5.0,1955,2009,3,2.0,2,2.0,2.0,0,50,1.0,3.0
201700045970,8,23,1,2,1,1.0,6.0,428,950,0,0,7,5.0,10.0,A01,0,3,3,1,5.0,1982,2017,4,1.0,1,1.0,1.0,0,0,1.0,1.0
200500071397,11,2,1,1,1,2.0,7.0,252,550,0,0,7,1.0,1.0,A01,1,1,3,2,5.0,1947,2005,2,2.0,0,0.0,3.0,75,0,2.0,3.0
201100002564,2,6,5,1,1,1.0,7.0,54,940,0,0,2,8.0,1.0,A01,1,1,3,1,9.0,1967,2011,9,1.0,1,1.0,1.0,9,35,1.0,1.0
201900057319,5,24,1,2,2,1.0,7.0,34033,34,0,0,7,9.0,16.0,A01,1,1,3,2,5.0,1952,2019,3,2.0,2,2.0,1.0,0,0,1.0,1.0
201600035122,8,24,1,2,2,1.0,2.0,50,830,0,0,7,6.0,23.0,B01,1,1,3,2,0.0,1980,2016,3,1.0,3,1.0,2.0,0,0,1.0,1.0
201700007962,2,9,1,2,1,8.0,2.0,387,100,0,0,1,7.0,1.0,B01,1,1,3,1,5.0,1946,2017,4,2.0,1,1.0,2.0,0,0,1.0,1.0
200600015543,3,31,1,2,1,1.0,1.0,162,350,0,0,30,1.0,17.0,A01,1,1,3,1,1.0,1988,2006,4,2.0,0,0.0,1.0,0,60,1.0,1.0
201500024535,8,9,5,2,1,1.0,6.0,172,340,0,0,7,1.0,1.0,A01,0,3,3,2,0.0,1995,2015,4,1.0,1,1.0,2.0,0,50,0.0,1.0
201400018993,9,18,1,2,1,1.0,1.0,53,800,0,0,7,8.0,1.0,A01,1,1,3,1,5.0,1992,2014,3,2.0,2,1.0,1.0,0,0,1.0,1.0
201400018293,4,23,1,1,1,1.0,5.0,34,390,0,0,7,7.0,21.0,C03,2,2,3,2,0.0,1964,2014,3,2.0,0,1.0,1.0,0,70,1.0,1.0
201500032620,6,7,1,2,2,1.0,1.0,96,690,0,0,32,9.0,1.0,B01,1,1,3,1,0.0,1970,2015,4,2.0,2,1.0,1.0,0,101,1.0,1.0
201600029750,7,9,1,2,3,1.0,2.0,194,580,0,0,7,6.0,16.0,B01,1,1,3,2,5.0,1954,2016,4,0.0,0,1.0,1.0,0,154,1.0,0.0
200500041758,7,17,1,1,1,1.0,3.0,475,380,0,0,7,7.0,13.0,A01,1,1,3,1,5.0,1985,2005,4,2.0,0,1.0,1.0,0,54,1.0,1.0
201000028916,3,16,1,2,1,1.0,6.0,63,330,0,0,7,2.0,1.0,A01,0,3,3,2,9.0,1995,2010,4,2.0,4,1.0,0.0,0,0,1.0,1.0
200700077964,12,18,1,2,9,1.0,6.0,109,440,0,0,7,3.0,2.0,A01,0,3,3,1,2.0,1990,2007,4,1.0,1,1.0,1.0,0,0,1.0,1.0
200600051734,9,25,1,1,1,3.0,6.0,84,730,0,0,7,2.0,1.0,A01,2,2,3,1,0.0,1986,2006,2,3.0,1,0.0,1.0,53,0,2.0,0.0
200600045289,8,13,2,1,1,8.0,3.0,40,720,0,0,7,7.0,13.0,B02,1,1,3,2,1.0,1976,2006,3,2.0,0,2.0,2.0,0,60,2.0,1.0
200900022143,8,29,1,1,1,1.0,7.0,584,510,0,0,14,1.0,0.0,A01,2,2,3,1,5.0,1981,2009,4,2.0,2,0.0,3.0,0,35,1.0,3.0
201100048781,9,29,1,2,1,1.0,6.0,46,930,0,0,7,2.0,1.0,A01,0,3,3,2,5.0,1992,2011,2,3.0,5,1.0,1.0,10,0,1.0,1.0
201500005969,5,26,2,1,1,1.0,7.0,470,550,0,0,33,0.0,1.0,A01,2,2,3,2,0.0,1991,2015,3,2.0,2,0.0,4.0,0,0,1.0,1.0
201800048060,1,31,1,2,2,1.0,7.0,388,690,0,0,33,0.0,17.0,B01,1,1,3,1,0.0,1963,2018,4,2.0,2,1.0,1.0,0,50,1.0,0.0
200900014571,1,30,5,2,2,9.0,7.0,118,770,0,0,7,1.0,14.0,A01,1,1,3,1,5.0,1971,2009,3,0.0,0,0.0,0.0,0,0,0.0,0.0
200700027632,5,31,5,2,1,1.0,3.0,55,130,0,0,30,3.0,2.0,B01,1,1,3,1,5.0,1990,2007,4,1.0,1,1.0,1.0,0,0,1.0,1.0
201100005280,10,3,1,2,7,1.0,1.0,337,170,0,0,1,1.0,1.0,B02,1,1,3,2,5.0,1948,2011,6,2.0,0,1.0,1.0,0,0,1.0,1.0
200500083867,12,13,5,2,1,1.0,1.0,46,940,0,0,7,1.0,15.0,A01,1,1,3,1,5.0,1949,2005,2,2.0,4,1.0,0.0,0,0,1.0,1.0
200500052020,8,26,1,2,3,1.0,3.0,193,620,0,0,7,8.0,15.0,A01,2,2,3,2,0.0,1929,2005,4,2.0,2,1.0,1.0,0,61,1.0,1.0
200500025006,5,2,1,2,1,1.0,3.0,25,500,0,0,5,1.0,1.0,B02,1,1,3,1,5.0,1986,2005,3,2.0,2,2.0,1.0,0,0,1.0,1.0
201200009782,1,6,3,1,1,1.0,6.0,273,450,0,0,7,7.0,1.0,A01,0,3,3,1,5.0,1942,2012,3,2.0,2,1.0,1.0,0,65,1.0,1.0
201700013036,6,20,1,1,1,7.0,6.0,382,210,0,0,33,3.0,1.0,B01,1,1,3,1,0.0,1991,2017,3,2.0,2,2.0,3.0,0,40,1.0,1.0
201200041407,2,25,5,2,1,2.0,2.0,589,910,0,0,33,5.0,1.0,A01,1,1,3,1,5.0,1970,2012,3,2.0,2,1.0,1.0,0,0,2.0,1.0
201700017760,6,18,1,2,2,1.0,1.0,310,470,0,0,2,7.0,1.0,A01,1,1,3,1,0.0,1992,2017,3,2.0,2,1.0,1.0,0,0,1.0,1.0
200700061294,10,2,3,1,1,1.0,3.0,144,660,0,0,7,1.0,1.0,B02,2,2,3,2,0.0,2007,2007,3,2.0,0,1.0,1.0,0,70,1.0,1.0
200700008184,2,14,1,2,2,3.0,3.0,102,160,0,0,2,1.0,1.0,A01,1,1,3,1,1.0,1990,2007,4,1.0,1,1.0,1.0,0,52,2.0,1.0
201200052555,5,9,1,1,1,1.0,2.0,81,690,0,0,7,1.0,1.0,A01,1,1,3,2,1.0,1970,2012,1,3.0,4,2.0,1.0,10,140,1.0,1.0
201300001315,8,20,1,2,1,1.0,1.0,623,140,0,0,30,8.0,9.0,A01,1,1,3,2,5.0,1997,2013,3,2.0,0,1.0,1.0,0,94,1.0,1.0
201700019099,10,29,5,2,1,1.0,7.0,88,690,0,0,7,1.0,1.0,A01,2,2,3,1,5.0,1993,2017,3,2.0,2,2.0,2.0,0,0,1.0,4.0
200600018278,4,1,5,2,1,1.0,3.0,27,130,0,0,31,7.0,17.0,A01,1,1,3,1,5.0,1977,2006,3,2.0,0,1.0,1.0,0,68,1.0,1.0
200600074439,12,18,2,1,1,1.0,1.0,13,40,0,0,7,6.0,21.0,A01,1,1,3,1,1.0,0,2006,2,2.0,2,0.0,1.0,0,85,1.0,3.0
201800012906,3,3,1,1,1,1.0,3.0,14,640,0,0,33,2.0,2.0,A01,1,1,3,1,5.0,1969,2018,3,2.0,2,1.0,1.0,0,0,1.0,1.0
201900057850,8,19,1,1,1,1.0,5.0,31395,31,0,0,7,1.0,5.0,A01,1,1,3,1,1.0,1962,2019,1,3.0,2,1.0,1.0,0,0,1.0,1.0
201700014856,6,2,3,1,1,1.0,1.0,344,720,0,0,7,1.0,1.0,A01,1,1,3,2,5.0,1990,2017,3,2.0,3,1.0,1.0,0,0,1.0,1.0
200700075319,12,29,5,1,1,9.0,6.0,218,380,0,0,7,7.0,0.0,A01,1,1,3,2,5.0,1988,2007,3,2.0,2,1.0,1.0,0,0,2.0,3.0
200600028763,5,16,1,2,2,1.0,3.0,66,860,0,0,30,8.0,21.0,B01,1,1,3,1,0.0,1992,2006,4,2.0,2,1.0,3.0,0,0,9.0,1.0
200800016215,3,1,1,1,1,1.0,3.0,284,380,0,0,7,8.0,1.0,A01,1,1,3,1,5.0,1989,2008,3,2.0,0,1.0,1.0,0,70,1.0,1.0
200500015044,3,12,5,2,1,1.0,3.0,522,330,0,0,7,1.0,1.0,A01,1,1,3,1,5.0,1983,2005,4,2.0,2,1.0,3.0,0,78,1.0,1.0
201200044827,5,26,5,2,1,1.0,7.0,46,930,0,0,33,4.0,0.0,A01,1,1,3,1,0.0,1986,2012,2,3.0,2,1.0,1.0,0,0,1.0,1.0
201800003203,7,30,1,2,1,1.0,3.0,214,580,0,0,1,3.0,1.0,B01,1,1,3,1,5.0,1950,2018,3,2.0,2,1.0,1.0,0,0,1.0,1.0
200600056461,9,23,1,1,1,1.0,3.0,307,770,0,0,1,8.0,15.0,B01,1,1,3,2,5.0,1977,2006,3,2.0,1,1.0,1.0,0,71,1.0,1.0
200900028324,9,9,1,1,1,1.0,7.0,100,40,0,0,33,0.0,0.0,A01,2,1,3,1,5.0,1960,2009,3,2.0,3,2.0,2.0,0,63,1.0,1.0
201100011473,8,16,5,2,1,1.0,1.0,4,130,0,0,7,1.0,1.0,B02,1,1,3,1,1.0,1977,2011,3,2.0,0,1.0,1.0,0,63,1.0,1.0
201100031605,6,29,1,2,1,1.0,6.0,109,440,0,0,33,1.0,17.0,A01,0,3,3,2,0.0,1954,2011,4,2.0,0,1.0,1.0,0,0,1.0,0.0
200700064033,10,19,1,2,2,1.0,3.0,272,590,0,0,2,8.0,1.0,B01,1,1,3,1,5.0,1992,2007,4,1.0,1,1.0,1.0,0,46,1.0,1.0
200700001935,1,21,5,2,4,1.0,7.0,102,130,0,0,7,1.0,1.0,A01,2,2,3,2,0.0,1986,2007,4,2.0,2,1.0,1.0,27,67,1.0,4.0
201500025538,7,5,1,2,3,1.0,3.0,233,370,0,0,32,1.0,17.0,A01,1,1,3,1,5.0,1990,2015,6,0.0,0,2.0,1.0,0,70,1.0,1.0
201200021573,9,13,1,2,2,1.0,3.0,661,600,0,0,7,3.0,15.0,A01,1,1,3,2,5.0,1988,2012,2,2.0,2,1.0,2.0,0,70,1.0,1.0
200900024131,5,19,1,2,2,1.0,6.0,300,170,0,0,7,1.0,1.0,A01,0,3,3,1,5.0,1994,2009,4,2.0,2,1.0,1.0,0,0,1.0,1.0
201200031957,6,2,5,2,1,2.0,6.0,183,590,0,0,7,1.0,1.0,A01,4,2,3,1,5.0,1986,2012,4,2.0,2,1.0,1.0,0,68,2.0,1.0
200700022324,4,20,1,2,1,1.0,3.0,526,590,0,0,7,8.0,10.0,A01,1,1,3,1,0.0,1951,2007,3,2.0,2,2.0,1.0,0,90,1.0,1.0
201900050736,7,14,1,1,1,1.0,7.0,4152,4,0,0,7,9.0,1.0,A01,1,1,3,1,1.0,1996,2019,3,2.0,2,3.0,3.0,0,0,1.0,8.0
200600020500,4,14,1,2,1,1.0,3.0,108,510,0,0,1,3.0,22.0,B01,1,1,3,2,1.0,1983,2006,4,2.0,2,1.0,1.0,0,78,1.0,1.0
201700037201,7,28,1,2,1,1.0,2.0,118,830,0,0,7,1.0,2.0,B01,0,3,3,2,5.0,1943,2017,3,2.0,2,1.0,1.0,0,46,1.0,1.0
201800001210,6,29,1,2,1,1.0,3.0,111,330,0,0,2,8.0,1.0,A01,1,1,3,1,5.0,1974,2018,3,2.0,2,1.0,1.0,0,0,1.0,1.0
200500011021,2,5,1,1,1,1.0,6.0,324,90,0,0,2,2.0,0.0,A01,1,1,3,1,1.0,1954,2005,3,2.0,2,1.0,1.0,0,0,1.0,1.0
200600054023,9,19,1,1,1,1.0,3.0,254,290,0,0,7,3.0,1.0,B01,1,1,3,1,1.0,1972,2006,3,2.0,2,1.0,3.0,0,0,1.0,1.0
201500019377,7,11,1,2,1,1.0,3.0,300,170,0,0,32,1.0,2.0,B01,1,1,3,1,5.0,1992,2015,4,2.0,4,1.0,1.0,0,0,1.0,1.0
201300001529,1,17,1,1,3,1.0,3.0,195,500,0,0,7,2.0,15.0,A01,1,1,3,2,5.0,1935,2013,3,2.0,2,1.0,1.0,0,63,1.0,1.0
200800062906,11,27,1,1,1,1.0,1.0,568,270,0,0,7,0.0,1.0,A01,1,1,3,2,0.0,1952,2008,3,2.0,2,1.0,2.0,0,60,1.0,1.0
201300027760,6,7,1,2,1,1.0,6.0,7,490,0,0,7,1.0,1.0,A01,0,3,3,2,2.0,1992,2013,4,2.0,3,1.0,1.0,0,98,1.0,1.0
201400007768,1,25,3,2,1,1.0,3.0,119,130,0,0,30,1.0,1.0,B02,1,1,3,1,0.0,1994,2014,3,0.0,1,2.0,1.0,0,0,0.0,1.0
201100043248,1,24,5,2,2,1.0,1.0,137,830,0,0,2,1.0,1.0,B01,1,1,3,1,5.0,1988,2011,3,2.0,2,1.0,1.0,0,60,1.0,1.0
200500055322,9,11,1,1,1,1.0,6.0,204,510,0,0,7,2.0,17.0,A01,3,2,3,1,0.0,1974,2005,3,2.0,2,1.0,1.0,0,64,1.0,3.0
201500039620,4,7,1,2,1,1.0,6.0,1,930,0,0,30,1.0,1.0,A01,0,3,3,1,0.0,1986,2015,4,1.0,1,1.0,1.0,0,0,1.0,1.0
200800000326,1,10,1,1,1,1.0,6.0,43,380,0,0,7,3.0,1.0,A01,1,1,3,1,5.0,1954,2008,3,2.0,2,1.0,1.0,0,45,1.0,1.0
201000013146,3,2,1,1,1,1.0,1.0,441,110,0,0,7,1.0,1.0,B02,4,2,3,2,0.0,1985,2010,3,2.0,2,1.0,1.0,0,63,1.0,1.0
201600023683,2,16,1,2,6,1.0,3.0,522,330,0,0,30,7.0,16.0,B01,1,1,3,2,1.0,1996,2016,4,3.0,2,1.0,1.0,0,0,1.0,1.0
200500054553,9,22,1,1,1,1.0,1.0,534,240,0,0,2,4.0,15.0,B02,1,1,3,1,1.0,1988,2005,3,2.0,2,1.0,1.0,72,0,1.0,1.0
200500038907,6,5,2,1,1,8.0,5.0,271,630,0,0,7,1.0,1.0,B02,1,1,3,1,9.0,1959,2005,3,2.0,0,2.0,1.0,0,70,1.0,1.0
201800012209,3,3,1,1,1,1.0,7.0,118,530,0,0,31,0.0,1.0,A01,2,2,3,1,5.0,1999,2018,3,2.0,2,1.0,2.0,0,0,1.0,3.0
200900030848,8,12,1,2,2,1.0,3.0,39,330,0,0,1,1.0,1.0,A01,1,1,3,1,0.0,1999,2009,4,2.0,3,1.0,1.0,0,0,1.0,1.0