num_acc,mois,jour,lum,agg,int,atm,col,com,dep,hr,mn,catv,choc,manv,num_veh,place,catu,grav,sexe,trajet,an_nais,annee,catr,circ,nbv,prof,plan,lartpc,larrout,surf,situ
201400020130,10,26,3,1,3,1.0,3.0,185,220,0,0,7,8.0,15.0,B02,1,1,3,2,1.0,1980,2014,3,2.0,2,2.0,1.0,0,71,1.0,1.0
200800018209,4,24,5,1,1,1.0,3.0,179,850,0,0,7,2.0,19.0,A01,1,1,3,2,1.0,1977,2008,3,2.0,2,1.0,1.0,0,67,1.0,1.0
200600062556,10,26,3,1,1,1.0,7.0,215,620,0,0,2,1.0,1.0,A01,1,1,3,1,9.0,1959,2006,4,2.0,3,1.0,1.0,0,120,1.0,5.0
201800004269,12,8,1,2,1,1.0,6.0,17,660,0,0,1,0.0,0.0,A01,1,1,3,1,5.0,1961,2018,4,2.0,2,1.0,1.0,0,0,1.0,1.0
200600060012,10,3,1,1,1,1.0,2.0,91,270,0,0,7,4.0,2.0,B02,2,2,3,2,0.0,1950,2006,1,1.0,3,1.0,1.0,10,130,2.0,1.0
201000007589,5,16,2,1,1,1.0,7.0,317,260,0,0,7,1.0,1.0,A01,1,1,3,1,5.0,1977,2010,3,2.0,2,1.0,2.0,0,0,1.0,1.0
201500013888,4,18,1,2,3,1.0,1.0,55,130,0,0,2,0.0,0.0,B01,1,1,3,1,0.0,1998,2015,4,2.0,2,1.0,1.0,0,74,1.0,1.0
200700004555,1,18,1,2,1,1.0,6.0,16,750,0,0,7,1.0,1.0,A01,0,3,3,1,5.0,1955,2007,4,2.0,4,1.0,1.0,0,120,1.0,1.0
200600058381,10,26,1,1,1,1.0,1.0,322,270,0,0,7,9.0,17.0,A01,1,1,3,1,1.0,1976,2006,3,2.0,1,0.0,1.0,0,0,1.0,1.0
201800052400,4,20,5,2,2,1.0,6.0,113,750,0,0,34,1.0,13.0,A01,1,1,3,1,0.0,1984,2018,4,1.0,2,2.0,1.0,0,0,1.0,1.0
200700078404,12,4,1,2,2,1.0,7.0,512,590,0,0,7,2.0,16.0,A01,1,1,3,2,9.0,1967,2007,4,2.0,2,1.0,1.0,0,0,1.0,1.0
201200001348,8,26,1,1,1,1.0,3.0,78,560,0,0,1,1.0,1.0,B02,1,1,3,1,5.0,1962,2012,4,2.0,0,1.0,1.0,0,50,1.0,1.0
201000007928,3,2,5,2,1,1.0,3.0,401,380,0,0,33,1.0,1.0,B02,1,1,3,1,1.0,1973,2010,9,2.0,2,1.0,1.0,0,70,1.0,1.0
201500009404,1,9,1,1,1,8.0,6.0,156,450,0,0,7,9.0,1.0,A01,1,1,3,2,5.0,1985,2015,3,2.0,2,1.0,3.0,0,57,2.0,3.0
201200021456,4,1,3,1,1,1.0,1.0,103,440,0,0,7,1.0,1.0,B02,2,2,3,1,0.0,1986,2012,2,3.0,4,2.0,1.0,42,210,1.0,1.0
200500081851,12,1,5,1,1,8.0,6.0,119,620,0,0,7,1.0,5.0,C01,3,2,3,2,0.0,1983,2005,2,2.0,3,1.0,1.0,0,103,2.0,1.0
200600051538,9,3,1,1,1,1.0,3.0,236,690,0,0,33,1.0,1.0,B02,2,2,3,1,0.0,1986,2006,3,2.0,2,1.0,1.0,0,63,1.0,1.0
200500038737,6,8,1,2,1,1.0,3.0,314,380,0,0,5,1.0,1.0,B02,1,1,3,1,5.0,1972,2005,3,2.0,2,1.0,1.0,0,70,1.0,1.0
201700030169,12,22,1,2,1,2.0,6.0,454,510,0,0,7,2.0,0.0,A01,0,3,3,2,0.0,1999,2017,4,1.0,0,0.0,0.0,0,0,2.0,1.0
201400042408,4,28,1,2,1,1.0,6.0,6,930,0,0,7,1.0,1.0,A01,0,3,3,1,5.0,2004,2014,9,2.0,2,1.0,1.0,0,0,1.0,1.0
201000001816,6,4,3,2,4,1.0,7.0,55,220,0,0,7,1.0,5.0,A01,4,2,3,2,5.0,1992,2010,4,2.0,2,1.0,1.0,0,0,1.0,1.0
201400025459,6,3,1,1,1,1.0,1.0,301,340,0,0,32,1.0,0.0,A01,1,1,3,2,5.0,1995,2014,4,2.0,2,1.0,1.0,0,0,1.0,1.0
201200009921,10,12,3,1,1,2.0,6.0,23,280,0,0,7,7.0,1.0,A01,4,2,3,1,0.0,1992,2012,3,2.0,2,2.0,3.0,0,63,2.0,3.0
201600042340,10,29,5,2,1,1.0,7.0,79,940,0,0,33,2.0,0.0,A01,5,2,3,1,1.0,1977,2016,4,2.0,2,1.0,1.0,0,54,1.0,1.0
201600042192,11,13,1,2,1,2.0,2.0,17,940,0,0,30,1.0,2.0,A01,1,1,3,1,5.0,1980,2016,4,2.0,2,1.0,1.0,0,0,2.0,1.0
200600051761,9,17,1,1,1,2.0,7.0,94,740,0,0,33,1.0,1.0,A01,1,1,3,1,5.0,1967,2006,3,2.0,2,1.0,2.0,0,70,2.0,1.0
200500026560,5,4,1,1,1,1.0,1.0,46,950,0,0,7,1.0,1.0,B02,1,1,3,2,0.0,1963,2005,2,0.0,3,1.0,1.0,0,135,1.0,1.0
201000001757,7,11,1,2,1,1.0,3.0,287,350,0,0,33,1.0,17.0,B02,1,1,3,1,5.0,1953,2010,3,2.0,2,1.0,1.0,0,70,1.0,1.0
200800028744,5,26,1,2,1,9.0,3.0,318,210,0,0,7,3.0,1.0,B02,1,1,3,2,1.0,1984,2008,3,3.0,0,4.0,1.0,0,88,2.0,1.0
201300044942,6,10,1,2,1,1.0,2.0,219,950,0,0,7,1.0,1.0,A01,1,1,3,2,1.0,1975,2013,3,2.0,2,2.0,1.0,0,0,1.0,1.0
201600048912,9,23,1,1,1,1.0,3.0,603,590,0,0,33,5.0,3.0,A01,1,1,3,1,1.0,1953,2016,1,3.0,4,1.0,1.0,20,140,1.0,1.0
201400018289,7,28,1,1,1,2.0,2.0,43,390,0,0,7,3.0,2.0,A01,2,2,3,2,0.0,1956,2014,3,2.0,2,2.0,1.0,0,77,2.0,1.0
200800064165,11,8,5,2,1,1.0,3.0,136,660,0,0,30,6.0,1.0,B01,5,2,3,1,0.0,1995,2008,4,2.0,3,1.0,1.0,0,83,1.0,1.0
200700075126,12,9,1,1,1,8.0,6.0,106,870,0,0,10,2.0,1.0,A01,2,2,3,2,0.0,1979,2007,3,2.0,2,0.0,1.0,0,0,2.0,3.0
201000031795,8,12,3,1,1,1.0,6.0,122,370,0,0,7,2.0,1.0,A01,1,1,3,1,1.0,1982,2010,3,3.0,2,1.0,1.0,10,100,1.0,1.0
200600031800,6,2,1,1,1,1.0,1.0,93,202,0,0,7,2.0,1.0,A01,1,1,3,1,5.0,1975,2006,2,2.0,2,1.0,1.0,0,82,1.0,1.0
201800003385,12,17,2,1,1,1.0,5.0,125,700,0,0,7,3.0,1.0,A01,1,1,3,1,1.0,1976,2018,3,2.0,2,1.0,1.0,0,0,1.0,1.0
201400020111,2,25,3,1,2,8.0,3.0,291,500,0,0,7,8.0,1.0,A01,2,2,3,1,0.0,1941,2014,3,2.0,2,3.0,1.0,0,0,2.0,1.0
200900068184,10,14,2,2,1,1.0,3.0,104,60,0,0,33,1.0,1.0,B01,1,1,2,1,0.0,1985,2009,3,2.0,2,4.0,1.0,0,90,1.0,1.0
200900041267,11,2,1,1,1,8.0,6.0,137,710,0,0,7,2.0,1.0,A01,0,3,2,2,5.0,1913,2009,4,2.0,1,2.0,1.0,0,47,2.0,1.0
201000004805,1,29,3,1,1,1.0,6.0,246,470,0,0,7,2.0,14.0,A01,0,3,2,2,2.0,1999,2010,3,2.0,1,1.0,1.0,0,108,2.0,3.0
201800020810,1,26,4,1,1,1.0,6.0,187,220,0,0,7,3.0,13.0,A01,1,1,2,2,5.0,1935,2018,4,2.0,2,2.0,1.0,25,70,1.0,4.0
200500072088,11,12,1,1,1,8.0,4.0,39,530,0,0,7,1.0,0.0,B02,1,1,2,2,3.0,1957,2005,3,2.0,2,1.0,3.0,0,61,2.0,1.0
201300007113,1,23,3,2,1,1.0,7.0,464,890,0,0,7,1.0,1.0,A01,1,1,2,1,9.0,1969,2013,3,2.0,2,2.0,1.0,0,61,1.0,1.0
200600072839,11,15,1,2,1,1.0,6.0,397,110,0,0,7,3.0,1.0,A01,2,2,2,2,0.0,1913,2006,2,2.0,2,2.0,2.0,0,76,1.0,1.0
201300038697,2,11,5,2,1,1.0,6.0,12,920,0,0,32,1.0,13.0,A01,1,1,2,1,0.0,1969,2013,3,2.0,4,1.0,1.0,0,0,1.0,1.0
201300031347,1,7,1,2,1,1.0,6.0,498,620,0,0,33,1.0,2.0,B01,1,1,2,1,0.0,1991,2013,4,2.0,2,0.0,3.0,0,69,1.0,1.0
200600025933,5,30,1,1,1,6.0,1.0,108,130,0,0,7,3.0,1.0,B01,1,1,2,2,0.0,1932,2006,2,2.0,2,1.0,1.0,0,0,1.0,1.0
201600000239,3,7,1,1,1,8.0,6.0,338,620,0,0,7,1.0,1.0,A01,2,2,2,2,0.0,1997,2016,3,2.0,2,1.0,3.0,0,60,2.0,3.0
201800034893,12,1,5,2,9,3.0,6.0,191,790,0,0,7,3.0,15.0,A01,0,3,2,1,3.0,1935,2018,6,0.0,0,1.0,1.0,0,0,2.0,1.0
201300009549,2,13,1,1,1,1.0,7.0,7,280,0,0,7,1.0,1.0,A01,1,1,2,2,9.0,1944,2013,3,2.0,0,1.0,1.0,0,49,1.0,1.0
200600030070,6,19,1,1,1,1.0,3.0,288,800,0,0,7,8.0,15.0,A01,1,1,2,1,5.0,1954,2006,2,3.0,2,1.0,1.0,34,41,1.0,1.0
201700015429,7,15,1,1,1,7.0,6.0,227,700,0,0,10,3.0,13.0,A01,1,1,2,1,5.0,1961,2017,3,2.0,2,1.0,3.0,0,35,1.0,3.0
200800069901,12,9,1,1,1,2.0,1.0,91,130,0,0,7,1.0,1.0,B02,2,2,2,1,0.0,1910,2008,3,2.0,2,2.0,4.0,0,62,2.0,1.0
201400017921,3,15,3,1,1,1.0,7.0,533,700,0,0,7,9.0,1.0,A01,1,1,2,1,5.0,1989,2014,3,2.0,0,1.0,1.0,0,40,1.0,3.0
201800012195,9,15,2,1,1,5.0,7.0,8,530,0,0,7,0.0,13.0,A01,1,1,2,1,5.0,1998,2018,3,2.0,2,2.0,1.0,0,0,1.0,3.0
200700000207,1,1,2,1,1,1.0,6.0,256,220,0,0,7,7.0,1.0,A01,5,2,2,2,0.0,1990,2007,3,2.0,1,4.0,2.0,0,58,2.0,3.0
200500078491,12,7,3,1,1,8.0,6.0,44,10,0,0,7,8.0,1.0,A01,1,1,2,2,5.0,1986,2005,3,2.0,0,2.0,2.0,0,0,2.0,3.0
200600051648,9,24,3,1,1,1.0,7.0,405,380,0,0,7,8.0,0.0,A01,1,1,2,1,5.0,1981,2006,3,2.0,2,1.0,1.0,0,65,1.0,3.0
200700080095,12,24,5,2,1,1.0,6.0,4,201,0,0,33,1.0,1.0,A01,0,3,2,1,4.0,1944,2007,4,3.0,1,1.0,1.0,29,60,2.0,1.0
201900007345,7,7,2,1,2,1.0,3.0,12057,12,0,0,33,1.0,1.0,B01,1,1,2,1,5.0,1959,2019,3,2.0,2,1.0,1.0,0,0,1.0,1.0
201900052772,5,25,2,2,1,2.0,6.0,1267,1,0,0,7,7.0,1.0,A01,2,2,2,1,5.0,2000,2019,3,2.0,2,1.0,2.0,0,0,2.0,3.0
201000015071,5,15,3,1,1,1.0,6.0,137,410,0,0,7,2.0,13.0,A01,4,2,2,1,5.0,1990,2010,3,0.0,2,2.0,3.0,0,65,1.0,0.0
201000014011,4,5,1,2,2,1.0,1.0,321,780,0,0,33,1.0,13.0,A01,1,1,2,1,5.0,1980,2010,3,2.0,0,1.0,0.0,0,0,1.0,1.0
201400050887,10,29,3,1,1,1.0,6.0,29,690,0,0,7,1.0,1.0,A01,0,3,2,1,9.0,1960,2014,1,3.0,3,1.0,1.0,20,105,1.0,1.0
201700004986,11,29,3,1,1,9.0,1.0,615,780,0,0,7,1.0,5.0,A01,1,1,2,1,0.0,1936,2017,3,2.0,2,1.0,1.0,0,85,2.0,3.0
201800001497,8,19,2,1,1,1.0,6.0,417,310,0,0,7,1.0,0.0,A01,1,1,2,1,5.0,1999,2018,2,3.0,4,4.0,1.0,0,0,1.0,3.0
201500033826,1,27,1,2,1,1.0,2.0,540,760,0,0,1,0.0,0.0,B01,1,1,2,1,0.0,1951,2015,4,1.0,1,1.0,1.0,0,44,1.0,1.0
200800056589,10,15,1,1,1,1.0,2.0,270,340,0,0,14,1.0,1.0,A01,1,1,2,1,4.0,1957,2008,1,1.0,6,1.0,1.0,0,0,1.0,1.0
200700084137,11,18,3,1,1,1.0,1.0,118,971,0,0,7,3.0,1.0,A01,1,1,2,1,5.0,1944,2007,3,2.0,2,2.0,1.0,0,54,1.0,1.0
200700029105,5,1,1,2,2,1.0,3.0,724,620,0,0,2,3.0,0.0,A01,1,1,2,1,5.0,1965,2007,4,2.0,2,1.0,1.0,0,60,1.0,1.0
200500022459,4,25,1,1,1,1.0,6.0,90,780,0,0,18,2.0,14.0,A01,8,2,2,2,0.0,1946,2005,1,1.0,3,1.0,2.0,0,121,1.0,1.0
201300018004,2,17,1,1,1,1.0,2.0,179,350,0,0,7,4.0,23.0,A01,1,1,2,1,5.0,1934,2013,3,3.0,4,0.0,1.0,10,140,1.0,1.0
201900003221,10,15,1,1,1,1.0,6.0,59111,59,0,0,7,3.0,1.0,A01,1,1,2,1,1.0,1949,2019,3,2.0,2,1.0,1.0,0,0,1.0,3.0
200900012249,6,7,2,1,1,1.0,6.0,109,370,0,0,7,3.0,1.0,A01,1,1,2,1,5.0,1985,2009,3,2.0,2,1.0,1.0,0,69,2.0,3.0
200600082427,8,3,1,2,1,1.0,6.0,107,971,0,0,7,2.0,1.0,A01,0,3,2,1,5.0,1942,2006,4,2.0,2,1.0,1.0,0,60,1.0,1.0
200800030817,6,17,1,1,1,3.0,1.0,281,300,0,0,7,1.0,13.0,A01,1,1,2,2,9.0,1943,2008,3,2.0,2,1.0,3.0,0,48,2.0,1.0
201300008817,12,26,1,1,1,4.0,1.0,167,660,0,0,7,7.0,13.0,A01,1,1,2,2,5.0,1932,2013,3,2.0,2,0.0,2.0,0,72,5.0,1.0
201700000213,6,21,1,1,6,1.0,3.0,182,800,0,0,1,7.0,19.0,B01,1,1,2,1,5.0,1947,2017,3,2.0,2,1.0,0.0,6,15,1.0,0.0
200800056422,10,16,1,1,1,2.0,1.0,432,770,0,0,7,1.0,1.0,B02,1,1,2,1,5.0,1957,2008,3,2.0,2,2.0,1.0,0,58,2.0,1.0
200800055662,10,6,1,1,1,1.0,6.0,195,10,0,0,10,3.0,13.0,A01,1,1,2,1,4.0,1958,2008,3,2.0,0,0.0,1.0,0,67,1.0,1.0
200800040702,7,5,3,1,1,1.0,6.0,69,830,0,0,7,1.0,17.0,A01,1,1,2,1,5.0,1982,2008,4,2.0,2,1.0,1.0,0,36,1.0,3.0
201800018016,2,13,2,1,1,2.0,5.0,463,800,0,0,10,3.0,1.0,C01,1,1,2,1,1.0,1953,2018,3,2.0,2,1.0,1.0,0,0,2.0,1.0
201100000476,12,18,1,1,1,1.0,7.0,650,800,0,0,7,8.0,14.0,A01,1,1,2,2,1.0,1985,2011,3,0.0,2,1.0,1.0,0,68,7.0,3.0
201400059005,8,3,3,1,1,1.0,6.0,9,972,0,0,31,1.0,1.0,A01,2,2,2,1,5.0,1999,2014,1,3.0,6,2.0,1.0,0,0,1.0,1.0
201700015437,3,28,1,1,1,1.0,6.0,64,700,0,0,7,2.0,2.0,A01,0,3,2,1,5.0,1938,2017,2,3.0,4,1.0,1.0,0,76,1.0,2.0
201700014494,5,27,2,1,1,1.0,6.0,267,500,0,0,7,9.0,1.0,A01,1,1,2,1,5.0,1949,2017,3,2.0,2,1.0,2.0,63,0,1.0,3.0
200800037752,7,5,3,1,1,1.0,7.0,171,370,0,0,7,4.0,1.0,A01,3,2,2,1,0.0,1986,2008,3,2.0,2,1.0,2.0,0,70,1.0,3.0
201300017692,8,31,1,1,1,1.0,6.0,147,660,0,0,33,1.0,1.0,A01,1,1,2,1,5.0,1980,2013,2,2.0,2,1.0,2.0,0,0,1.0,1.0
200700032191,6,24,3,1,1,2.0,1.0,197,220,0,0,7,1.0,5.0,A01,2,2,2,1,0.0,1947,2007,2,2.0,2,1.0,3.0,0,72,2.0,1.0
201900008643,6,2,5,1,1,1.0,6.0,6113,6,0,0,7,9.0,26.0,B01,1,1,2,1,5.0,1978,2019,1,3.0,2,1.0,1.0,0,0,1.0,1.0
201800035860,3,2,3,1,1,1.0,1.0,158,860,0,0,7,1.0,1.0,B01,1,1,2,1,5.0,1985,2018,3,2.0,2,1.0,3.0,0,72,1.0,1.0
201200002299,1,6,5,2,1,1.0,6.0,264,720,0,0,7,7.0,6.0,A01,2,2,2,1,0.0,1983,2012,3,3.0,0,1.0,1.0,10,140,1.0,4.0
201400013785,1,27,1,2,1,1.0,6.0,63,130,0,0,10,5.0,4.0,A01,0,3,2,2,0.0,1947,2014,4,1.0,1,1.0,1.0,0,60,1.0,1.0
200900063966,11,3,1,2,2,1.0,3.0,106,110,0,0,7,3.0,1.0,A01,1,1,2,1,5.0,1937,2009,3,2.0,2,3.0,1.0,0,60,1.0,1.0
200700075980,12,21,3,1,1,9.0,7.0,251,180,0,0,7,1.0,0.0,A01,1,1,2,2,5.0,1957,2007,4,2.0,0,2.0,1.0,0,34,7.0,1.0
201000018943,3,2,1,2,1,1.0,6.0,387,100,0,0,7,1.0,1.0,A01,0,3,2,1,0.0,1980,2010,3,1.0,2,1.0,2.0,0,100,1.0,1.0
201400001659,3,16,3,1,1,1.0,7.0,443,610,0,0,7,3.0,1.0,A01,1,1,2,1,5.0,1956,2014,3,2.0,2,2.0,3.0,0,45,1.0,3.0
201700001302,5,17,1,2,9,1.0,6.0,227,330,0,0,7,4.0,4.0,A01,0,3,2,2,9.0,1932,2017,6,0.0,0,1.0,0.0,0,10,1.0,1.0
201200022124,1,14,2,2,1,9.0,1.0,56,250,0,0,7,7.0,1.0,A01,1,1,2,2,1.0,1985,2012,4,2.0,4,2.0,3.0,0,0,7.0,1.0
200500012025,2,9,3,1,1,1.0,6.0,510,950,0,0,7,2.0,1.0,A01,0,3,2,2,9.0,1960,2005,2,1.0,0,4.0,1.0,12,80,1.0,1.0
201700019566,1,26,3,1,1,1.0,7.0,313,800,0,0,7,0.0,0.0,A01,1,1,2,1,5.0,1987,2017,3,2.0,2,1.0,1.0,1,61,7.0,1.0
200800063444,11,7,1,1,1,1.0,7.0,179,660,0,0,7,1.0,1.0,A01,1,1,2,1,5.0,1924,2008,3,2.0,2,2.0,2.0,0,51,1.0,0.0
201600020471,10,31,3,1,1,1.0,2.0,99,480,0,0,7,4.0,24.0,A01,1,1,2,2,2.0,1994,2016,1,3.0,4,4.0,1.0,0,0,1.0,1.0
200600023966,5,31,1,1,1,1.0,1.0,53,460,0,0,7,2.0,13.0,A01,3,2,2,2,0.0,1931,2006,3,2.0,0,0.0,3.0,0,77,1.0,1.0
201400038141,4,18,3,1,1,1.0,2.0,339,910,0,0,30,4.0,2.0,B01,1,1,2,1,1.0,1955,2014,2,3.0,4,1.0,1.0,5,25,1.0,1.0
201500040359,1,6,5,2,1,1.0,7.0,29,930,0,0,2,7.0,1.0,A01,1,1,2,1,0.0,1981,2015,4,1.0,2,1.0,1.0,0,0,1.0,1.0
200900025734,7,6,1,2,1,1.0,7.0,555,310,0,0,37,0.0,23.0,A01,8,2,2,1,5.0,1936,2009,4,2.0,2,1.0,1.0,0,105,1.0,1.0
201200006455,12,13,3,1,1,1.0,7.0,89,550,0,0,7,1.0,1.0,A01,1,1,2,2,4.0,1988,2012,3,2.0,2,2.0,1.0,0,70,1.0,1.0
201300005069,2,11,1,1,1,1.0,1.0,285,420,0,0,7,1.0,5.0,A01,2,2,2,2,0.0,1928,2013,3,2.0,2,1.0,1.0,70,70,2.0,1.0
200800006878,2,22,5,2,1,5.0,6.0,151,830,0,0,7,1.0,1.0,A01,3,2,2,1,0.0,1985,2008,4,2.0,2,1.0,2.0,0,52,2.0,1.0
201800017678,10,4,5,2,1,1.0,7.0,24,320,0,0,7,0.0,1.0,A01,1,1,2,1,5.0,1960,2018,3,2.0,2,1.0,1.0,0,0,1.0,1.0
200500074271,11,25,1,2,1,7.0,6.0,234,590,0,0,7,2.0,1.0,A01,0,3,2,1,3.0,1926,2005,4,2.0,2,1.0,2.0,0,79,1.0,1.0
201600009137,1,12,1,2,1,1.0,6.0,37,660,0,0,7,0.0,1.0,A01,0,3,2,2,0.0,1930,2016,4,0.0,0,0.0,0.0,0,92,0.0,0.0
201900057293,1,2,3,1,1,1.0,1.0,83065,83,0,0,7,2.0,26.0,A01,1,1,2,1,1.0,1999,2019,3,2.0,2,1.0,1.0,0,0,1.0,1.0
200800015852,3,25,3,1,1,1.0,1.0,23,490,0,0,7,3.0,13.0,A01,1,1,2,2,5.0,1967,2008,3,0.0,3,3.0,2.0,0,145,2.0,1.0
201000025965,5,31,1,1,1,1.0,5.0,312,240,0,0,7,3.0,13.0,A01,1,1,2,1,9.0,1928,2010,2,2.0,2,2.0,2.0,0,74,1.0,1.0
200500013224,3,9,1,1,3,8.0,1.0,142,100,0,0,7,8.0,15.0,B02,1,1,2,1,1.0,1979,2005,2,2.0,2,4.0,1.0,0,75,1.0,3.0
201800017862,10,5,3,1,1,1.0,6.0,348,330,0,0,7,1.0,20.0,A01,1,1,2,1,5.0,1953,2018,4,2.0,2,1.0,1.0,0,0,1.0,3.0
201000026163,9,3,1,2,1,1.0,3.0,217,740,0,0,32,1.0,16.0,B02,1,1,2,1,0.0,1927,2010,3,2.0,0,0.0,2.0,0,0,1.0,1.0
201200019213,7,23,1,1,1,1.0,1.0,178,340,0,0,7,1.0,1.0,B02,1,1,2,1,5.0,1954,2012,3,2.0,0,1.0,1.0,0,60,1.0,1.0
201800007061,11,9,3,1,1,1.0,6.0,135,910,0,0,7,7.0,13.0,A01,2,2,2,1,5.0,1999,2018,4,2.0,2,4.0,2.0,0,0,1.0,3.0
200900039379,11,19,2,1,1,1.0,7.0,540,600,0,0,7,1.0,1.0,A01,1,1,2,1,1.0,1965,2009,3,3.0,4,1.0,1.0,11,144,1.0,3.0
200700033898,6,9,1,1,1,1.0,6.0,67,60,0,0,7,3.0,21.0,A01,2,2,2,2,0.0,1919,2007,1,3.0,2,2.0,1.0,0,0,1.0,1.0
201100025341,11,2,1,1,1,2.0,3.0,209,10,0,0,7,7.0,1.0,A01,1,1,2,1,2.0,1993,2011,3,2.0,2,2.0,3.0,0,0,2.0,1.0
200700076024,12,1,3,1,1,3.0,7.0,272,410,0,0,7,1.0,17.0,A01,1,1,2,1,5.0,1971,2007,3,2.0,2,1.0,2.0,0,60,2.0,3.0
201500004868,7,19,1,1,3,1.0,7.0,324,380,0,0,33,1.0,1.0,A01,1,1,2,1,9.0,1973,2015,3,2.0,2,0.0,1.0,0,55,1.0,3.0
200800048783,9,28,3,1,1,5.0,3.0,199,760,0,0,7,3.0,1.0,B02,1,1,2,1,5.0,1932,2008,3,2.0,2,1.0,1.0,0,60,1.0,1.0
201000010575,9,30,1,1,1,2.0,3.0,248,520,0,0,7,7.0,13.0,B02,1,1,2,2,1.0,1965,2010,3,2.0,2,4.0,1.0,0,74,2.0,1.0
201700008800,7,2,3,1,1,1.0,6.0,47,130,0,0,7,3.0,13.0,A01,0,3,2,2,5.0,1981,2017,3,2.0,2,1.0,1.0,0,36,1.0,1.0
201300006613,10,20,1,1,1,8.0,1.0,78,80,0,0,7,7.0,1.0,A01,1,1,2,1,5.0,1990,2013,3,2.0,0,1.0,1.0,0,56,2.0,1.0
201300009615,6,15,1,1,1,1.0,6.0,94,360,0,0,7,1.0,14.0,A01,1,1,2,2,5.0,1944,2013,3,2.0,2,2.0,2.0,50,0,1.0,3.0
201000032275,7,1,1,2,1,7.0,7.0,198,390,0,0,7,9.0,1.0,A01,1,1,2,2,3.0,1981,2010,4,2.0,1,2.0,3.0,0,0,1.0,3.0
200800016536,3,8,3,1,1,2.0,7.0,262,250,0,0,7,7.0,1.0,A01,4,2,2,1,0.0,1976,2008,3,3.0,4,2.0,2.0,0,84,2.0,3.0
200600015475,3,19,1,1,1,1.0,7.0,318,600,0,0,7,1.0,1.0,A01,1,1,2,1,9.0,1987,2006,3,3.0,2,1.0,1.0,0,0,1.0,1.0
200700060677,10,18,1,1,1,1.0,1.0,213,260,0,0,7,1.0,1.0,A01,2,2,2,1,0.0,1927,2007,3,2.0,2,4.0,3.0,0,45,1.0,1.0
201800012412,8,14,1,2,1,1.0,6.0,167,160,0,0,10,3.0,13.0,A01,1,1,2,1,3.0,1929,2018,4,2.0,2,1.0,1.0,0,60,1.0,4.0
201000014505,7,6,1,2,1,1.0,5.0,85,450,0,0,30,4.0,1.0,B02,1,1,2,1,3.0,1954,2010,3,2.0,2,2.0,1.0,0,50,1.0,1.0
201400032610,9,10,1,2,1,1.0,6.0,445,640,0,0,7,1.0,1.0,A01,0,3,2,2,3.0,1943,2014,4,2.0,2,1.0,1.0,0,64,1.0,1.0
200900028856,7,27,1,2,1,1.0,6.0,176,740,0,0,1,2.0,1.0,A01,0,3,2,2,3.0,1923,2009,3,2.0,2,4.0,3.0,0,52,1.0,1.0
201800028864,12,1,3,1,1,8.0,6.0,98,560,0,0,33,8.0,13.0,A01,1,1,2,1,5.0,1965,2018,2,3.0,4,1.0,1.0,0,0,1.0,1.0
201100007045,8,17,1,1,1,1.0,3.0,156,10,0,0,1,8.0,19.0,B02,1,1,2,1,5.0,1934,2011,3,2.0,2,1.0,1.0,0,60,1.0,1.0
200500063135,10,13,1,1,1,1.0,1.0,336,170,0,0,5,1.0,1.0,A01,1,1,2,1,9.0,1981,2005,2,2.0,0,1.0,1.0,0,70,1.0,1.0
201400002365,10,24,1,1,1,1.0,6.0,70,850,0,0,7,2.0,14.0,A01,1,1,2,2,5.0,1935,2014,3,2.0,2,1.0,1.0,0,60,1.0,1.0
201800010826,8,25,1,1,1,8.0,1.0,75,480,0,0,33,1.0,1.0,B01,1,1,2,1,5.0,1973,2018,3,2.0,2,1.0,1.0,0,0,1.0,1.0
201100012011,7,13,1,1,1,2.0,1.0,106,830,0,0,7,3.0,1.0,B02,1,1,2,1,5.0,1947,2011,3,2.0,2,2.0,3.0,0,92,2.0,1.0
200900058552,12,11,3,1,1,1.0,6.0,74,30,0,0,7,1.0,1.0,A01,1,1,2,1,5.0,1979,2009,4,2.0,2,1.0,1.0,0,34,1.0,3.0
200900049785,12,13,3,1,1,1.0,1.0,49,590,0,0,7,1.0,1.0,B02,1,1,2,2,5.0,1952,2009,3,2.0,2,2.0,1.0,0,76,1.0,1.0
201600057967,3,21,1,1,1,1.0,6.0,103,971,0,0,30,8.0,2.0,A01,2,2,2,2,0.0,1999,2016,3,2.0,2,0.0,1.0,0,46,1.0,3.0
201000045098,2,15,1,1,1,1.0,7.0,69,830,0,0,7,3.0,1.0,A01,1,1,2,1,5.0,1933,2010,3,3.0,4,1.0,1.0,0,0,1.0,1.0
200500025094,5,27,3,1,1,1.0,1.0,129,490,0,0,5,8.0,0.0,A01,1,1,2,1,5.0,1964,2005,3,2.0,2,1.0,1.0,0,0,1.0,1.0
201300018172,12,6,5,2,1,9.0,1.0,12,150,0,0,7,8.0,17.0,A01,1,1,2,1,5.0,1993,2013,3,2.0,2,1.0,3.0,0,70,2.0,1.0
201000009568,10,9,2,1,1,1.0,6.0,369,550,0,0,7,9.0,17.0,A01,1,1,2,1,5.0,1963,2010,3,2.0,2,1.0,1.0,0,71,1.0,1.0